Date,Div,Time,HomeTeam,AwayTeam,FTR,HTR,Season,Last5AwayOver2.5Perc,Last5HomeOver2.5Perc,HST,Last5AwayOver2.5Count,Last5HomeOver2.5Count,AST,AwayOver2.5Perc,HomeOver2.5Perc,AvgLast5HomeGoalsScored,AvgLast5AwayGoalsScored,AvgLast5AwayGoalsConceded,B365CAHH,AvgLast5HomeGoalsConceded,MaxC>2.5,AvgAwayGoalsScored,AvgHomeGoalsScored,HC,Over2.5
2022-08-13,D1,14:30,Leverkusen,Augsburg,A,D,2022/2023,100.0,100.0,10,1.0,1.0,4,70.59,70.59,1.0,2.0,1.0,2.04,2.0,1.45,1.53,2.06,7,1
2022-08-27,D1,14:30,Hoffenheim,Augsburg,H,H,2022/2023,50.0,50.0,6,1.0,1.0,1,70.59,70.59,2.0,1.0,1.0,1.85,1.0,1.47,1.53,1.65,4,0
2022-09-09,D1,19:30,Werder Bremen,Augsburg,A,D,2022/2023,33.33,66.67,6,1.0,2.0,5,70.59,70.59,1.67,1.0,0.67,2.02,2.33,1.61,1.53,1.53,3,0
2022-10-02,D1,16:30,Schalke 04,Augsburg,A,A,2022/2023,50.0,100.0,5,2.0,4.0,5,70.59,70.59,2.0,1.5,1.0,1.88,3.0,1.85,1.53,1.35,8,1
2022-10-16,D1,14:30,FC Koln,Augsburg,H,A,2022/2023,60.0,60.0,6,3.0,3.0,3,70.59,47.06,1.8,1.6,1.4,2.0,1.2,1.66,1.53,1.65,5,1
2022-10-29,D1,14:30,Stuttgart,Augsburg,H,D,2022/2023,60.0,60.0,8,3.0,3.0,6,70.59,47.06,1.6,1.4,1.6,1.89,1.4,1.61,1.53,1.35,10,1
2022-11-09,D1,19:30,Union Berlin,Augsburg,D,D,2022/2023,80.0,40.0,6,4.0,2.0,2,70.59,47.06,1.8,1.8,1.8,2.0,0.8,2.14,1.53,1.76,6,1
2023-01-22,D1,14:30,Dortmund,Augsburg,H,D,2022/2023,100.0,80.0,10,5.0,4.0,4,70.59,82.35,3.0,2.2,2.6,1.9,1.0,1.43,1.53,3.24,7,1
2023-01-28,D1,14:30,Freiburg,Augsburg,H,H,2022/2023,100.0,40.0,9,5.0,2.0,4,70.59,41.18,2.4,1.8,2.8,1.86,0.6,1.92,1.53,1.65,3,1
2023-02-11,D1,14:30,Mainz,Augsburg,H,H,2022/2023,100.0,80.0,7,5.0,4.0,3,70.59,64.71,2.0,1.6,2.8,2.08,1.8,1.78,1.53,1.82,4,1
2023-02-25,D1,14:30,Hertha,Augsburg,H,D,2022/2023,80.0,40.0,3,4.0,2.0,2,70.59,47.06,1.6,1.4,2.8,1.84,1.6,1.96,1.53,1.41,1,0
2023-03-11,D1,14:30,Bayern Munich,Augsburg,H,H,2022/2023,80.0,60.0,9,4.0,3.0,6,70.59,64.71,2.6,1.6,3.4,1.87,1.0,1.22,1.53,3.12,8,1
2023-04-01,D1,14:30,Wolfsburg,Augsburg,D,A,2022/2023,80.0,80.0,5,4.0,4.0,2,70.59,76.47,1.4,1.4,3.0,2.0,2.4,1.72,1.53,2.0,4,1
2023-04-15,D1,14:30,RB Leipzig,Augsburg,H,H,2022/2023,80.0,100.0,6,4.0,5.0,3,70.59,76.47,1.8,1.6,3.0,2.01,1.6,1.53,1.53,2.24,3,1
2023-04-29,D1,14:30,Ein Frankfurt,Augsburg,D,H,2022/2023,60.0,0.0,1,3.0,0.0,3,70.59,52.94,1.2,1.6,2.6,2.0,0.8,1.66,1.53,2.06,5,0
2023-05-13,D1,14:30,Bochum,Augsburg,H,D,2022/2023,80.0,60.0,8,4.0,3.0,2,70.59,64.71,1.6,2.0,2.8,1.99,2.2,1.82,1.53,1.65,7,1
2023-05-27,D1,14:30,M'gladbach,Augsburg,H,H,2022/2023,60.0,20.0,7,3.0,1.0,3,70.59,52.94,1.6,1.4,2.2,2.01,0.6,1.49,1.53,1.94,4,0
2023-08-27,D1,16:30,Bayern Munich,Augsburg,H,H,2023/2024,100.0,100.0,6,1.0,1.0,2,64.71,70.59,3.0,1.0,3.0,2.0,1.0,1.19,1.41,3.12,10,1
2023-09-16,D1,14:30,RB Leipzig,Augsburg,H,H,2023/2024,100.0,100.0,6,2.0,2.0,4,64.71,58.82,4.0,0.5,3.0,1.98,0.5,1.44,1.41,2.35,1,1
2023-10-01,D1,16:30,Freiburg,Augsburg,H,H,2023/2024,66.67,33.33,3,2.0,1.0,4,64.71,58.82,1.67,0.33,2.67,1.9,1.33,1.99,1.41,1.65,2,0
2023-10-22,D1,16:30,Heidenheim,Augsburg,A,A,2023/2024,75.0,75.0,5,3.0,3.0,6,64.71,58.82,2.25,1.5,2.5,2.13,2.5,1.88,1.41,1.76,6,1
2023-11-04,D1,14:30,FC Koln,Augsburg,D,D,2023/2024,60.0,60.0,12,3.0,3.0,3,64.71,41.18,1.2,1.4,2.2,2.04,1.8,1.71,1.41,0.88,10,0
2023-11-25,D1,14:30,Union Berlin,Augsburg,D,A,2023/2024,40.0,60.0,6,2.0,3.0,2,64.71,58.82,0.2,1.4,1.8,2.01,2.4,2.09,1.41,1.29,3,0
2023-12-09,D1,14:30,Werder Bremen,Augsburg,H,H,2023/2024,20.0,60.0,5,1.0,3.0,1,64.71,70.59,1.6,1.4,1.6,1.98,1.6,1.67,1.41,1.71,5,0
2023-12-20,D1,19:30,Stuttgart,Augsburg,H,H,2023/2024,40.0,60.0,7,2.0,3.0,5,64.71,76.47,2.0,1.4,1.8,2.02,1.0,1.54,1.41,2.94,4,1
2024-01-21,D1,16:30,M'gladbach,Augsburg,A,H,2023/2024,40.0,100.0,4,2.0,5.0,7,64.71,76.47,2.4,0.8,1.6,1.75,1.2,1.61,1.41,1.59,5,1
2024-02-03,D1,14:30,Bochum,Augsburg,D,H,2023/2024,40.0,40.0,4,2.0,2.0,6,64.71,58.82,1.8,0.8,1.6,2.1,0.6,1.82,1.41,1.53,3,0
2024-02-17,D1,14:30,Mainz,Augsburg,H,H,2023/2024,40.0,0.0,4,2.0,0.0,4,64.71,35.29,0.6,0.6,1.6,1.99,0.8,1.99,1.41,1.35,7,0
2024-03-02,D1,14:30,Darmstadt,Augsburg,A,A,2023/2024,60.0,80.0,5,3.0,4.0,6,64.71,64.71,0.6,1.8,1.2,2.05,3.0,1.81,1.41,0.88,3,1
2024-03-16,D1,14:30,Wolfsburg,Augsburg,A,D,2023/2024,60.0,60.0,4,3.0,3.0,5,64.71,64.71,1.4,2.4,0.8,2.04,2.0,1.74,1.41,1.47,8,1
2024-04-07,D1,14:30,Hoffenheim,Augsburg,H,H,2023/2024,60.0,60.0,6,3.0,3.0,7,64.71,70.59,1.2,2.2,1.2,2.04,1.4,1.43,1.41,1.82,11,1
2024-04-19,D1,19:30,Ein Frankfurt,Augsburg,H,A,2023/2024,80.0,60.0,7,4.0,3.0,1,64.71,52.94,1.8,2.2,1.6,1.92,1.0,1.6,1.41,1.71,6,1
2024-05-04,D1,14:30,Dortmund,Augsburg,H,H,2023/2024,100.0,60.0,10,5.0,3.0,4,64.71,64.71,2.2,2.4,2.4,2.01,1.4,1.4,1.41,2.18,6,1
2024-05-18,D1,14:30,Leverkusen,Augsburg,H,H,2023/2024,100.0,80.0,8,5.0,4.0,2,64.71,82.35,2.6,1.4,2.8,1.98,0.8,1.25,1.41,2.76,5,1
2024-09-01,D1,14:30,Heidenheim,Augsburg,H,H,2024/2025,100.0,100.0,9,1.0,1.0,1,100.0,100.0,4.0,0.0,4.0,2.09,0.0,1.82,0.0,4.0,5,1
2022-08-05,D1,19:30,Ein Frankfurt,Bayern Munich,A,A,2022/2023,100.0,100.0,2,1.0,1.0,10,64.71,52.94,1.0,6.0,1.0,2.0,6.0,1.42,2.29,2.06,5,1
2022-08-21,D1,16:30,Bochum,Bayern Munich,A,A,2022/2023,100.0,100.0,7,2.0,2.0,12,64.71,64.71,0.5,6.5,0.5,1.87,4.5,1.27,2.29,1.65,5,1
2022-09-03,D1,14:30,Union Berlin,Bayern Munich,D,D,2022/2023,66.67,66.67,3,2.0,2.0,6,64.71,47.06,2.0,4.67,0.67,1.83,1.0,1.49,2.29,1.76,5,0
2022-09-17,D1,14:30,Augsburg,Bayern Munich,H,D,2022/2023,50.0,50.0,4,2.0,2.0,7,64.71,41.18,0.5,3.5,0.75,2.0,2.0,1.25,2.29,0.94,2,0
2022-10-08,D1,17:30,Dortmund,Bayern Munich,D,A,2022/2023,60.0,40.0,6,3.0,2.0,3,64.71,82.35,1.4,3.2,1.0,1.98,1.0,1.44,2.29,3.24,7,1
2022-10-22,D1,14:30,Hoffenheim,Bayern Munich,A,A,2022/2023,40.0,40.0,3,2.0,2.0,10,64.71,70.59,1.2,2.4,0.8,1.93,1.0,1.4,2.29,1.65,7,0
2022-11-05,D1,14:30,Hertha,Bayern Munich,A,A,2022/2023,40.0,80.0,5,2.0,4.0,4,64.71,47.06,1.8,1.6,1.2,2.02,1.8,1.33,2.29,1.41,2,1
2022-11-12,D1,17:30,Schalke 04,Bayern Munich,A,A,2022/2023,40.0,40.0,2,2.0,2.0,6,64.71,70.59,0.6,1.8,1.0,1.86,2.0,1.35,2.29,1.35,4,0
2023-01-20,D1,19:30,RB Leipzig,Bayern Munich,D,A,2022/2023,40.0,60.0,3,2.0,3.0,2,64.71,76.47,2.6,2.0,1.0,2.01,0.8,1.49,2.29,2.24,3,0
2023-02-05,D1,16:30,Wolfsburg,Bayern Munich,A,A,2022/2023,40.0,80.0,5,2.0,4.0,4,64.71,76.47,3.2,2.4,1.0,2.05,1.2,1.52,2.29,2.0,7,1
2023-02-18,D1,14:30,M'gladbach,Bayern Munich,H,D,2022/2023,60.0,80.0,7,3.0,4.0,4,64.71,52.94,2.4,2.4,1.6,1.88,1.6,1.43,2.29,1.94,4,1
2023-03-04,D1,17:30,Stuttgart,Bayern Munich,A,A,2022/2023,60.0,60.0,4,3.0,3.0,6,64.71,47.06,1.4,2.2,1.4,1.99,1.2,1.56,2.29,1.35,3,1
2023-03-19,D1,16:30,Leverkusen,Bayern Munich,H,A,2022/2023,80.0,60.0,6,4.0,3.0,6,64.71,70.59,2.0,2.0,1.8,1.97,1.4,1.51,2.29,2.06,5,1
2023-04-08,D1,14:30,Freiburg,Bayern Munich,A,D,2022/2023,80.0,40.0,2,4.0,2.0,8,64.71,41.18,1.2,2.0,1.6,1.88,1.0,1.58,2.29,1.65,2,0
2023-04-22,D1,14:30,Mainz,Bayern Munich,H,A,2022/2023,80.0,60.0,4,4.0,3.0,2,64.71,64.71,2.2,1.4,1.8,2.07,0.8,1.61,2.29,1.82,2,1
2023-05-06,D1,17:30,Werder Bremen,Bayern Munich,A,D,2022/2023,80.0,100.0,2,4.0,5.0,4,64.71,70.59,1.6,1.4,1.4,1.98,1.8,1.33,2.29,1.53,1,1
2023-05-27,D1,14:30,FC Koln,Bayern Munich,A,A,2022/2023,80.0,40.0,3,4.0,2.0,3,64.71,47.06,1.4,1.4,1.4,1.91,1.2,1.34,2.29,1.65,7,1
2023-08-18,D1,19:30,Werder Bremen,Bayern Munich,A,A,2023/2024,100.0,100.0,1,1.0,1.0,10,94.12,70.59,0.0,4.0,0.0,1.85,4.0,1.4,2.41,1.71,0,1
2023-09-02,D1,17:30,M'gladbach,Bayern Munich,A,H,2023/2024,100.0,100.0,3,2.0,2.0,9,94.12,76.47,0.5,3.0,0.5,1.96,2.5,1.27,2.41,1.59,1,1
2023-09-30,D1,17:30,RB Leipzig,Bayern Munich,D,H,2023/2024,100.0,100.0,2,3.0,3.0,5,94.12,58.82,3.33,2.67,1.0,1.93,1.0,1.43,2.41,2.35,5,1
2023-10-21,D1,17:30,Mainz,Bayern Munich,A,A,2023/2024,100.0,75.0,3,4.0,3.0,5,94.12,35.29,0.75,2.75,1.0,1.9,2.5,1.42,2.41,1.35,2,1
2023-11-04,D1,17:30,Dortmund,Bayern Munich,A,A,2023/2024,100.0,60.0,1,5.0,3.0,8,94.12,64.71,1.6,3.0,0.8,1.93,1.6,1.36,2.41,2.18,3,1
2023-11-24,D1,19:30,FC Koln,Bayern Munich,A,A,2023/2024,80.0,40.0,2,4.0,2.0,5,94.12,41.18,1.0,2.4,0.8,2.02,1.6,1.37,2.41,0.88,3,0
2023-12-09,D1,14:30,Ein Frankfurt,Bayern Munich,H,H,2023/2024,80.0,60.0,6,4.0,3.0,6,94.12,52.94,2.2,2.2,1.6,2.0,1.2,1.5,2.41,1.71,1,1
2023-12-20,D1,19:30,Wolfsburg,Bayern Munich,A,A,2023/2024,80.0,80.0,4,4.0,4.0,7,94.12,64.71,1.2,2.2,1.4,1.91,1.6,1.54,2.41,1.47,0,1
2024-01-27,D1,14:30,Augsburg,Bayern Munich,A,A,2023/2024,80.0,40.0,7,4.0,2.0,4,94.12,58.82,1.2,2.2,1.6,2.03,1.4,1.37,2.41,1.53,4,1
2024-02-10,D1,17:30,Leverkusen,Bayern Munich,H,H,2023/2024,80.0,60.0,8,4.0,3.0,1,94.12,82.35,2.2,1.4,2.2,2.08,0.2,1.83,2.41,2.76,4,1
2024-02-18,D1,16:30,Bochum,Bayern Munich,H,H,2023/2024,100.0,40.0,5,5.0,2.0,10,94.12,58.82,1.8,1.6,2.8,1.86,0.8,1.47,2.41,1.53,4,1
2024-03-01,D1,19:30,Freiburg,Bayern Munich,D,D,2023/2024,100.0,80.0,5,5.0,4.0,9,94.12,58.82,1.8,1.8,2.2,2.07,2.0,1.57,2.41,1.65,3,1
2024-03-16,D1,14:30,Darmstadt,Bayern Munich,A,A,2023/2024,100.0,80.0,3,5.0,4.0,6,94.12,64.71,1.0,2.4,2.4,1.9,3.4,1.25,2.41,0.88,2,1
2024-04-06,D1,14:30,Heidenheim,Bayern Munich,H,A,2023/2024,100.0,60.0,4,5.0,3.0,8,94.12,58.82,1.2,2.2,2.6,1.91,1.4,1.4,2.41,1.76,3,1
2024-04-20,D1,17:30,Union Berlin,Bayern Munich,A,A,2023/2024,100.0,60.0,4,5.0,3.0,9,94.12,58.82,1.0,3.2,2.2,2.02,2.2,1.78,2.41,1.29,5,1
2024-05-04,D1,14:30,Stuttgart,Bayern Munich,H,D,2023/2024,100.0,60.0,11,5.0,3.0,3,94.12,76.47,2.4,3.0,2.2,1.99,1.0,1.48,2.41,2.94,3,1
2024-05-18,D1,14:30,Hoffenheim,Bayern Munich,H,A,2023/2024,100.0,80.0,9,5.0,4.0,4,94.12,70.59,2.4,3.0,2.6,2.03,2.0,1.32,2.41,1.82,6,1
2024-08-25,D1,14:30,Wolfsburg,Bayern Munich,A,A,2024/2025,100.0,100.0,2,1.0,1.0,8,100.0,100.0,2.0,3.0,2.0,1.95,3.0,1.53,3.0,2.0,1,1
2022-08-13,D1,14:30,Hoffenheim,Bochum,H,D,2022/2023,100.0,100.0,13,1.0,1.0,5,52.94,70.59,3.0,2.0,3.0,1.91,2.0,1.55,0.71,1.65,8,1
2022-08-26,D1,19:30,Freiburg,Bochum,H,D,2022/2023,50.0,50.0,12,1.0,1.0,5,52.94,41.18,1.0,1.0,2.0,1.88,1.5,1.68,0.71,1.65,2,0
2022-09-10,D1,17:30,Schalke 04,Bochum,H,H,2022/2023,66.67,100.0,8,2.0,3.0,2,52.94,70.59,2.0,1.0,2.33,1.85,3.0,1.71,0.71,1.35,3,1
2022-10-01,D1,14:30,RB Leipzig,Bochum,H,H,2022/2023,75.0,75.0,9,3.0,3.0,1,52.94,76.47,2.75,0.75,2.75,1.92,0.5,1.48,0.71,2.24,7,1
2022-10-15,D1,14:30,Stuttgart,Bochum,H,H,2022/2023,80.0,40.0,7,4.0,2.0,4,52.94,47.06,1.2,0.8,3.0,1.9,1.4,1.93,0.71,1.35,3,1
2022-10-29,D1,14:30,Wolfsburg,Bochum,H,H,2022/2023,80.0,80.0,7,4.0,4.0,3,52.94,76.47,2.2,0.4,3.2,2.02,1.6,1.86,0.71,2.0,7,1
2022-11-05,D1,14:30,Dortmund,Bochum,H,H,2022/2023,100.0,60.0,3,5.0,3.0,1,52.94,82.35,2.4,0.4,3.6,1.96,0.4,1.49,0.71,3.24,2,1
2022-11-12,D1,14:30,Augsburg,Bochum,A,D,2022/2023,80.0,40.0,5,4.0,2.0,4,52.94,41.18,1.2,0.4,3.0,1.78,1.4,1.99,0.71,0.94,6,0
2023-01-25,D1,19:30,Leverkusen,Bochum,H,H,2022/2023,60.0,60.0,4,3.0,3.0,2,52.94,70.59,3.0,0.4,2.6,2.04,0.4,1.68,0.71,2.06,3,0
2023-01-28,D1,14:30,Mainz,Bochum,H,H,2022/2023,60.0,80.0,7,3.0,4.0,4,52.94,64.71,2.4,0.6,2.8,2.02,1.6,1.99,0.71,1.82,3,1
2023-02-11,D1,14:30,Bayern Munich,Bochum,H,H,2022/2023,60.0,60.0,12,3.0,3.0,1,52.94,64.71,3.4,0.6,2.6,1.9,1.0,1.25,0.71,3.12,6,1
2023-02-25,D1,14:30,Werder Bremen,Bochum,H,H,2022/2023,60.0,80.0,6,3.0,4.0,2,52.94,70.59,1.4,0.6,2.6,1.92,1.4,1.78,0.71,1.53,2,1
2023-03-10,D1,19:30,FC Koln,Bochum,A,A,2022/2023,60.0,40.0,5,3.0,2.0,3,52.94,47.06,2.0,0.8,2.6,1.97,1.0,2.03,0.71,1.65,10,0
2023-03-31,D1,19:30,Ein Frankfurt,Bochum,D,D,2022/2023,60.0,40.0,7,3.0,2.0,2,52.94,52.94,2.0,1.0,2.4,1.94,0.4,1.77,0.71,2.06,15,0
2023-04-16,D1,16:30,Union Berlin,Bochum,D,H,2022/2023,40.0,20.0,2,2.0,1.0,8,52.94,47.06,1.2,0.8,1.6,2.03,0.2,2.21,0.71,1.76,5,0
2023-05-06,D1,14:30,M'gladbach,Bochum,H,H,2022/2023,20.0,20.0,9,1.0,1.0,3,52.94,52.94,1.2,0.8,1.4,1.83,0.6,1.68,0.71,1.94,11,0
2023-05-20,D1,14:30,Hertha,Bochum,D,D,2022/2023,0.0,40.0,4,0.0,2.0,6,52.94,47.06,1.2,1.0,1.0,2.05,1.6,1.61,0.71,1.41,9,0
2023-08-19,D1,14:30,Stuttgart,Bochum,H,H,2023/2024,100.0,100.0,9,1.0,1.0,1,70.59,76.47,5.0,0.0,5.0,1.98,0.0,1.7,0.94,2.94,7,1
2023-09-02,D1,14:30,Augsburg,Bochum,D,D,2023/2024,100.0,100.0,3,2.0,2.0,9,70.59,58.82,3.0,1.0,3.5,1.96,3.0,1.83,0.94,1.53,3,1
2023-09-23,D1,14:30,Bayern Munich,Bochum,H,H,2023/2024,100.0,100.0,16,3.0,3.0,1,70.59,70.59,4.0,0.67,4.67,2.01,1.0,1.22,0.94,3.12,8,1
2023-10-07,D1,14:30,RB Leipzig,Bochum,D,D,2023/2024,75.0,75.0,5,3.0,3.0,2,70.59,58.82,2.5,0.5,3.5,2.02,0.75,1.57,0.94,2.35,9,0
2023-10-21,D1,14:30,Freiburg,Bochum,H,H,2023/2024,80.0,50.0,5,4.0,2.0,5,70.59,58.82,1.75,0.6,3.2,2.04,1.25,1.88,0.94,1.65,5,1
2023-11-03,D1,19:30,Darmstadt,Bochum,A,D,2023/2024,80.0,100.0,4,4.0,5.0,4,70.59,64.71,2.0,1.0,2.4,2.06,2.8,1.85,0.94,0.88,11,1
2023-11-26,D1,14:30,Heidenheim,Bochum,D,D,2023/2024,60.0,40.0,3,3.0,2.0,2,70.59,58.82,1.8,0.6,2.0,2.08,1.4,1.77,0.94,1.76,6,0
2023-12-08,D1,19:30,Hoffenheim,Bochum,H,H,2023/2024,60.0,80.0,7,3.0,4.0,5,70.59,70.59,1.6,0.8,1.2,2.01,2.2,1.63,0.94,1.82,4,1
2023-12-20,D1,19:30,Leverkusen,Bochum,H,H,2023/2024,80.0,80.0,8,4.0,4.0,1,70.59,82.35,2.8,0.8,2.0,1.85,0.4,1.5,0.94,2.76,4,1
2024-01-28,D1,16:30,Dortmund,Bochum,H,D,2023/2024,80.0,80.0,6,4.0,4.0,4,70.59,64.71,2.0,0.8,2.2,2.05,2.2,1.35,0.94,2.18,8,1
2024-02-10,D1,14:30,Ein Frankfurt,Bochum,D,D,2023/2024,60.0,60.0,2,3.0,3.0,5,70.59,52.94,2.0,0.6,2.2,2.06,1.0,1.9,0.94,1.71,8,0
2024-02-24,D1,14:30,M'gladbach,Bochum,H,H,2023/2024,80.0,80.0,6,4.0,4.0,5,70.59,76.47,2.2,1.0,3.2,1.84,1.4,1.7,0.94,1.59,5,1
2024-03-16,D1,14:30,Mainz,Bochum,H,H,2023/2024,60.0,0.0,4,3.0,0.0,4,70.59,35.29,1.0,0.8,3.0,2.09,0.6,1.71,0.94,1.35,7,0
2024-04-06,D1,14:30,FC Koln,Bochum,H,D,2023/2024,60.0,40.0,6,3.0,2.0,2,70.59,41.18,1.0,1.0,2.6,1.99,1.8,1.85,0.94,0.88,9,1
2024-04-20,D1,14:30,Wolfsburg,Bochum,H,H,2023/2024,40.0,60.0,5,2.0,3.0,1,70.59,64.71,1.2,0.8,2.2,2.0,2.0,1.98,0.94,1.47,5,0
2024-05-05,D1,14:30,Union Berlin,Bochum,A,A,2023/2024,60.0,60.0,6,3.0,3.0,5,70.59,58.82,1.2,1.4,2.6,2.03,2.6,2.01,0.94,1.29,6,1
2024-05-18,D1,14:30,Werder Bremen,Bochum,H,H,2023/2024,60.0,80.0,12,3.0,4.0,8,70.59,70.59,1.8,1.2,2.4,1.92,1.6,1.54,0.94,1.71,8,1
2024-08-24,D1,14:30,RB Leipzig,Bochum,H,D,2024/2025,0.0,0.0,3,0.0,0.0,4,0.0,0.0,1.0,0.0,1.0,1.99,0.0,1.37,0.0,1.0,9,0
2023-08-20,D1,16:30,Ein Frankfurt,Darmstadt,H,H,2023/2024,0.0,0.0,4,0.0,0.0,2,58.82,52.94,1.0,0.0,1.0,2.11,0.0,1.69,0.88,1.71,7,0
2023-09-02,D1,14:30,Leverkusen,Darmstadt,H,D,2023/2024,50.0,100.0,13,1.0,2.0,1,58.82,82.35,4.0,0.5,3.0,2.0,1.5,1.53,0.88,2.76,4,1
2023-09-22,D1,19:30,Stuttgart,Darmstadt,H,H,2023/2024,66.67,100.0,11,2.0,3.0,0,58.82,76.47,4.33,0.67,3.0,2.07,0.33,1.57,0.88,2.94,5,1
2023-10-07,D1,14:30,Augsburg,Darmstadt,A,D,2023/2024,75.0,100.0,3,3.0,4.0,5,58.82,58.82,2.25,1.0,2.5,2.1,2.25,2.0,0.88,1.53,4,1
2023-10-28,D1,14:30,Bayern Munich,Darmstadt,H,D,2023/2024,80.0,100.0,16,4.0,5.0,4,58.82,70.59,4.6,0.8,3.6,1.9,0.6,1.19,0.88,3.12,7,1
2023-11-25,D1,14:30,Freiburg,Darmstadt,D,D,2023/2024,80.0,60.0,3,4.0,3.0,1,58.82,58.82,2.0,1.0,3.6,1.86,1.8,1.75,0.88,1.65,11,0
2023-12-09,D1,14:30,Heidenheim,Darmstadt,H,H,2023/2024,80.0,40.0,7,4.0,2.0,7,58.82,58.82,1.6,1.2,3.2,1.75,1.4,1.93,0.88,1.76,8,1
2023-12-19,D1,19:30,Hoffenheim,Darmstadt,D,H,2023/2024,80.0,80.0,4,4.0,4.0,3,58.82,70.59,2.0,1.6,3.2,2.03,2.2,1.62,0.88,1.82,8,1
2024-01-28,D1,14:30,Union Berlin,Darmstadt,H,D,2023/2024,60.0,40.0,6,3.0,2.0,1,58.82,58.82,1.4,1.2,3.2,1.95,1.0,2.14,0.88,1.29,4,0
2024-02-10,D1,14:30,M'gladbach,Darmstadt,D,D,2023/2024,40.0,80.0,8,2.0,4.0,1,58.82,76.47,1.6,1.2,1.6,1.82,1.2,1.82,0.88,1.59,7,0
2024-02-24,D1,14:30,Werder Bremen,Darmstadt,D,D,2023/2024,40.0,40.0,4,2.0,2.0,3,58.82,70.59,1.6,1.2,1.6,1.99,1.0,1.76,0.88,1.71,4,0
2024-03-09,D1,14:30,RB Leipzig,Darmstadt,H,H,2023/2024,20.0,20.0,8,1.0,1.0,4,58.82,58.82,1.6,0.8,1.4,2.02,0.8,1.34,0.88,2.35,8,0
2024-03-31,D1,18:30,Bochum,Darmstadt,D,H,2023/2024,20.0,80.0,7,1.0,4.0,3,58.82,58.82,1.6,0.6,1.2,2.05,2.2,1.56,0.88,1.53,6,1
2024-04-06,D1,14:30,Mainz,Darmstadt,H,H,2023/2024,40.0,20.0,9,2.0,1.0,2,58.82,35.29,1.8,0.6,1.8,1.94,0.4,1.66,0.88,1.35,5,1
2024-04-20,D1,14:30,FC Koln,Darmstadt,A,D,2023/2024,40.0,40.0,4,2.0,2.0,6,58.82,41.18,0.6,1.0,1.8,1.93,2.2,1.65,0.88,0.88,4,0
2024-05-04,D1,14:30,Wolfsburg,Darmstadt,H,H,2023/2024,60.0,80.0,6,3.0,4.0,1,58.82,64.71,1.6,0.8,2.2,1.75,1.8,1.49,0.88,1.47,9,1
2024-05-18,D1,14:30,Dortmund,Darmstadt,H,H,2023/2024,80.0,60.0,10,4.0,3.0,1,58.82,64.71,2.6,0.8,2.6,1.8,0.8,1.21,0.88,2.18,7,1
2022-08-12,D1,19:30,Freiburg,Dortmund,A,H,2022/2023,100.0,100.0,7,1.0,1.0,7,58.82,41.18,1.0,3.0,1.0,1.87,3.0,1.63,1.65,1.65,9,1
2022-08-27,D1,14:30,Hertha,Dortmund,A,A,2022/2023,50.0,0.0,3,1.0,0.0,7,58.82,47.06,0.5,2.0,0.5,1.93,1.0,1.52,1.65,1.41,6,0
2022-09-10,D1,14:30,RB Leipzig,Dortmund,H,H,2022/2023,66.67,66.67,5,2.0,2.0,0,58.82,76.47,2.33,1.33,1.33,1.8,0.67,1.6,1.65,2.24,5,1
2022-10-01,D1,14:30,FC Koln,Dortmund,H,A,2022/2023,75.0,50.0,16,3.0,2.0,13,58.82,47.06,1.5,1.5,1.75,1.93,1.0,1.7,1.65,1.65,7,1
2022-10-16,D1,16:30,Union Berlin,Dortmund,H,H,2022/2023,60.0,40.0,5,3.0,2.0,6,58.82,47.06,2.0,1.2,1.8,2.1,0.6,2.2,1.65,1.76,5,0
2022-10-29,D1,17:30,Ein Frankfurt,Dortmund,A,D,2022/2023,60.0,60.0,8,3.0,3.0,2,58.82,52.94,2.4,1.0,1.8,1.93,0.8,1.73,1.65,2.06,4,1
2022-11-08,D1,17:30,Wolfsburg,Dortmund,H,H,2022/2023,60.0,80.0,8,3.0,4.0,6,58.82,76.47,2.6,0.8,2.2,1.81,1.6,1.73,1.65,2.0,6,0
2022-11-11,D1,19:30,M'gladbach,Dortmund,H,H,2022/2023,60.0,100.0,6,3.0,5.0,10,58.82,52.94,3.2,1.2,2.4,1.86,1.6,1.49,1.65,1.94,2,1
2023-01-25,D1,17:30,Mainz,Dortmund,A,D,2022/2023,60.0,60.0,4,3.0,3.0,6,58.82,64.71,1.6,1.2,2.0,1.98,1.4,1.65,1.65,1.82,2,1
2023-01-29,D1,16:30,Leverkusen,Dortmund,A,A,2022/2023,60.0,40.0,7,3.0,2.0,2,58.82,70.59,2.2,1.6,1.6,1.89,0.8,1.63,1.65,2.06,8,0
2023-02-11,D1,14:30,Werder Bremen,Dortmund,A,D,2022/2023,40.0,80.0,3,2.0,4.0,9,58.82,70.59,1.2,1.6,1.4,2.04,1.6,1.51,1.65,1.53,3,0
2023-02-25,D1,14:30,Hoffenheim,Dortmund,A,A,2022/2023,40.0,80.0,4,2.0,4.0,11,58.82,70.59,1.0,1.8,1.0,2.06,2.4,1.54,1.65,1.65,12,0
2023-03-11,D1,17:30,Schalke 04,Dortmund,D,A,2022/2023,40.0,60.0,5,2.0,3.0,8,58.82,70.59,1.0,1.8,0.6,2.07,1.8,1.86,1.65,1.35,3,1
2023-04-01,D1,17:30,Bayern Munich,Dortmund,H,H,2022/2023,40.0,80.0,9,2.0,4.0,4,58.82,64.71,3.2,1.8,1.2,2.07,1.2,1.43,1.65,3.12,6,1
2023-04-15,D1,14:30,Stuttgart,Dortmund,D,A,2022/2023,60.0,60.0,5,3.0,3.0,6,58.82,47.06,1.4,2.0,1.8,1.8,1.6,1.71,1.65,1.35,5,1
2023-04-28,D1,19:30,Bochum,Dortmund,D,D,2022/2023,60.0,40.0,4,3.0,2.0,6,58.82,64.71,1.0,1.8,2.0,1.88,2.2,1.4,1.65,1.65,4,0
2023-05-21,D1,16:30,Augsburg,Dortmund,A,D,2022/2023,80.0,40.0,1,4.0,2.0,10,58.82,41.18,0.8,2.2,2.0,2.02,1.6,1.33,1.65,0.94,3,1
2023-08-26,D1,14:30,Bochum,Dortmund,D,H,2023/2024,0.0,0.0,6,0.0,0.0,3,58.82,58.82,1.0,1.0,1.0,1.99,1.0,1.52,1.82,1.53,5,0
2023-09-16,D1,14:30,Freiburg,Dortmund,A,H,2023/2024,50.0,50.0,4,1.0,1.0,6,58.82,58.82,1.5,2.5,1.5,1.84,2.0,1.52,1.82,1.65,6,1
2023-09-29,D1,19:30,Hoffenheim,Dortmund,A,A,2023/2024,66.67,100.0,5,2.0,3.0,5,58.82,70.59,1.67,2.67,1.33,1.98,2.0,1.41,1.82,1.82,4,1
2023-10-29,D1,14:30,Ein Frankfurt,Dortmund,D,H,2023/2024,75.0,20.0,7,3.0,1.0,4,58.82,52.94,1.4,2.75,1.75,1.92,0.8,1.68,1.82,1.71,0,1
2023-11-11,D1,14:30,Stuttgart,Dortmund,H,D,2023/2024,80.0,100.0,10,4.0,5.0,1,58.82,76.47,3.0,2.4,1.8,1.87,1.2,1.55,1.82,2.94,6,1
2023-12-03,D1,16:30,Leverkusen,Dortmund,D,A,2023/2024,80.0,80.0,6,4.0,4.0,2,58.82,82.35,2.8,2.4,1.8,2.04,0.6,1.48,1.82,2.76,16,0
2023-12-16,D1,14:30,Augsburg,Dortmund,D,D,2023/2024,60.0,60.0,4,3.0,3.0,6,58.82,58.82,1.6,1.8,1.6,1.99,1.4,1.51,1.82,1.53,4,0
2024-01-13,D1,17:30,Darmstadt,Dortmund,A,A,2023/2024,60.0,40.0,2,3.0,2.0,8,58.82,64.71,0.2,1.8,1.4,1.78,1.4,1.51,1.82,0.88,3,1
2024-01-20,D1,14:30,FC Koln,Dortmund,A,A,2023/2024,60.0,20.0,5,3.0,1.0,7,58.82,41.18,0.4,2.0,0.8,2.01,1.4,1.54,1.82,0.88,13,1
2024-02-02,D1,19:30,Heidenheim,Dortmund,D,D,2023/2024,40.0,40.0,0,2.0,2.0,5,58.82,58.82,1.4,1.8,0.4,1.85,1.0,1.43,1.82,1.76,4,0
2024-02-17,D1,14:30,Wolfsburg,Dortmund,D,A,2023/2024,40.0,40.0,4,2.0,2.0,5,58.82,64.71,1.0,1.8,0.4,2.02,1.4,1.6,1.82,1.47,5,0
2024-03-02,D1,14:30,Union Berlin,Dortmund,A,A,2023/2024,40.0,20.0,5,2.0,1.0,7,58.82,58.82,1.2,2.0,0.2,2.05,0.8,1.78,1.82,1.29,8,0
2024-03-09,D1,17:30,Werder Bremen,Dortmund,A,A,2023/2024,40.0,60.0,5,2.0,3.0,6,58.82,70.59,1.4,1.8,0.4,1.88,1.4,1.46,1.82,1.71,10,1
2024-03-30,D1,17:30,Bayern Munich,Dortmund,A,A,2023/2024,20.0,60.0,3,1.0,3.0,5,58.82,70.59,2.8,1.4,0.4,1.87,1.0,1.25,1.82,3.12,7,0
2024-04-13,D1,14:30,M'gladbach,Dortmund,A,A,2023/2024,40.0,80.0,5,2.0,4.0,4,58.82,76.47,1.8,1.8,0.6,2.07,2.0,1.55,1.82,1.59,2,1
2024-04-27,D1,14:30,RB Leipzig,Dortmund,H,H,2023/2024,60.0,40.0,7,3.0,2.0,5,58.82,58.82,2.2,1.8,1.2,1.89,0.2,1.4,1.82,2.35,5,1
2024-05-11,D1,17:30,Mainz,Dortmund,H,H,2023/2024,80.0,60.0,6,4.0,3.0,2,58.82,35.29,2.8,1.4,1.8,1.6,0.4,1.46,1.82,1.35,4,1
2024-08-31,D1,14:30,Werder Bremen,Dortmund,D,D,2024/2025,0.0,0.0,1,0.0,0.0,4,0.0,0.0,0.0,0.0,0.0,1.98,0.0,1.62,0.0,0.0,5,0
2022-08-13,D1,14:30,Hertha,Ein Frankfurt,D,H,2022/2023,0.0,0.0,5,0.0,0.0,1,70.59,47.06,1.0,1.0,1.0,1.81,1.0,1.75,1.35,1.41,4,0
2022-08-28,D1,16:30,Werder Bremen,Ein Frankfurt,A,A,2022/2023,50.0,100.0,4,1.0,2.0,7,70.59,70.59,2.5,2.5,2.0,2.07,3.0,1.68,1.35,1.53,5,1
2022-09-17,D1,14:30,Stuttgart,Ein Frankfurt,A,A,2022/2023,66.67,25.0,2,2.0,1.0,8,70.59,47.06,0.75,2.67,1.67,1.87,1.5,1.97,1.35,1.35,7,1
2022-10-08,D1,14:30,Bochum,Ein Frankfurt,H,D,2022/2023,75.0,60.0,6,3.0,3.0,2,70.59,64.71,1.0,2.0,2.0,1.95,2.4,1.82,1.35,1.65,9,1
2022-10-22,D1,17:30,M'gladbach,Ein Frankfurt,A,A,2022/2023,80.0,60.0,3,4.0,3.0,5,70.59,52.94,2.0,2.2,1.8,2.02,1.2,1.59,1.35,1.94,3,1
2022-11-05,D1,14:30,Augsburg,Ein Frankfurt,A,D,2022/2023,100.0,40.0,5,5.0,2.0,7,70.59,41.18,1.2,2.4,1.8,1.92,1.6,1.65,1.35,0.94,3,1
2022-11-13,D1,14:30,Mainz,Ein Frankfurt,D,H,2022/2023,80.0,40.0,6,4.0,2.0,3,70.59,64.71,1.6,1.8,1.4,1.95,1.2,1.83,1.35,1.82,5,0
2023-01-25,D1,19:30,Freiburg,Ein Frankfurt,D,A,2022/2023,60.0,40.0,5,3.0,2.0,2,70.59,41.18,2.2,1.4,1.4,2.02,0.6,1.97,1.35,1.65,4,0
2023-01-28,D1,17:30,Bayern Munich,Ein Frankfurt,D,H,2022/2023,40.0,60.0,6,2.0,3.0,1,70.59,64.71,3.8,1.6,1.0,1.91,1.0,1.37,1.35,3.12,7,0
2023-02-12,D1,16:30,FC Koln,Ein Frankfurt,H,D,2022/2023,40.0,60.0,4,2.0,3.0,1,70.59,47.06,2.4,1.0,1.4,2.01,0.8,1.94,1.35,1.65,3,1
2023-02-25,D1,14:30,RB Leipzig,Ein Frankfurt,H,H,2022/2023,40.0,80.0,5,2.0,4.0,4,70.59,76.47,1.8,0.8,1.6,1.8,1.2,1.85,1.35,2.24,2,1
2023-03-05,D1,16:30,Wolfsburg,Ein Frankfurt,D,D,2022/2023,60.0,80.0,8,3.0,4.0,2,70.59,76.47,2.4,1.0,1.8,2.1,1.8,1.96,1.35,2.0,4,1
2023-03-19,D1,14:30,Union Berlin,Ein Frankfurt,H,D,2022/2023,60.0,40.0,3,3.0,2.0,4,70.59,47.06,1.4,0.8,2.0,1.98,0.4,2.74,1.35,1.76,3,0
2023-04-08,D1,14:30,Leverkusen,Ein Frankfurt,H,H,2022/2023,80.0,80.0,8,4.0,4.0,3,70.59,70.59,2.2,0.8,2.4,1.91,1.6,1.78,1.35,2.06,2,1
2023-04-22,D1,17:30,Dortmund,Ein Frankfurt,H,H,2022/2023,80.0,100.0,7,4.0,5.0,2,70.59,82.35,3.6,0.8,2.6,1.98,0.8,1.53,1.35,3.24,5,1
2023-05-06,D1,14:30,Hoffenheim,Ein Frankfurt,H,H,2022/2023,80.0,60.0,5,4.0,3.0,6,70.59,70.59,1.8,0.8,2.8,1.89,1.2,1.64,1.35,1.65,1,1
2023-05-20,D1,14:30,Schalke 04,Ein Frankfurt,D,D,2022/2023,80.0,100.0,4,4.0,5.0,3,70.59,70.59,2.2,0.8,2.8,1.8,2.0,1.66,1.35,1.35,8,1
2023-08-27,D1,14:30,Mainz,Ein Frankfurt,D,H,2023/2024,0.0,0.0,7,0.0,0.0,2,64.71,35.29,1.0,1.0,1.0,2.02,1.0,2.09,1.29,1.35,5,0
2023-09-16,D1,17:30,Bochum,Ein Frankfurt,D,D,2023/2024,0.0,0.0,10,0.0,0.0,6,64.71,58.82,1.0,1.0,1.0,2.09,1.0,2.08,1.29,1.53,8,0
2023-09-30,D1,14:30,Wolfsburg,Ein Frankfurt,H,H,2023/2024,0.0,33.33,7,0.0,1.0,3,64.71,64.71,2.0,0.67,1.33,1.89,0.33,2.1,1.29,1.47,7,0
2023-10-21,D1,14:30,Hoffenheim,Ein Frankfurt,A,A,2023/2024,25.0,100.0,5,1.0,4.0,5,64.71,70.59,1.5,1.25,1.25,2.06,2.25,1.88,1.29,1.82,6,1
2023-11-04,D1,14:30,Union Berlin,Ein Frankfurt,A,A,2023/2024,40.0,80.0,3,2.0,4.0,3,64.71,58.82,0.8,1.6,1.0,2.08,2.4,2.17,1.29,1.29,9,1
2023-11-12,D1,16:30,Werder Bremen,Ein Frankfurt,D,H,2023/2024,60.0,80.0,5,3.0,4.0,3,64.71,70.59,2.4,1.8,1.2,2.0,1.2,1.73,1.29,1.71,3,1
2023-12-03,D1,18:30,Augsburg,Ein Frankfurt,H,H,2023/2024,80.0,80.0,4,4.0,4.0,6,64.71,58.82,1.8,1.8,1.4,1.87,1.4,2.12,1.29,1.53,2,1
2023-12-17,D1,16:30,Leverkusen,Ein Frankfurt,H,H,2023/2024,100.0,80.0,6,5.0,4.0,2,64.71,82.35,2.6,1.8,1.6,1.95,0.4,1.55,1.29,2.76,5,1
2024-01-13,D1,14:30,RB Leipzig,Ein Frankfurt,A,A,2023/2024,80.0,80.0,7,4.0,4.0,1,64.71,58.82,2.8,1.4,1.4,1.9,0.8,1.6,1.29,2.35,15,0
2024-01-20,D1,14:30,Darmstadt,Ein Frankfurt,D,A,2023/2024,80.0,40.0,3,4.0,2.0,4,64.71,64.71,0.4,1.2,1.8,1.75,1.4,2.15,1.29,0.88,4,1
2024-02-03,D1,17:30,FC Koln,Ein Frankfurt,H,D,2023/2024,60.0,20.0,4,3.0,1.0,4,64.71,41.18,0.6,0.8,1.8,2.15,1.2,2.25,1.29,0.88,7,0
2024-02-18,D1,14:30,Freiburg,Ein Frankfurt,D,D,2023/2024,60.0,60.0,8,3.0,3.0,6,64.71,58.82,1.8,1.2,2.0,2.14,1.6,2.06,1.29,1.65,6,1
2024-03-02,D1,14:30,Heidenheim,Ein Frankfurt,A,A,2023/2024,60.0,60.0,3,3.0,3.0,6,64.71,58.82,1.2,1.6,1.6,1.83,1.4,2.0,1.29,1.76,7,1
2024-03-17,D1,16:30,Dortmund,Ein Frankfurt,H,D,2023/2024,80.0,80.0,6,4.0,4.0,6,64.71,64.71,2.4,1.6,2.2,1.78,1.2,1.47,1.29,2.18,8,1
2024-04-13,D1,17:30,Stuttgart,Ein Frankfurt,H,H,2023/2024,80.0,60.0,6,4.0,3.0,3,64.71,76.47,2.4,1.2,2.4,1.98,1.0,1.45,1.29,2.94,4,1
2024-04-27,D1,14:30,Bayern Munich,Ein Frankfurt,H,D,2023/2024,100.0,60.0,9,5.0,3.0,3,64.71,70.59,2.8,1.4,2.4,1.95,1.0,1.41,1.29,3.12,4,1
2024-05-11,D1,14:30,M'gladbach,Ein Frankfurt,D,D,2023/2024,80.0,60.0,3,4.0,3.0,1,64.71,76.47,1.0,1.0,2.0,2.04,1.8,1.6,1.29,1.59,2,0
2024-08-24,D1,17:30,Dortmund,Ein Frankfurt,H,D,2024/2025,0.0,0.0,5,0.0,0.0,2,0.0,0.0,2.0,0.0,2.0,1.93,0.0,1.52,0.0,2.0,7,0
2022-08-13,D1,14:30,RB Leipzig,FC Koln,D,D,2022/2023,100.0,100.0,5,1.0,1.0,3,52.94,76.47,2.0,2.0,2.0,1.94,2.0,1.57,1.24,2.24,2,1
2022-08-21,D1,14:30,Ein Frankfurt,FC Koln,D,D,2022/2023,50.0,50.0,3,1.0,1.0,2,52.94,52.94,1.0,1.5,1.5,1.89,3.5,1.67,1.24,2.06,5,0
2022-09-03,D1,14:30,Wolfsburg,FC Koln,A,A,2022/2023,66.67,66.67,3,2.0,2.0,5,52.94,76.47,1.33,2.33,1.67,1.88,2.0,1.84,1.24,2.0,5,1
2022-09-18,D1,16:30,Bochum,FC Koln,D,H,2022/2023,50.0,50.0,0,2.0,2.0,3,52.94,64.71,0.5,2.0,1.5,2.06,3.0,1.63,1.24,1.65,4,0
2022-10-09,D1,14:30,M'gladbach,FC Koln,H,H,2022/2023,60.0,60.0,6,3.0,3.0,3,52.94,52.94,2.4,2.0,2.2,2.02,0.8,1.63,1.24,1.94,7,1
2022-10-21,D1,19:30,Mainz,FC Koln,H,H,2022/2023,60.0,40.0,7,3.0,2.0,2,52.94,64.71,1.4,1.6,2.8,1.8,1.0,1.92,1.24,1.82,5,1
2022-11-06,D1,16:30,Freiburg,FC Koln,H,D,2022/2023,60.0,20.0,5,3.0,1.0,2,52.94,41.18,1.4,1.4,3.0,1.75,0.2,1.83,1.24,1.65,5,0
2022-11-12,D1,14:30,Hertha,FC Koln,H,H,2022/2023,40.0,60.0,8,2.0,3.0,2,52.94,47.06,1.8,0.6,3.0,1.88,1.4,1.93,1.24,1.41,10,0
2023-01-24,D1,19:30,Bayern Munich,FC Koln,D,A,2022/2023,40.0,80.0,7,2.0,4.0,1,52.94,64.71,4.4,0.6,3.0,2.06,0.8,1.23,1.24,3.12,9,0
2023-01-29,D1,14:30,Schalke 04,FC Koln,D,D,2022/2023,20.0,20.0,2,1.0,1.0,0,52.94,70.59,0.4,0.2,2.0,1.88,2.0,1.81,1.24,1.35,7,0
2023-02-18,D1,14:30,Stuttgart,FC Koln,H,H,2022/2023,20.0,60.0,7,1.0,3.0,4,52.94,47.06,1.6,0.2,1.6,1.94,1.0,2.08,1.24,1.35,3,1
2023-03-04,D1,14:30,Union Berlin,FC Koln,D,D,2022/2023,20.0,60.0,2,1.0,3.0,4,52.94,47.06,1.4,0.2,1.2,2.1,0.8,2.47,1.24,1.76,5,0
2023-03-18,D1,17:30,Dortmund,FC Koln,H,H,2022/2023,40.0,100.0,8,2.0,5.0,5,52.94,82.35,4.2,0.4,2.0,1.97,1.4,1.59,1.24,3.24,1,1
2023-04-08,D1,14:30,Augsburg,FC Koln,A,A,2022/2023,60.0,40.0,1,3.0,2.0,5,52.94,41.18,1.2,0.8,2.0,2.09,1.0,2.19,1.24,0.94,6,1
2023-04-22,D1,14:30,Hoffenheim,FC Koln,A,A,2022/2023,80.0,60.0,4,4.0,3.0,7,52.94,70.59,1.4,1.4,2.2,2.07,1.6,1.93,1.24,1.65,2,1
2023-05-05,D1,19:30,Leverkusen,FC Koln,A,A,2022/2023,80.0,80.0,4,4.0,4.0,5,52.94,70.59,2.4,1.8,1.8,2.03,1.0,1.77,1.24,2.06,9,1
2023-05-20,D1,14:30,Werder Bremen,FC Koln,D,A,2022/2023,80.0,80.0,6,4.0,4.0,4,52.94,70.59,1.2,2.0,2.0,1.81,2.0,1.68,1.24,1.53,4,0
2023-08-19,D1,17:30,Dortmund,FC Koln,H,D,2023/2024,0.0,0.0,2,0.0,0.0,4,29.41,64.71,1.0,0.0,1.0,2.06,0.0,1.5,0.76,2.18,6,0
2023-09-03,D1,14:30,Ein Frankfurt,FC Koln,D,A,2023/2024,0.0,0.0,4,0.0,0.0,2,29.41,52.94,1.0,0.5,1.0,1.9,0.5,2.13,0.76,1.71,8,0
2023-09-23,D1,17:30,Werder Bremen,FC Koln,H,D,2023/2024,33.33,100.0,6,1.0,3.0,5,29.41,70.59,2.0,0.67,1.33,2.05,1.67,1.75,0.76,1.71,9,1
2023-10-08,D1,14:30,Leverkusen,FC Koln,H,H,2023/2024,50.0,100.0,10,2.0,4.0,3,29.41,82.35,3.75,0.5,1.75,2.06,1.0,1.6,0.76,2.76,11,1
2023-10-28,D1,17:30,RB Leipzig,FC Koln,H,H,2023/2024,60.0,80.0,13,3.0,4.0,1,29.41,58.82,3.2,0.4,2.6,2.1,0.6,1.61,0.76,2.35,11,1
2023-11-11,D1,17:30,Bochum,FC Koln,D,H,2023/2024,60.0,40.0,9,3.0,2.0,6,29.41,58.82,1.2,0.6,2.6,1.9,1.6,1.73,0.76,1.53,3,0
2023-12-01,D1,19:30,Darmstadt,FC Koln,A,D,2023/2024,60.0,60.0,1,3.0,3.0,6,29.41,64.71,1.2,0.6,2.4,2.01,1.6,2.0,0.76,0.88,1,0
2023-12-17,D1,14:30,Freiburg,FC Koln,H,D,2023/2024,40.0,40.0,7,2.0,2.0,1,29.41,58.82,2.0,0.4,2.4,1.95,1.0,1.99,0.76,1.65,5,0
2023-12-20,D1,17:30,Union Berlin,FC Koln,H,D,2023/2024,20.0,60.0,8,1.0,3.0,7,29.41,58.82,1.2,0.4,2.2,2.05,1.6,1.92,0.76,1.29,4,0
2024-01-27,D1,14:30,Wolfsburg,FC Koln,D,D,2023/2024,0.0,60.0,5,0.0,3.0,2,29.41,64.71,1.2,0.6,1.2,1.95,1.4,1.99,0.76,1.47,6,0
2024-02-11,D1,16:30,Hoffenheim,FC Koln,D,D,2023/2024,0.0,40.0,4,0.0,2.0,1,29.41,70.59,1.8,0.6,1.2,1.99,1.4,1.67,0.76,1.82,10,0
2024-02-24,D1,14:30,Stuttgart,FC Koln,D,D,2023/2024,0.0,60.0,5,0.0,3.0,6,29.41,76.47,2.6,0.6,1.4,1.95,1.0,1.62,0.76,2.94,9,0
2024-03-09,D1,14:30,M'gladbach,FC Koln,D,D,2023/2024,20.0,80.0,5,1.0,4.0,5,29.41,76.47,2.4,1.2,1.6,1.89,1.6,2.02,0.76,1.59,8,1
2024-03-31,D1,14:30,Augsburg,FC Koln,D,D,2023/2024,20.0,60.0,6,1.0,3.0,2,29.41,58.82,1.6,1.4,1.4,1.86,1.4,1.71,0.76,1.53,12,0
2024-04-13,D1,14:30,Bayern Munich,FC Koln,H,D,2023/2024,20.0,60.0,7,1.0,3.0,5,29.41,70.59,3.0,1.2,1.6,1.85,1.0,1.36,0.76,3.12,5,0
2024-04-28,D1,16:30,Mainz,FC Koln,D,H,2023/2024,20.0,40.0,4,1.0,2.0,6,29.41,35.29,2.4,1.2,1.6,1.95,0.6,1.75,0.76,1.35,6,0
2024-05-18,D1,14:30,Heidenheim,FC Koln,H,H,2023/2024,40.0,60.0,7,2.0,3.0,9,29.41,58.82,2.0,1.2,2.2,1.85,1.4,1.52,0.76,1.76,5,1
2022-08-06,D1,14:30,Augsburg,Freiburg,A,D,2022/2023,100.0,100.0,2,1.0,1.0,7,58.82,41.18,0.0,4.0,0.0,2.04,4.0,1.93,1.35,0.94,5,1
2022-08-20,D1,14:30,Stuttgart,Freiburg,A,A,2022/2023,50.0,0.0,5,1.0,0.0,3,58.82,47.06,0.5,2.5,0.0,1.97,1.0,1.78,1.35,1.35,3,0
2022-09-03,D1,14:30,Leverkusen,Freiburg,A,H,2022/2023,66.67,100.0,6,2.0,3.0,3,58.82,70.59,1.0,2.67,0.67,1.75,2.67,1.69,1.35,2.06,8,1
2022-09-18,D1,18:30,Hoffenheim,Freiburg,D,D,2022/2023,50.0,50.0,3,2.0,2.0,4,58.82,70.59,2.0,2.0,0.5,1.95,0.75,1.79,1.35,1.65,5,0
2022-10-09,D1,16:30,Hertha,Freiburg,D,D,2022/2023,60.0,40.0,3,3.0,2.0,4,58.82,47.06,1.2,2.0,0.8,1.92,1.4,1.99,1.35,1.41,4,1
2022-10-16,D1,18:30,Bayern Munich,Freiburg,H,H,2022/2023,60.0,60.0,8,3.0,3.0,0,58.82,64.71,2.8,1.2,1.8,1.86,0.6,1.39,1.35,3.12,5,1
2022-10-30,D1,16:30,Schalke 04,Freiburg,A,A,2022/2023,60.0,80.0,3,3.0,4.0,9,58.82,70.59,1.2,1.4,1.8,2.01,3.0,1.9,1.35,1.35,4,0
2022-11-09,D1,19:30,RB Leipzig,Freiburg,H,D,2022/2023,60.0,80.0,8,3.0,4.0,2,58.82,76.47,3.0,1.0,2.0,1.97,0.6,1.95,1.35,2.24,6,1
2023-01-21,D1,14:30,Wolfsburg,Freiburg,H,H,2022/2023,80.0,80.0,11,4.0,4.0,1,58.82,76.47,3.4,1.0,3.2,1.91,0.8,2.07,1.35,2.0,0,1
2023-02-04,D1,14:30,Dortmund,Freiburg,H,D,2022/2023,80.0,100.0,8,4.0,5.0,3,58.82,82.35,3.8,0.8,3.8,1.91,1.2,1.66,1.35,3.24,14,1
2023-02-18,D1,14:30,Bochum,Freiburg,A,A,2022/2023,60.0,80.0,6,3.0,4.0,5,58.82,64.71,2.4,1.2,2.8,2.05,1.4,2.05,1.35,1.65,5,0
2023-03-04,D1,14:30,M'gladbach,Freiburg,D,D,2022/2023,60.0,60.0,4,3.0,3.0,3,58.82,52.94,1.8,0.8,2.8,1.98,1.4,1.82,1.35,1.94,6,0
2023-03-19,D1,18:30,Mainz,Freiburg,D,D,2022/2023,40.0,60.0,6,2.0,3.0,5,58.82,64.71,2.8,0.8,2.4,2.06,0.8,2.23,1.35,1.82,3,0
2023-04-16,D1,14:30,Werder Bremen,Freiburg,A,D,2022/2023,40.0,80.0,5,2.0,4.0,3,58.82,70.59,1.4,1.2,1.4,1.96,1.8,2.31,1.35,1.53,5,1
2023-04-29,D1,14:30,FC Koln,Freiburg,A,D,2022/2023,20.0,0.0,8,1.0,0.0,6,58.82,47.06,0.2,1.2,0.4,2.08,1.2,2.17,1.35,1.65,9,0
2023-05-13,D1,14:30,Union Berlin,Freiburg,H,H,2022/2023,40.0,40.0,4,2.0,2.0,8,58.82,47.06,2.0,1.2,1.2,1.75,0.6,2.67,1.35,1.76,1,1
2023-05-27,D1,14:30,Ein Frankfurt,Freiburg,H,A,2022/2023,60.0,40.0,8,3.0,2.0,7,58.82,52.94,1.6,1.4,1.6,1.68,0.8,1.62,1.35,2.06,3,1
2023-08-19,D1,14:30,Hoffenheim,Freiburg,A,A,2023/2024,100.0,100.0,5,1.0,1.0,8,70.59,70.59,1.0,2.0,1.0,1.91,2.0,1.7,1.0,1.82,4,1
2023-09-02,D1,14:30,Stuttgart,Freiburg,H,H,2023/2024,100.0,100.0,6,2.0,2.0,5,70.59,76.47,5.0,1.0,3.0,2.04,0.0,1.87,1.0,2.94,2,1
2023-09-24,D1,16:30,Ein Frankfurt,Freiburg,D,D,2023/2024,66.67,0.0,5,2.0,0.0,2,70.59,52.94,0.67,0.67,2.0,1.91,0.33,2.07,1.0,1.71,7,0
2023-10-08,D1,16:30,Bayern Munich,Freiburg,H,H,2023/2024,75.0,100.0,5,3.0,4.0,0,70.59,70.59,3.75,0.5,2.25,1.75,0.75,1.27,1.0,3.12,7,1
2023-10-29,D1,16:30,Leverkusen,Freiburg,H,H,2023/2024,80.0,100.0,4,4.0,5.0,4,70.59,82.35,3.4,0.6,2.2,1.86,1.0,1.53,1.0,2.76,11,1
2023-11-12,D1,18:30,RB Leipzig,Freiburg,H,D,2023/2024,80.0,80.0,6,4.0,4.0,3,70.59,58.82,2.8,0.4,2.6,1.99,0.6,1.59,1.0,2.35,7,1
2023-12-03,D1,14:30,Mainz,Freiburg,A,D,2023/2024,60.0,60.0,6,3.0,3.0,5,70.59,35.29,0.8,0.6,1.6,1.94,2.0,2.0,1.0,1.35,14,0
2023-12-09,D1,14:30,Wolfsburg,Freiburg,A,D,2023/2024,60.0,60.0,3,3.0,3.0,1,70.59,64.71,1.4,0.8,1.6,1.92,1.2,1.94,1.0,1.47,5,0
2023-12-20,D1,19:30,Heidenheim,Freiburg,H,A,2023/2024,60.0,60.0,3,3.0,3.0,4,70.59,58.82,2.0,1.2,1.6,1.93,1.8,2.13,1.0,1.76,7,1
2024-01-27,D1,14:30,Werder Bremen,Freiburg,H,D,2023/2024,60.0,60.0,4,3.0,3.0,4,70.59,70.59,1.6,1.2,1.8,2.06,1.4,1.92,1.0,1.71,5,1
2024-02-09,D1,19:30,Dortmund,Freiburg,H,H,2023/2024,60.0,80.0,8,3.0,4.0,3,70.59,64.71,2.6,1.0,1.8,2.04,1.4,1.46,1.0,2.18,5,1
2024-02-25,D1,18:30,Augsburg,Freiburg,H,A,2023/2024,80.0,60.0,8,4.0,3.0,1,70.59,58.82,1.4,1.0,2.2,2.06,1.6,1.79,1.0,1.53,10,1
2024-03-10,D1,14:30,Bochum,Freiburg,A,A,2023/2024,100.0,60.0,6,5.0,3.0,5,70.59,58.82,1.4,1.2,2.4,1.87,1.8,2.06,1.0,1.53,12,1
2024-03-30,D1,14:30,M'gladbach,Freiburg,A,A,2023/2024,100.0,80.0,4,5.0,4.0,8,70.59,76.47,1.8,1.4,1.8,1.86,2.0,1.77,1.0,1.59,14,1
2024-04-14,D1,14:30,Darmstadt,Freiburg,A,A,2023/2024,80.0,60.0,4,4.0,3.0,3,70.59,64.71,0.6,1.4,1.2,1.95,3.2,1.72,1.0,0.88,2,0
2024-05-04,D1,17:30,FC Koln,Freiburg,D,D,2023/2024,60.0,40.0,7,3.0,2.0,0,70.59,41.18,0.6,1.4,0.6,1.88,2.0,1.78,1.0,0.88,7,0
2024-05-18,D1,14:30,Union Berlin,Freiburg,H,D,2023/2024,60.0,80.0,5,3.0,4.0,5,70.59,58.82,1.6,1.4,0.6,1.91,2.4,1.79,1.0,1.29,3,1
2024-09-01,D1,16:30,Bayern Munich,Freiburg,H,H,2024/2025,0.0,0.0,4,0.0,0.0,4,0.0,0.0,2.0,0.0,2.0,1.9,0.0,1.29,0.0,2.0,2,0
2023-08-19,D1,14:30,Wolfsburg,Heidenheim,H,H,2023/2024,0.0,0.0,8,0.0,0.0,1,47.06,64.71,2.0,0.0,2.0,2.13,0.0,1.67,1.18,1.47,1,0
2023-09-01,D1,19:30,Dortmund,Heidenheim,D,H,2023/2024,50.0,50.0,9,1.0,1.0,6,47.06,64.71,1.5,1.0,2.0,1.89,1.0,1.32,1.18,2.18,3,1
2023-09-24,D1,14:30,Leverkusen,Heidenheim,H,H,2023/2024,66.67,100.0,10,2.0,3.0,1,47.06,82.35,4.0,1.0,2.67,1.93,1.33,1.37,1.18,2.76,7,1
2023-10-08,D1,18:30,Ein Frankfurt,Heidenheim,H,H,2023/2024,50.0,0.0,6,2.0,0.0,2,47.06,52.94,1.0,0.75,2.5,2.07,0.25,1.83,1.18,1.71,3,0
2023-10-28,D1,14:30,M'gladbach,Heidenheim,H,D,2023/2024,60.0,80.0,6,3.0,4.0,3,47.06,76.47,1.0,0.8,2.4,1.87,1.8,1.52,1.18,1.59,6,1
2023-11-11,D1,14:30,Bayern Munich,Heidenheim,H,H,2023/2024,80.0,100.0,8,4.0,5.0,2,47.06,70.59,4.8,1.2,2.8,2.03,0.8,1.22,1.18,3.12,7,1
2023-12-02,D1,14:30,RB Leipzig,Heidenheim,H,H,2023/2024,80.0,80.0,8,4.0,4.0,1,47.06,58.82,2.6,1.0,2.8,1.97,0.8,1.39,1.18,2.35,5,1
2023-12-16,D1,14:30,Mainz,Heidenheim,A,A,2023/2024,60.0,40.0,4,3.0,2.0,2,47.06,35.29,0.6,1.0,2.0,1.91,1.6,1.71,1.18,1.35,8,0
2024-01-13,D1,14:30,FC Koln,Heidenheim,D,H,2023/2024,60.0,20.0,6,3.0,1.0,2,47.06,41.18,1.0,1.2,1.8,2.01,0.8,1.82,1.18,0.88,9,0
2024-01-27,D1,14:30,Hoffenheim,Heidenheim,D,D,2023/2024,40.0,60.0,8,2.0,3.0,3,47.06,70.59,2.0,1.2,1.6,1.92,1.8,1.54,1.18,1.82,9,0
2024-02-10,D1,14:30,Werder Bremen,Heidenheim,A,A,2023/2024,40.0,60.0,3,2.0,3.0,3,47.06,70.59,1.4,1.2,1.0,1.85,1.4,1.9,1.18,1.71,5,1
2024-02-24,D1,14:30,Union Berlin,Heidenheim,D,H,2023/2024,40.0,40.0,3,2.0,2.0,4,47.06,58.82,1.8,1.4,1.0,1.86,0.6,2.12,1.18,1.29,4,1
2024-03-09,D1,14:30,Augsburg,Heidenheim,H,H,2023/2024,40.0,60.0,4,2.0,3.0,1,47.06,58.82,1.4,1.2,1.2,1.84,1.4,1.58,1.18,1.53,5,0
2024-03-31,D1,16:30,Stuttgart,Heidenheim,D,H,2023/2024,60.0,60.0,6,3.0,3.0,3,47.06,76.47,2.8,1.6,1.6,1.78,1.4,1.42,1.18,2.94,6,1
2024-04-13,D1,14:30,Bochum,Heidenheim,D,D,2023/2024,60.0,80.0,5,3.0,4.0,3,47.06,58.82,1.6,1.6,1.6,1.73,2.2,1.79,1.18,1.53,6,0
2024-04-28,D1,18:30,Darmstadt,Heidenheim,A,D,2023/2024,40.0,60.0,4,2.0,3.0,6,47.06,64.71,0.6,1.4,1.4,2.0,3.0,1.71,1.18,0.88,3,0
2024-05-11,D1,14:30,Freiburg,Heidenheim,D,D,2023/2024,20.0,60.0,3,1.0,3.0,3,47.06,58.82,1.2,1.2,1.2,2.0,2.2,1.72,1.18,1.65,2,0
2024-08-25,D1,16:30,St Pauli,Heidenheim,A,D,2024/2025,0.0,0.0,3,0.0,0.0,3,0.0,0.0,0.0,2.0,0.0,2.02,2.0,2.05,2.0,0.0,4,0
2022-08-06,D1,14:30,Union Berlin,Hertha,H,H,2022/2023,100.0,100.0,8,1.0,1.0,3,64.71,47.06,3.0,1.0,3.0,1.9,1.0,2.0,1.06,1.76,5,1
2022-08-19,D1,19:30,M'gladbach,Hertha,H,H,2022/2023,50.0,50.0,6,1.0,1.0,5,64.71,52.94,2.0,0.5,2.0,2.05,0.5,1.51,1.06,1.94,5,0
2022-09-04,D1,14:30,Augsburg,Hertha,A,D,2022/2023,33.33,66.67,2,1.0,2.0,6,64.71,41.18,0.33,1.0,1.33,1.9,2.67,1.82,1.06,0.94,5,0
2022-09-16,D1,19:30,Mainz,Hertha,D,A,2022/2023,25.0,33.33,2,1.0,1.0,2,64.71,64.71,0.33,1.0,1.25,2.02,1.33,1.92,1.06,1.82,4,0
2022-10-15,D1,17:30,RB Leipzig,Hertha,H,H,2022/2023,40.0,80.0,5,2.0,4.0,5,64.71,76.47,2.8,1.2,1.6,2.02,0.8,1.6,1.06,2.24,8,1
2022-10-28,D1,19:30,Werder Bremen,Hertha,H,D,2022/2023,20.0,40.0,4,1.0,2.0,1,64.71,70.59,1.8,1.0,1.2,1.81,1.6,1.63,1.06,1.53,4,0
2022-11-08,D1,19:30,Stuttgart,Hertha,H,D,2022/2023,40.0,80.0,7,2.0,4.0,4,64.71,47.06,1.8,1.2,1.4,1.77,1.4,1.78,1.06,1.35,8,1
2023-01-21,D1,14:30,Bochum,Hertha,H,H,2022/2023,60.0,80.0,3,3.0,4.0,2,64.71,64.71,2.2,1.0,2.0,2.04,0.8,2.05,1.06,1.65,1,1
2023-02-04,D1,14:30,Ein Frankfurt,Hertha,H,H,2022/2023,80.0,100.0,4,4.0,5.0,3,64.71,52.94,3.2,0.8,2.4,1.95,1.0,1.77,1.06,2.06,7,1
2023-02-19,D1,16:30,Dortmund,Hertha,H,H,2022/2023,80.0,100.0,5,4.0,5.0,8,64.71,82.35,4.2,0.6,2.6,1.77,1.0,1.53,1.06,3.24,3,1
2023-03-05,D1,14:30,Leverkusen,Hertha,H,H,2022/2023,100.0,40.0,9,5.0,2.0,2,64.71,70.59,2.0,0.8,3.2,1.83,1.2,1.81,1.06,2.06,9,1
2023-03-18,D1,14:30,Hoffenheim,Hertha,H,H,2022/2023,100.0,80.0,7,5.0,4.0,5,64.71,70.59,1.4,0.8,3.4,1.97,2.2,1.87,1.06,1.65,8,1
2023-04-01,D1,14:30,Freiburg,Hertha,D,D,2022/2023,80.0,60.0,8,4.0,3.0,3,64.71,41.18,1.8,0.8,3.0,1.9,1.0,2.38,1.06,1.65,2,0
2023-04-14,D1,19:30,Schalke 04,Hertha,H,H,2022/2023,80.0,80.0,7,4.0,4.0,5,64.71,70.59,1.8,1.2,3.4,2.05,1.6,2.24,1.06,1.35,7,1
2023-04-30,D1,14:30,Bayern Munich,Hertha,H,D,2022/2023,60.0,60.0,9,3.0,3.0,1,64.71,64.71,3.0,1.0,3.0,1.77,1.2,1.23,1.06,3.12,18,0
2023-05-12,D1,19:30,FC Koln,Hertha,H,H,2022/2023,60.0,20.0,15,3.0,1.0,3,64.71,47.06,1.2,1.2,3.2,1.91,1.2,1.81,1.06,1.65,12,1
2023-05-27,D1,14:30,Wolfsburg,Hertha,A,H,2022/2023,60.0,80.0,9,3.0,4.0,5,64.71,76.47,1.6,1.4,2.8,1.7,1.0,1.39,1.06,2.0,7,1
2022-08-06,D1,14:30,M'gladbach,Hoffenheim,H,D,2022/2023,100.0,100.0,8,1.0,1.0,1,52.94,52.94,3.0,1.0,3.0,2.06,1.0,1.47,1.18,1.94,4,1
2022-08-20,D1,14:30,Leverkusen,Hoffenheim,A,A,2022/2023,100.0,100.0,3,2.0,2.0,5,52.94,70.59,0.5,2.0,1.5,1.93,2.5,1.42,1.18,2.06,3,1
2022-09-02,D1,19:30,Dortmund,Hoffenheim,H,H,2022/2023,66.67,33.33,5,2.0,1.0,2,52.94,82.35,1.33,1.33,1.33,1.95,1.0,1.51,1.18,3.24,5,0
2022-10-02,D1,14:30,Hertha,Hoffenheim,D,D,2022/2023,50.0,25.0,5,2.0,1.0,4,52.94,47.06,1.0,1.25,1.25,1.82,1.25,1.72,1.18,1.41,2,0
2022-10-14,D1,19:30,Schalke 04,Hoffenheim,A,A,2022/2023,60.0,100.0,2,3.0,5.0,7,52.94,70.59,1.6,1.6,1.0,1.82,3.0,1.74,1.18,1.35,4,1
2022-10-30,D1,18:30,FC Koln,Hoffenheim,D,D,2022/2023,40.0,40.0,3,2.0,2.0,4,52.94,47.06,1.4,1.6,0.6,1.98,1.2,1.65,1.18,1.65,5,0
2022-11-09,D1,19:30,Ein Frankfurt,Hoffenheim,H,H,2022/2023,40.0,60.0,8,2.0,3.0,3,52.94,52.94,2.4,1.4,1.4,2.02,1.2,1.6,1.18,2.06,4,1
2023-01-21,D1,14:30,Union Berlin,Hoffenheim,H,A,2022/2023,60.0,60.0,5,3.0,3.0,5,52.94,47.06,2.2,1.6,1.8,1.92,0.8,2.38,1.18,1.76,9,1
2023-02-04,D1,14:30,Bochum,Hoffenheim,H,H,2022/2023,80.0,100.0,11,4.0,5.0,4,52.94,64.71,3.0,1.8,2.6,2.06,1.0,1.95,1.18,1.65,6,1
2023-02-17,D1,19:30,Augsburg,Hoffenheim,H,D,2022/2023,60.0,20.0,3,3.0,1.0,2,52.94,41.18,0.8,1.2,2.8,1.93,0.6,1.76,1.18,0.94,6,0
2023-03-04,D1,14:30,Mainz,Hoffenheim,H,H,2022/2023,60.0,80.0,6,3.0,4.0,4,52.94,64.71,2.8,1.0,2.8,1.95,1.0,1.8,1.18,1.82,11,0
2023-03-12,D1,14:30,Freiburg,Hoffenheim,H,H,2022/2023,60.0,60.0,3,3.0,3.0,1,52.94,41.18,1.8,0.8,2.4,1.86,1.0,1.91,1.18,1.65,2,1
2023-04-02,D1,16:30,Werder Bremen,Hoffenheim,A,D,2022/2023,60.0,80.0,5,3.0,4.0,2,52.94,70.59,1.6,1.0,2.0,1.89,1.6,1.71,1.18,1.53,1,1
2023-04-15,D1,14:30,Bayern Munich,Hoffenheim,D,H,2022/2023,40.0,80.0,7,2.0,4.0,3,52.94,64.71,3.2,0.8,1.2,2.05,1.2,1.28,1.18,3.12,13,0
2023-04-29,D1,14:30,RB Leipzig,Hoffenheim,H,H,2022/2023,40.0,80.0,2,2.0,4.0,2,52.94,76.47,1.8,0.8,1.2,2.07,1.2,1.55,1.18,2.24,7,0
2023-05-13,D1,14:30,Wolfsburg,Hoffenheim,H,H,2022/2023,60.0,60.0,3,3.0,3.0,2,52.94,76.47,1.6,1.0,1.4,1.98,0.8,1.5,1.18,2.0,3,1
2023-05-27,D1,14:30,Stuttgart,Hoffenheim,D,D,2022/2023,40.0,40.0,4,2.0,2.0,2,52.94,47.06,1.4,1.0,1.2,1.86,1.4,1.49,1.18,1.35,9,0
2023-08-26,D1,14:30,Heidenheim,Hoffenheim,A,H,2023/2024,100.0,100.0,9,1.0,1.0,6,88.24,58.82,2.0,3.0,2.0,1.94,3.0,1.63,2.06,1.76,10,1
2023-09-16,D1,14:30,FC Koln,Hoffenheim,A,A,2023/2024,100.0,100.0,7,2.0,2.0,5,88.24,41.18,1.0,3.0,1.5,1.95,2.5,1.63,2.06,0.88,13,1
2023-09-23,D1,14:30,Union Berlin,Hoffenheim,A,A,2023/2024,66.67,66.67,6,2.0,2.0,4,88.24,58.82,1.33,2.67,1.0,1.86,2.0,1.88,2.06,1.29,11,0
2023-10-07,D1,17:30,Werder Bremen,Hoffenheim,A,A,2023/2024,75.0,100.0,3,3.0,4.0,4,88.24,70.59,2.0,2.75,1.25,1.99,2.0,1.56,2.06,1.71,4,1
2023-10-28,D1,14:30,Stuttgart,Hoffenheim,A,A,2023/2024,80.0,100.0,10,4.0,5.0,5,88.24,76.47,3.6,2.8,1.4,1.83,1.0,1.6,2.06,2.94,6,1
2023-11-11,D1,14:30,Augsburg,Hoffenheim,D,A,2023/2024,60.0,80.0,6,3.0,4.0,6,88.24,58.82,1.8,2.4,1.2,2.05,1.6,1.51,2.06,1.53,3,0
2023-12-02,D1,14:30,M'gladbach,Hoffenheim,H,D,2023/2024,60.0,80.0,3,3.0,4.0,5,88.24,76.47,2.0,2.0,1.4,1.9,1.0,1.41,2.06,1.59,6,1
2023-12-16,D1,17:30,RB Leipzig,Hoffenheim,H,D,2023/2024,80.0,80.0,11,4.0,4.0,4,88.24,58.82,2.8,1.8,2.0,1.87,0.6,1.38,2.06,2.35,9,1
2024-01-12,D1,19:30,Bayern Munich,Hoffenheim,H,H,2023/2024,80.0,100.0,12,4.0,5.0,4,88.24,70.59,4.2,1.2,2.2,1.75,0.4,1.22,2.06,3.12,11,1
2024-01-20,D1,14:30,Freiburg,Hoffenheim,H,H,2023/2024,80.0,40.0,8,4.0,2.0,4,88.24,58.82,1.8,1.0,2.4,2.0,1.2,1.69,2.06,1.65,2,1
2024-02-04,D1,14:30,Wolfsburg,Hoffenheim,D,A,2023/2024,100.0,60.0,8,5.0,3.0,7,88.24,64.71,1.2,1.2,2.6,1.89,1.4,1.61,2.06,1.47,7,1
2024-02-25,D1,16:30,Dortmund,Hoffenheim,A,H,2023/2024,100.0,80.0,7,5.0,4.0,5,88.24,64.71,2.2,1.6,2.6,1.78,1.6,1.28,2.06,2.18,10,1
2024-03-10,D1,16:30,Ein Frankfurt,Hoffenheim,H,D,2023/2024,100.0,60.0,7,5.0,3.0,2,88.24,52.94,1.8,1.6,2.6,2.07,1.0,1.82,2.06,1.71,5,1
2024-03-30,D1,14:30,Leverkusen,Hoffenheim,H,A,2023/2024,100.0,60.0,12,5.0,3.0,2,88.24,82.35,1.8,1.8,2.4,1.89,0.4,1.3,2.06,2.76,9,1
2024-04-13,D1,14:30,Mainz,Hoffenheim,H,A,2023/2024,100.0,40.0,8,5.0,2.0,1,88.24,35.29,2.4,1.6,2.6,1.98,0.4,1.58,2.06,1.35,9,1
2024-04-26,D1,19:30,Bochum,Hoffenheim,H,H,2023/2024,100.0,80.0,13,5.0,4.0,4,88.24,58.82,1.6,1.6,2.8,1.88,2.2,1.51,2.06,1.53,10,1
2024-05-12,D1,14:30,Darmstadt,Hoffenheim,A,A,2023/2024,100.0,60.0,1,5.0,3.0,7,88.24,64.71,0.4,2.2,2.4,2.03,3.8,1.34,2.06,0.88,2,1
2024-08-31,D1,14:30,Ein Frankfurt,Hoffenheim,H,H,2024/2025,100.0,100.0,7,1.0,1.0,3,100.0,100.0,3.0,1.0,3.0,1.75,1.0,1.46,1.0,3.0,1,1
2024-08-24,D1,14:30,Hoffenheim,Holstein Kiel,H,H,2024/2025,100.0,100.0,8,1.0,1.0,6,100.0,100.0,3.0,2.0,3.0,2.03,2.0,1.56,2.0,3.0,8,1
2022-08-06,D1,17:30,Dortmund,Leverkusen,H,H,2022/2023,0.0,0.0,4,0.0,0.0,3,58.82,82.35,1.0,0.0,1.0,2.11,0.0,1.47,1.29,3.24,3,0
2022-08-27,D1,14:30,Mainz,Leverkusen,A,A,2022/2023,50.0,50.0,3,1.0,1.0,5,58.82,64.71,0.0,1.5,0.5,2.08,1.5,1.76,1.29,1.82,3,1
2022-09-10,D1,14:30,Hertha,Leverkusen,D,D,2022/2023,66.67,33.33,6,2.0,1.0,5,58.82,47.06,1.0,1.67,1.0,2.08,1.33,1.62,1.29,1.41,3,1
2022-09-30,D1,19:30,Bayern Munich,Leverkusen,H,H,2022/2023,75.0,50.0,10,3.0,2.0,5,58.82,64.71,2.25,1.25,1.75,1.87,0.75,1.32,1.29,3.12,6,1
2022-10-15,D1,14:30,Ein Frankfurt,Leverkusen,H,H,2022/2023,80.0,40.0,11,4.0,2.0,2,58.82,52.94,2.4,1.2,2.4,1.91,0.6,1.8,1.29,2.06,7,1
2022-10-29,D1,14:30,RB Leipzig,Leverkusen,H,H,2022/2023,80.0,60.0,6,4.0,3.0,1,58.82,76.47,2.8,1.2,2.6,1.83,0.4,1.6,1.29,2.24,3,0
2022-11-09,D1,17:30,FC Koln,Leverkusen,A,H,2022/2023,80.0,60.0,7,4.0,3.0,3,58.82,47.06,1.6,1.0,2.8,1.91,1.6,1.81,1.29,1.65,6,1
2023-01-22,D1,16:30,M'gladbach,Leverkusen,A,A,2022/2023,80.0,100.0,8,4.0,5.0,5,58.82,52.94,3.0,1.2,2.8,1.75,2.2,1.85,1.29,1.94,2,1
2023-02-03,D1,19:30,Augsburg,Leverkusen,H,D,2022/2023,60.0,40.0,5,3.0,2.0,4,58.82,41.18,1.2,1.2,2.2,1.95,1.2,1.74,1.29,0.94,2,0
2023-02-11,D1,14:30,Hoffenheim,Leverkusen,A,A,2022/2023,60.0,100.0,6,3.0,5.0,5,58.82,70.59,1.2,1.6,1.4,1.99,2.8,1.74,1.29,1.65,5,1
2023-02-26,D1,14:30,Freiburg,Leverkusen,D,H,2022/2023,60.0,60.0,4,3.0,3.0,4,58.82,41.18,2.2,1.8,1.2,2.08,1.0,1.87,1.29,1.65,1,0
2023-03-12,D1,16:30,Werder Bremen,Leverkusen,A,D,2022/2023,60.0,80.0,6,3.0,4.0,5,58.82,70.59,1.6,2.0,1.4,1.84,1.6,1.89,1.29,1.53,2,1
2023-04-01,D1,14:30,Schalke 04,Leverkusen,A,D,2022/2023,60.0,60.0,3,3.0,3.0,10,58.82,70.59,0.8,2.0,1.0,2.03,1.2,1.99,1.29,1.35,7,1
2023-04-16,D1,18:30,Wolfsburg,Leverkusen,D,D,2022/2023,60.0,60.0,3,3.0,3.0,4,58.82,76.47,1.0,2.0,0.8,2.06,1.6,1.81,1.29,2.0,2,0
2023-04-29,D1,14:30,Union Berlin,Leverkusen,D,D,2022/2023,40.0,20.0,1,2.0,1.0,2,58.82,47.06,1.2,1.4,0.6,2.05,0.2,2.32,1.29,1.76,6,0
2023-05-14,D1,14:30,Stuttgart,Leverkusen,D,D,2022/2023,40.0,60.0,1,2.0,3.0,3,58.82,47.06,1.4,1.4,0.6,1.93,1.6,1.85,1.29,1.35,7,0
2023-05-27,D1,14:30,Bochum,Leverkusen,H,H,2022/2023,40.0,80.0,5,2.0,4.0,2,58.82,64.71,2.0,0.8,0.8,2.05,2.2,1.45,1.29,1.65,2,1
2023-08-26,D1,17:30,M'gladbach,Leverkusen,A,A,2023/2024,100.0,100.0,2,1.0,1.0,10,64.71,76.47,0.0,3.0,0.0,1.89,3.0,1.63,2.47,1.59,5,1
2023-09-15,D1,19:30,Bayern Munich,Leverkusen,D,D,2023/2024,100.0,100.0,9,2.0,2.0,5,64.71,70.59,2.5,2.5,1.0,1.95,1.5,1.41,2.47,3.12,7,1
2023-09-30,D1,14:30,Mainz,Leverkusen,A,A,2023/2024,100.0,66.67,3,3.0,2.0,3,64.71,35.29,0.67,2.67,0.67,1.94,2.33,1.6,2.47,1.35,3,1
2023-10-21,D1,14:30,Wolfsburg,Leverkusen,A,D,2023/2024,100.0,50.0,7,4.0,2.0,6,64.71,64.71,1.75,2.5,0.75,1.94,0.75,1.65,2.47,1.47,4,1
2023-11-04,D1,14:30,Hoffenheim,Leverkusen,A,A,2023/2024,100.0,100.0,7,5.0,5.0,4,64.71,70.59,1.6,2.6,1.0,1.85,2.4,1.38,2.47,1.82,4,1
2023-11-25,D1,14:30,Werder Bremen,Leverkusen,A,A,2023/2024,100.0,80.0,1,5.0,4.0,4,64.71,70.59,1.6,2.6,1.0,1.91,1.8,1.46,2.47,1.71,1,1
2023-12-10,D1,14:30,Stuttgart,Leverkusen,D,H,2023/2024,80.0,60.0,12,4.0,3.0,6,64.71,76.47,2.0,2.4,0.8,1.82,1.2,1.68,2.47,2.94,8,0
2024-01-13,D1,14:30,Augsburg,Leverkusen,A,D,2023/2024,60.0,40.0,0,3.0,2.0,6,64.71,58.82,1.4,2.0,0.8,1.75,1.2,1.57,2.47,1.53,0,0
2024-01-20,D1,17:30,RB Leipzig,Leverkusen,A,H,2023/2024,60.0,80.0,6,3.0,4.0,5,64.71,58.82,2.0,2.2,1.0,1.84,1.4,1.59,2.47,2.35,1,1
2024-02-03,D1,14:30,Darmstadt,Leverkusen,A,A,2023/2024,40.0,40.0,6,2.0,2.0,7,64.71,64.71,0.4,2.0,0.6,2.03,1.8,1.64,2.47,0.88,4,0
2024-02-17,D1,14:30,Heidenheim,Leverkusen,A,A,2023/2024,40.0,60.0,3,2.0,3.0,4,64.71,58.82,1.6,1.8,0.8,2.01,1.4,1.6,2.47,1.76,4,1
2024-03-03,D1,14:30,FC Koln,Leverkusen,A,A,2023/2024,40.0,20.0,0,2.0,1.0,6,64.71,41.18,0.6,2.0,0.6,1.89,1.6,1.67,2.47,0.88,1,0
2024-03-17,D1,14:30,Freiburg,Leverkusen,A,A,2023/2024,60.0,100.0,3,3.0,5.0,7,64.71,58.82,2.2,2.4,1.0,2.09,2.6,1.7,2.47,1.65,2,1
2024-04-06,D1,14:30,Union Berlin,Leverkusen,A,A,2023/2024,40.0,40.0,1,2.0,2.0,8,64.71,58.82,1.0,2.0,0.6,2.03,1.2,2.13,2.47,1.29,7,0
2024-04-21,D1,16:30,Dortmund,Leverkusen,D,D,2023/2024,40.0,60.0,2,2.0,3.0,5,64.71,64.71,1.8,1.8,0.8,2.0,1.2,1.78,2.47,2.18,2,0
2024-05-05,D1,16:30,Ein Frankfurt,Leverkusen,A,A,2023/2024,40.0,60.0,5,2.0,3.0,6,64.71,52.94,1.6,2.4,0.8,1.73,1.6,1.8,2.47,1.71,10,1
2024-05-12,D1,18:30,Bochum,Leverkusen,A,A,2023/2024,60.0,80.0,0,3.0,4.0,10,64.71,58.82,1.4,3.0,0.8,1.92,2.4,1.62,2.47,1.53,2,1
2024-08-23,D1,19:30,M'gladbach,Leverkusen,A,A,2024/2025,100.0,100.0,7,1.0,1.0,9,100.0,100.0,2.0,3.0,2.0,1.86,3.0,1.48,3.0,2.0,2,1
2022-08-13,D1,17:30,Schalke 04,M'gladbach,D,H,2022/2023,100.0,100.0,5,1.0,1.0,9,70.59,70.59,2.0,2.0,2.0,2.0,2.0,1.62,1.12,1.35,2,1
2022-08-27,D1,17:30,Bayern Munich,M'gladbach,D,A,2022/2023,50.0,0.0,20,1.0,0.0,3,70.59,64.71,1.5,1.5,1.5,1.75,0.5,1.21,1.12,3.12,14,0
2022-09-11,D1,16:30,Freiburg,M'gladbach,D,D,2022/2023,33.33,33.33,8,1.0,1.0,5,70.59,41.18,0.67,1.0,1.0,1.9,1.0,1.7,1.12,1.65,7,0
2022-10-01,D1,17:30,Werder Bremen,M'gladbach,H,H,2022/2023,50.0,75.0,9,2.0,3.0,9,70.59,70.59,2.5,1.0,2.0,1.99,2.0,1.58,1.12,1.53,4,1
2022-10-15,D1,14:30,Wolfsburg,M'gladbach,D,D,2022/2023,60.0,80.0,4,3.0,4.0,5,70.59,76.47,1.8,1.2,2.0,1.81,2.0,1.8,1.12,2.0,7,1
2022-10-30,D1,14:30,Union Berlin,M'gladbach,H,A,2022/2023,60.0,40.0,5,3.0,2.0,3,70.59,47.06,1.8,1.0,2.0,1.96,0.6,1.98,1.12,1.76,6,1
2022-11-08,D1,19:30,Bochum,M'gladbach,H,H,2022/2023,80.0,60.0,4,4.0,3.0,2,70.59,64.71,1.6,1.0,2.2,1.99,1.0,1.75,1.12,1.65,6,1
2023-01-25,D1,19:30,Augsburg,M'gladbach,H,D,2022/2023,80.0,40.0,4,4.0,2.0,2,70.59,41.18,1.2,1.0,2.4,1.96,1.4,1.63,1.12,0.94,3,0
2023-01-28,D1,14:30,Hoffenheim,M'gladbach,A,A,2022/2023,80.0,80.0,5,4.0,4.0,5,70.59,70.59,1.0,1.6,1.6,2.03,2.6,1.65,1.12,1.65,4,1
2023-02-12,D1,14:30,Hertha,M'gladbach,H,D,2022/2023,80.0,60.0,7,4.0,3.0,3,70.59,47.06,1.6,1.4,2.0,2.08,2.2,1.94,1.12,1.41,4,1
2023-02-24,D1,19:30,Mainz,M'gladbach,H,H,2022/2023,80.0,80.0,8,4.0,4.0,2,70.59,64.71,2.8,1.2,2.4,1.9,1.2,1.78,1.12,1.82,3,1
2023-03-11,D1,14:30,RB Leipzig,M'gladbach,H,D,2022/2023,80.0,80.0,9,4.0,4.0,3,70.59,76.47,1.8,1.0,2.6,2.01,1.0,1.5,1.12,2.24,11,1
2023-04-02,D1,14:30,FC Koln,M'gladbach,D,D,2022/2023,80.0,20.0,5,4.0,1.0,2,70.59,47.06,0.6,1.0,2.4,1.93,0.8,1.95,1.12,1.65,11,0
2023-04-15,D1,17:30,Ein Frankfurt,M'gladbach,D,A,2022/2023,60.0,20.0,5,3.0,1.0,2,70.59,52.94,1.6,0.4,2.4,1.94,0.6,1.68,1.12,2.06,10,0
2023-04-29,D1,14:30,Stuttgart,M'gladbach,H,H,2022/2023,60.0,80.0,5,3.0,4.0,4,70.59,47.06,1.8,0.4,2.0,1.9,1.4,1.7,1.12,1.35,5,1
2023-05-13,D1,17:30,Dortmund,M'gladbach,H,H,2022/2023,60.0,100.0,13,3.0,5.0,8,70.59,82.35,4.6,0.8,2.2,1.86,0.8,1.23,1.12,3.24,10,1
2023-05-21,D1,18:30,Leverkusen,M'gladbach,D,H,2022/2023,60.0,80.0,6,3.0,4.0,5,70.59,70.59,2.0,1.2,2.0,1.75,1.2,1.42,1.12,2.06,2,1
2023-08-19,D1,14:30,Augsburg,M'gladbach,D,D,2023/2024,100.0,100.0,8,1.0,1.0,6,76.47,58.82,4.0,4.0,4.0,1.82,4.0,1.67,1.71,1.53,8,1
2023-09-17,D1,16:30,Darmstadt,M'gladbach,D,H,2023/2024,100.0,100.0,8,2.0,2.0,10,76.47,64.71,2.0,3.5,3.5,2.1,3.5,1.72,1.71,0.88,6,1
2023-09-30,D1,14:30,Bochum,M'gladbach,A,A,2023/2024,100.0,33.33,5,3.0,1.0,9,76.47,58.82,1.0,3.33,2.67,2.0,1.67,1.66,1.71,1.53,5,1
2023-10-22,D1,14:30,FC Koln,M'gladbach,H,H,2023/2024,100.0,75.0,8,4.0,3.0,2,76.47,41.18,1.25,2.75,2.75,1.87,2.0,1.7,1.71,0.88,8,1
2023-11-04,D1,14:30,Freiburg,M'gladbach,D,A,2023/2024,100.0,60.0,8,5.0,3.0,5,76.47,58.82,2.0,2.8,2.8,2.01,1.6,1.68,1.71,1.65,8,1
2023-11-25,D1,14:30,Dortmund,M'gladbach,H,H,2023/2024,100.0,60.0,13,5.0,3.0,3,76.47,64.71,2.0,2.4,2.8,2.06,1.6,1.36,1.71,2.18,5,1
2023-12-09,D1,14:30,Union Berlin,M'gladbach,H,H,2023/2024,100.0,60.0,6,5.0,3.0,4,76.47,58.82,0.8,2.0,2.8,1.73,2.0,1.93,1.71,1.29,6,1
2023-12-20,D1,19:30,Ein Frankfurt,M'gladbach,H,A,2023/2024,100.0,80.0,7,5.0,4.0,2,76.47,52.94,2.6,1.6,3.0,1.93,1.4,1.67,1.71,1.71,8,1
2024-01-27,D1,17:30,Leverkusen,M'gladbach,D,D,2023/2024,80.0,60.0,8,4.0,3.0,3,76.47,82.35,2.4,1.4,2.4,1.93,0.2,1.33,1.71,2.76,8,0
2024-02-03,D1,14:30,Bayern Munich,M'gladbach,H,D,2023/2024,80.0,60.0,6,4.0,3.0,4,76.47,70.59,2.0,1.0,2.4,1.92,0.4,1.22,1.71,3.12,6,1
2024-02-17,D1,17:30,RB Leipzig,M'gladbach,H,H,2023/2024,60.0,40.0,9,3.0,2.0,0,76.47,58.82,1.8,0.6,2.0,1.85,1.0,1.45,1.71,2.35,8,0
2024-03-02,D1,14:30,Mainz,M'gladbach,D,H,2023/2024,40.0,0.0,5,2.0,0.0,5,76.47,35.29,0.8,0.6,1.6,1.95,0.8,1.97,1.71,1.35,12,0
2024-03-16,D1,14:30,Heidenheim,M'gladbach,D,A,2023/2024,20.0,40.0,5,1.0,2.0,2,76.47,58.82,0.8,0.6,1.4,1.94,1.2,1.72,1.71,1.76,10,0
2024-04-07,D1,16:30,Wolfsburg,M'gladbach,A,H,2023/2024,40.0,80.0,4,2.0,4.0,6,76.47,64.71,1.4,1.2,1.6,2.0,2.4,1.71,1.71,1.47,4,1
2024-04-20,D1,14:30,Hoffenheim,M'gladbach,H,D,2023/2024,40.0,80.0,9,2.0,4.0,7,76.47,70.59,1.8,1.6,1.8,2.09,1.8,1.53,1.71,1.82,6,1
2024-05-04,D1,14:30,Werder Bremen,M'gladbach,D,D,2023/2024,60.0,60.0,6,3.0,3.0,7,76.47,70.59,1.2,2.0,1.8,1.75,1.6,1.6,1.71,1.71,7,1
2024-05-18,D1,14:30,Stuttgart,M'gladbach,H,H,2023/2024,80.0,80.0,11,4.0,4.0,5,76.47,76.47,3.0,1.8,2.4,1.75,0.8,1.25,1.71,2.94,8,1
2024-08-31,D1,14:30,Bochum,M'gladbach,A,D,2024/2025,0.0,0.0,4,0.0,0.0,6,0.0,0.0,0.0,2.0,0.0,1.86,2.0,1.53,2.0,0.0,3,0
2022-08-06,D1,14:30,Bochum,Mainz,A,D,2022/2023,100.0,100.0,3,1.0,1.0,6,64.71,64.71,1.0,2.0,1.0,1.95,2.0,1.94,1.35,1.65,3,1
2022-08-20,D1,14:30,Augsburg,Mainz,A,D,2022/2023,100.0,100.0,2,2.0,2.0,7,64.71,41.18,0.5,2.0,1.0,1.94,3.0,1.85,1.35,0.94,3,1
2022-09-04,D1,16:30,M'gladbach,Mainz,A,D,2022/2023,66.67,33.33,3,2.0,1.0,5,64.71,52.94,1.33,1.67,0.67,2.05,0.67,1.8,1.35,1.94,4,0
2022-09-10,D1,14:30,Hoffenheim,Mainz,H,D,2022/2023,75.0,66.67,9,3.0,2.0,2,64.71,70.59,2.67,1.5,1.5,1.78,1.0,1.73,1.35,1.65,7,1
2022-10-01,D1,14:30,Freiburg,Mainz,H,H,2022/2023,80.0,50.0,6,4.0,2.0,7,64.71,41.18,1.0,1.4,1.6,1.91,1.0,2.08,1.35,1.65,5,1
2022-10-15,D1,14:30,Werder Bremen,Mainz,A,A,2022/2023,60.0,60.0,4,3.0,3.0,5,64.71,70.59,2.0,1.4,1.4,1.98,2.0,1.77,1.35,1.53,3,0
2022-10-29,D1,14:30,Bayern Munich,Mainz,H,H,2022/2023,60.0,80.0,12,3.0,4.0,5,64.71,64.71,3.6,1.4,2.4,1.88,1.0,1.31,1.35,3.12,8,1
2022-11-09,D1,19:30,Schalke 04,Mainz,H,H,2022/2023,60.0,60.0,4,3.0,3.0,1,64.71,70.59,1.2,1.2,2.6,1.81,1.8,1.9,1.35,1.35,1,0
2023-01-21,D1,14:30,Stuttgart,Mainz,D,D,2022/2023,40.0,60.0,4,2.0,3.0,2,64.71,47.06,1.8,1.2,2.0,1.99,1.0,2.0,1.35,1.35,3,0
2023-02-04,D1,14:30,Union Berlin,Mainz,H,H,2022/2023,40.0,80.0,5,2.0,4.0,2,64.71,47.06,2.2,1.2,2.0,1.96,1.0,2.42,1.35,1.76,5,1
2023-02-19,D1,18:30,Leverkusen,Mainz,A,A,2022/2023,60.0,40.0,7,3.0,2.0,7,64.71,70.59,2.2,1.4,2.4,1.96,1.0,1.84,1.35,2.06,4,1
2023-03-11,D1,14:30,Hertha,Mainz,D,H,2022/2023,40.0,40.0,4,2.0,2.0,3,64.71,47.06,1.4,1.2,1.4,1.88,1.8,2.13,1.35,1.41,7,0
2023-04-01,D1,14:30,RB Leipzig,Mainz,A,A,2022/2023,60.0,100.0,3,3.0,5.0,7,64.71,76.47,1.6,1.8,1.2,1.86,1.4,1.91,1.35,2.24,3,1
2023-04-15,D1,14:30,FC Koln,Mainz,D,A,2022/2023,60.0,20.0,4,3.0,1.0,1,64.71,47.06,0.8,1.8,1.2,1.96,1.0,2.25,1.35,1.65,3,0
2023-04-30,D1,16:30,Wolfsburg,Mainz,H,H,2022/2023,60.0,60.0,4,3.0,3.0,2,64.71,76.47,1.6,1.6,1.4,1.98,1.0,1.79,1.35,2.0,3,1
2023-05-13,D1,14:30,Ein Frankfurt,Mainz,H,H,2022/2023,60.0,20.0,7,3.0,1.0,4,64.71,52.94,1.4,1.0,1.6,1.82,0.8,1.7,1.35,2.06,5,1
2023-05-27,D1,14:30,Dortmund,Mainz,D,A,2022/2023,80.0,100.0,12,4.0,5.0,4,64.71,82.35,3.8,1.2,1.8,1.82,1.0,1.23,1.35,3.24,6,1
2023-08-20,D1,14:30,Union Berlin,Mainz,H,H,2023/2024,100.0,100.0,7,1.0,1.0,3,52.94,58.82,4.0,1.0,4.0,1.91,1.0,2.31,0.94,1.29,3,1
2023-09-02,D1,14:30,Werder Bremen,Mainz,H,H,2023/2024,100.0,100.0,6,2.0,2.0,3,52.94,70.59,2.0,0.5,4.0,1.97,2.0,1.92,0.94,1.71,1,1
2023-09-23,D1,14:30,Augsburg,Mainz,H,H,2023/2024,100.0,100.0,3,3.0,3.0,3,52.94,58.82,2.67,0.67,3.33,1.83,2.33,1.96,0.94,1.53,3,1
2023-10-06,D1,19:30,M'gladbach,Mainz,D,D,2023/2024,100.0,75.0,9,4.0,3.0,7,52.94,76.47,0.75,1.0,3.0,1.9,2.0,1.65,0.94,1.59,10,1
2023-10-27,D1,19:30,Bochum,Mainz,D,H,2023/2024,100.0,50.0,4,5.0,2.0,4,52.94,58.82,1.25,1.2,2.8,1.7,1.75,1.8,0.94,1.53,5,1
2023-11-11,D1,14:30,Darmstadt,Mainz,D,D,2023/2024,80.0,80.0,3,4.0,4.0,0,52.94,64.71,1.8,1.0,2.0,1.93,2.0,1.93,0.94,0.88,0,0
2023-11-26,D1,16:30,Hoffenheim,Mainz,D,A,2023/2024,60.0,80.0,6,3.0,4.0,6,52.94,70.59,1.6,1.2,1.4,1.86,2.2,1.63,0.94,1.82,4,0
2023-12-10,D1,16:30,FC Koln,Mainz,D,D,2023/2024,40.0,20.0,3,2.0,1.0,5,52.94,41.18,0.8,1.0,1.0,1.98,1.0,1.9,0.94,0.88,1,0
2023-12-19,D1,19:30,Dortmund,Mainz,D,D,2023/2024,20.0,60.0,8,1.0,3.0,6,52.94,64.71,1.6,0.8,0.8,1.98,2.0,1.5,0.94,2.18,6,0
2024-01-26,D1,19:30,Ein Frankfurt,Mainz,H,D,2023/2024,0.0,80.0,4,0.0,4.0,0,52.94,52.94,2.4,0.4,0.6,1.92,1.4,2.28,0.94,1.71,2,0
2024-02-11,D1,14:30,Stuttgart,Mainz,H,H,2023/2024,20.0,60.0,7,1.0,3.0,6,52.94,76.47,2.8,0.6,1.2,2.08,0.8,1.78,0.94,2.94,4,1
2024-02-23,D1,19:30,Leverkusen,Mainz,H,D,2023/2024,40.0,80.0,7,2.0,4.0,4,52.94,82.35,2.4,0.6,1.4,1.97,0.2,1.61,0.94,2.76,11,1
2024-03-09,D1,14:30,Bayern Munich,Mainz,H,H,2023/2024,60.0,60.0,12,3.0,3.0,3,52.94,70.59,2.8,0.8,3.0,1.87,0.8,1.42,0.94,3.12,6,1
2024-03-30,D1,14:30,RB Leipzig,Mainz,D,D,2023/2024,60.0,20.0,10,3.0,1.0,2,52.94,58.82,1.6,0.6,2.8,2.0,0.6,1.45,0.94,2.35,12,0
2024-04-21,D1,18:30,Freiburg,Mainz,D,D,2023/2024,60.0,80.0,3,3.0,4.0,4,52.94,58.82,1.8,0.8,2.8,1.82,2.6,1.88,0.94,1.65,2,0
2024-05-05,D1,18:30,Heidenheim,Mainz,D,A,2023/2024,40.0,60.0,6,2.0,3.0,4,52.94,58.82,1.4,0.8,2.4,1.87,1.6,1.85,0.94,1.76,6,0
2024-05-18,D1,14:30,Wolfsburg,Mainz,A,D,2023/2024,40.0,80.0,4,2.0,4.0,6,52.94,64.71,1.4,1.2,2.2,1.91,1.8,1.79,0.94,1.47,1,1
2024-08-31,D1,14:30,Stuttgart,Mainz,D,H,2024/2025,100.0,100.0,13,1.0,1.0,7,100.0,100.0,3.0,3.0,3.0,1.87,3.0,1.66,3.0,3.0,11,1
2022-08-07,D1,14:30,Stuttgart,RB Leipzig,D,D,2022/2023,0.0,0.0,2,0.0,0.0,9,58.82,47.06,1.0,1.0,1.0,1.87,1.0,1.83,1.53,1.35,1,0
2022-08-20,D1,17:30,Union Berlin,RB Leipzig,H,H,2022/2023,50.0,100.0,4,1.0,2.0,2,58.82,47.06,2.5,1.0,1.5,1.92,1.0,1.98,1.53,1.76,1,1
2022-09-03,D1,17:30,Ein Frankfurt,RB Leipzig,H,H,2022/2023,66.67,66.67,9,2.0,2.0,0,58.82,52.94,2.0,0.67,2.33,2.03,2.33,1.74,1.53,2.06,4,1
2022-09-17,D1,17:30,M'gladbach,RB Leipzig,H,H,2022/2023,75.0,50.0,10,3.0,2.0,6,58.82,52.94,1.75,0.5,2.5,1.9,0.5,1.73,1.53,1.94,8,1
2022-10-08,D1,14:30,Mainz,RB Leipzig,D,H,2022/2023,60.0,25.0,3,3.0,1.0,3,58.82,64.71,0.5,0.6,2.2,1.97,1.25,1.84,1.53,1.82,4,0
2022-10-22,D1,14:30,Augsburg,RB Leipzig,D,H,2022/2023,80.0,40.0,3,4.0,2.0,8,58.82,41.18,1.2,1.0,2.6,1.75,1.6,1.65,1.53,0.94,3,1
2022-11-05,D1,14:30,Hoffenheim,RB Leipzig,A,A,2022/2023,80.0,60.0,3,4.0,3.0,8,58.82,70.59,1.2,1.4,2.4,1.68,1.6,1.66,1.53,1.65,6,1
2022-11-12,D1,14:30,Werder Bremen,RB Leipzig,A,A,2022/2023,80.0,60.0,5,4.0,3.0,3,58.82,70.59,1.8,1.8,1.8,1.94,1.2,1.65,1.53,1.53,0,1
2023-01-24,D1,17:30,Schalke 04,RB Leipzig,A,A,2022/2023,80.0,40.0,1,4.0,2.0,14,58.82,70.59,0.4,3.0,1.4,2.01,2.6,1.75,1.53,1.35,1,1
2023-02-04,D1,14:30,FC Koln,RB Leipzig,D,D,2022/2023,80.0,60.0,0,4.0,3.0,2,58.82,47.06,2.4,2.8,1.2,1.86,1.2,1.82,1.53,1.65,5,0
2023-02-18,D1,14:30,Wolfsburg,RB Leipzig,A,A,2022/2023,80.0,80.0,2,4.0,4.0,5,58.82,76.47,2.8,2.8,0.6,1.85,1.4,1.74,1.53,2.0,2,1
2023-03-03,D1,19:30,Dortmund,RB Leipzig,H,H,2022/2023,80.0,100.0,3,4.0,5.0,6,58.82,82.35,3.6,2.4,0.8,2.08,1.2,1.69,1.53,3.24,4,1
2023-03-18,D1,14:30,Bochum,RB Leipzig,H,D,2022/2023,60.0,40.0,2,3.0,2.0,8,58.82,64.71,1.8,2.0,0.8,1.95,1.4,1.8,1.53,1.65,2,0
2023-04-08,D1,17:30,Hertha,RB Leipzig,A,A,2022/2023,40.0,20.0,1,2.0,1.0,6,58.82,47.06,1.4,1.0,0.6,2.01,1.0,1.99,1.53,1.41,4,0
2023-04-23,D1,16:30,Leverkusen,RB Leipzig,H,H,2022/2023,40.0,80.0,6,2.0,4.0,8,58.82,70.59,2.6,1.0,1.0,1.98,1.2,1.88,1.53,2.06,0,0
2023-05-06,D1,14:30,Freiburg,RB Leipzig,A,D,2022/2023,20.0,40.0,2,1.0,2.0,6,58.82,41.18,1.4,0.6,1.0,2.06,0.8,1.88,1.53,1.65,3,0
2023-05-20,D1,17:30,Bayern Munich,RB Leipzig,A,H,2022/2023,20.0,60.0,4,1.0,3.0,8,58.82,64.71,2.8,1.0,0.8,1.85,1.2,1.41,1.53,3.12,7,1
2023-08-19,D1,14:30,Leverkusen,RB Leipzig,H,H,2023/2024,100.0,100.0,7,1.0,1.0,6,76.47,82.35,3.0,2.0,3.0,2.11,2.0,1.75,2.18,2.76,4,1
2023-09-03,D1,16:30,Union Berlin,RB Leipzig,A,D,2023/2024,100.0,100.0,1,2.0,2.0,8,76.47,58.82,2.0,2.5,1.5,2.05,2.0,1.92,2.18,1.29,3,1
2023-09-23,D1,14:30,M'gladbach,RB Leipzig,A,D,2023/2024,66.67,66.67,1,2.0,2.0,4,76.47,76.47,0.33,2.0,1.0,2.08,2.0,1.57,2.18,1.59,11,0
2023-10-21,D1,14:30,Darmstadt,RB Leipzig,A,A,2023/2024,75.0,100.0,3,3.0,4.0,7,76.47,64.71,2.25,2.25,1.0,1.94,3.0,1.6,2.18,0.88,6,1
2023-11-04,D1,14:30,Mainz,RB Leipzig,H,D,2023/2024,60.0,60.0,3,3.0,3.0,2,76.47,35.29,1.0,1.8,1.2,1.93,2.0,1.7,2.18,1.35,2,0
2023-11-25,D1,14:30,Wolfsburg,RB Leipzig,H,H,2023/2024,60.0,80.0,4,3.0,4.0,10,76.47,64.71,1.8,1.6,1.0,1.98,1.2,1.64,2.18,1.47,1,1
2023-12-09,D1,17:30,Dortmund,RB Leipzig,A,D,2023/2024,60.0,80.0,6,3.0,4.0,8,76.47,64.71,2.2,1.6,1.4,2.04,2.2,1.48,2.18,2.18,6,1
2023-12-19,D1,17:30,Werder Bremen,RB Leipzig,D,D,2023/2024,60.0,40.0,3,3.0,2.0,9,76.47,70.59,1.4,1.6,1.6,2.02,1.2,1.47,2.18,1.71,1,0
2024-01-27,D1,14:30,Stuttgart,RB Leipzig,H,H,2023/2024,60.0,60.0,11,3.0,3.0,2,76.47,76.47,2.6,1.4,2.4,1.88,0.8,1.65,2.18,2.94,9,1
2024-02-10,D1,14:30,Augsburg,RB Leipzig,D,D,2023/2024,80.0,60.0,4,4.0,3.0,6,76.47,58.82,1.4,1.8,2.4,2.01,1.6,1.52,2.18,1.53,1,1
2024-02-24,D1,17:30,Bayern Munich,RB Leipzig,H,D,2023/2024,80.0,60.0,4,4.0,3.0,5,76.47,70.59,1.8,1.8,2.4,2.0,0.6,1.46,2.18,3.12,6,1
2024-03-02,D1,14:30,Bochum,RB Leipzig,A,D,2023/2024,80.0,40.0,4,4.0,2.0,4,76.47,58.82,1.4,2.0,2.2,2.06,1.6,1.54,2.18,1.53,2,1
2024-03-15,D1,19:30,FC Koln,RB Leipzig,A,D,2023/2024,100.0,40.0,2,5.0,2.0,7,76.47,41.18,0.6,2.8,2.2,1.91,2.4,1.64,2.18,0.88,3,1
2024-04-06,D1,14:30,Freiburg,RB Leipzig,A,A,2023/2024,100.0,100.0,4,5.0,5.0,6,76.47,58.82,1.8,3.2,1.4,2.01,3.0,1.5,2.18,1.65,8,1
2024-04-20,D1,14:30,Heidenheim,RB Leipzig,A,A,2023/2024,100.0,80.0,5,5.0,4.0,4,76.47,58.82,1.4,3.2,1.2,1.95,1.8,1.45,2.18,1.76,2,1
2024-05-03,D1,19:30,Hoffenheim,RB Leipzig,D,A,2023/2024,80.0,80.0,8,4.0,4.0,5,76.47,70.59,2.0,3.2,1.0,1.92,1.8,1.28,2.18,1.82,4,0
2024-05-18,D1,14:30,Ein Frankfurt,RB Leipzig,D,A,2023/2024,80.0,60.0,6,4.0,3.0,5,76.47,52.94,1.4,2.8,1.2,1.93,1.8,1.48,2.18,1.71,8,1
2024-08-31,D1,17:30,Leverkusen,RB Leipzig,A,H,2024/2025,100.0,100.0,10,1.0,1.0,4,100.0,100.0,2.0,3.0,2.0,1.73,3.0,1.5,3.0,2.0,18,1
2022-08-07,D1,16:30,FC Koln,Schalke 04,H,D,2022/2023,100.0,100.0,10,1.0,1.0,2,52.94,47.06,3.0,1.0,3.0,2.11,1.0,1.8,0.71,1.65,9,1
2022-08-20,D1,14:30,Wolfsburg,Schalke 04,D,D,2022/2023,50.0,50.0,6,1.0,1.0,2,52.94,76.47,1.0,0.5,1.5,1.84,1.0,1.68,0.71,2.0,12,0
2022-09-03,D1,14:30,Stuttgart,Schalke 04,D,D,2022/2023,33.33,0.0,3,1.0,0.0,4,52.94,47.06,0.67,0.67,1.33,1.9,1.0,1.81,0.71,1.35,5,0
2022-09-17,D1,14:30,Dortmund,Schalke 04,H,D,2022/2023,25.0,25.0,7,1.0,1.0,0,52.94,82.35,1.25,0.5,1.25,1.87,0.75,1.51,0.71,3.24,11,0
2022-10-08,D1,14:30,Leverkusen,Schalke 04,H,H,2022/2023,40.0,80.0,7,2.0,4.0,1,52.94,70.59,1.6,0.4,1.8,2.03,1.8,1.5,0.71,2.06,3,1
2022-10-23,D1,16:30,Hertha,Schalke 04,H,D,2022/2023,40.0,60.0,4,2.0,3.0,2,52.94,47.06,1.4,0.4,1.6,1.98,1.4,1.85,0.71,1.41,5,1
2022-11-05,D1,17:30,Werder Bremen,Schalke 04,H,H,2022/2023,60.0,40.0,5,3.0,2.0,3,52.94,70.59,1.6,0.6,2.0,1.93,1.0,1.65,0.71,1.53,3,1
2023-01-21,D1,14:30,Ein Frankfurt,Schalke 04,H,H,2022/2023,80.0,80.0,3,4.0,4.0,4,52.94,52.94,3.0,0.4,2.4,1.96,1.0,1.6,0.71,2.06,5,1
2023-02-04,D1,17:30,M'gladbach,Schalke 04,D,D,2022/2023,80.0,80.0,4,4.0,4.0,5,52.94,52.94,2.0,0.4,2.2,2.05,1.8,1.68,0.71,1.94,9,0
2023-02-19,D1,14:30,Union Berlin,Schalke 04,D,D,2022/2023,60.0,80.0,4,3.0,4.0,2,52.94,47.06,1.8,0.4,1.4,1.94,1.0,2.42,0.71,1.76,6,0
2023-03-04,D1,14:30,Bochum,Schalke 04,A,A,2022/2023,40.0,60.0,4,2.0,3.0,5,52.94,64.71,2.0,0.6,1.0,1.9,1.6,2.2,0.71,1.65,4,0
2023-03-18,D1,14:30,Augsburg,Schalke 04,D,D,2022/2023,20.0,20.0,3,1.0,1.0,5,52.94,41.18,1.2,0.6,0.8,2.13,0.4,2.06,0.71,0.94,9,0
2023-04-09,D1,18:30,Hoffenheim,Schalke 04,H,H,2022/2023,0.0,60.0,4,0.0,3.0,3,52.94,70.59,1.4,0.6,0.6,1.97,1.8,1.88,0.71,1.65,9,0
2023-04-23,D1,14:30,Freiburg,Schalke 04,H,H,2022/2023,20.0,40.0,12,1.0,2.0,4,52.94,41.18,1.6,0.6,1.4,1.75,0.8,2.12,0.71,1.65,6,1
2023-05-05,D1,19:30,Mainz,Schalke 04,A,A,2022/2023,40.0,60.0,4,2.0,3.0,10,52.94,64.71,1.8,1.2,1.8,1.83,1.4,1.71,0.71,1.82,7,1
2023-05-13,D1,14:30,Bayern Munich,Schalke 04,H,H,2022/2023,60.0,60.0,14,3.0,3.0,0,52.94,64.71,3.6,0.8,3.0,1.95,1.2,1.22,0.71,3.12,4,1
2023-05-27,D1,14:30,RB Leipzig,Schalke 04,H,H,2022/2023,80.0,80.0,12,4.0,4.0,4,52.94,76.47,2.0,1.0,3.6,1.77,1.6,1.37,0.71,2.24,4,1
2024-08-30,D1,19:30,Union Berlin,St Pauli,H,H,2024/2025,0.0,0.0,5,0.0,0.0,2,0.0,0.0,1.0,0.0,1.0,1.99,0.0,2.21,0.0,1.0,5,0
2022-08-13,D1,14:30,Werder Bremen,Stuttgart,D,D,2022/2023,100.0,100.0,3,1.0,1.0,7,76.47,70.59,2.0,2.0,2.0,2.02,2.0,1.7,1.29,1.53,2,1
2022-08-28,D1,14:30,FC Koln,Stuttgart,D,D,2022/2023,50.0,50.0,2,1.0,1.0,5,76.47,47.06,1.5,1.0,1.0,2.1,0.5,1.83,1.29,1.65,6,0
2022-09-10,D1,14:30,Bayern Munich,Stuttgart,D,H,2022/2023,66.67,33.33,7,2.0,1.0,3,76.47,64.71,1.67,1.33,1.33,1.96,1.0,1.32,1.29,3.12,3,1
2022-10-01,D1,14:30,Wolfsburg,Stuttgart,H,D,2022/2023,75.0,75.0,7,3.0,3.0,7,76.47,76.47,1.75,1.5,1.75,1.81,2.0,2.16,1.29,2.0,8,1
2022-10-22,D1,14:30,Dortmund,Stuttgart,H,H,2022/2023,80.0,60.0,10,4.0,3.0,1,76.47,82.35,2.2,1.2,2.4,1.96,1.0,1.62,1.29,3.24,9,1
2022-11-04,D1,19:30,M'gladbach,Stuttgart,H,H,2022/2023,80.0,80.0,6,4.0,4.0,4,76.47,52.94,2.4,1.0,2.6,2.02,1.4,1.6,1.29,1.94,3,1
2022-11-12,D1,14:30,Leverkusen,Stuttgart,H,H,2022/2023,80.0,60.0,3,4.0,3.0,1,76.47,70.59,2.8,1.0,3.0,2.08,0.6,1.81,1.29,2.06,4,0
2023-01-24,D1,19:30,Hoffenheim,Stuttgart,D,D,2022/2023,80.0,80.0,5,4.0,4.0,4,76.47,70.59,1.0,1.0,3.0,1.85,2.2,1.7,1.29,1.65,6,1
2023-01-27,D1,19:30,RB Leipzig,Stuttgart,H,H,2022/2023,80.0,60.0,4,4.0,3.0,3,76.47,76.47,2.2,0.8,2.8,1.84,1.0,1.61,1.29,2.24,3,1
2023-02-11,D1,14:30,Freiburg,Stuttgart,H,A,2022/2023,80.0,60.0,5,4.0,3.0,3,76.47,41.18,2.4,1.0,2.2,1.7,0.8,2.12,1.29,1.65,4,1
2023-02-25,D1,17:30,Schalke 04,Stuttgart,H,H,2022/2023,80.0,40.0,6,4.0,2.0,5,76.47,70.59,0.6,1.0,2.0,1.87,1.8,2.17,1.29,1.35,6,1
2023-03-11,D1,14:30,Ein Frankfurt,Stuttgart,D,D,2022/2023,80.0,60.0,1,4.0,3.0,5,76.47,52.94,2.6,1.2,1.8,1.85,0.6,2.2,1.29,2.06,3,0
2023-04-01,D1,14:30,Union Berlin,Stuttgart,H,D,2022/2023,80.0,40.0,5,4.0,2.0,8,76.47,47.06,1.4,0.8,2.0,1.87,0.2,2.69,1.29,1.76,3,1
2023-04-09,D1,16:30,Bochum,Stuttgart,A,A,2022/2023,80.0,40.0,5,4.0,2.0,7,76.47,64.71,1.6,1.2,2.0,1.81,1.8,2.35,1.29,1.65,7,1
2023-04-21,D1,19:30,Augsburg,Stuttgart,D,H,2022/2023,60.0,40.0,1,3.0,2.0,3,76.47,41.18,1.2,1.2,1.8,2.0,1.2,1.84,1.29,0.94,1,0
2023-05-06,D1,14:30,Hertha,Stuttgart,H,H,2022/2023,60.0,40.0,3,3.0,2.0,4,76.47,47.06,1.4,1.2,1.8,1.86,1.4,1.95,1.29,1.41,3,1
2023-05-21,D1,14:30,Mainz,Stuttgart,A,D,2022/2023,80.0,80.0,6,4.0,4.0,6,76.47,64.71,1.8,1.8,1.8,2.01,2.2,1.87,1.29,1.82,6,1
2023-08-25,D1,19:30,RB Leipzig,Stuttgart,H,A,2023/2024,100.0,100.0,11,1.0,1.0,3,70.59,58.82,5.0,1.0,5.0,2.1,1.0,1.67,1.65,2.35,4,1
2023-09-16,D1,14:30,Mainz,Stuttgart,A,D,2023/2024,100.0,50.0,3,2.0,1.0,6,70.59,35.29,1.0,2.0,3.0,1.95,2.0,1.9,1.65,1.35,6,1
2023-09-30,D1,14:30,FC Koln,Stuttgart,A,D,2023/2024,66.67,66.67,5,2.0,2.0,4,70.59,41.18,0.67,2.0,2.0,2.09,2.33,1.83,1.65,0.88,8,0
2023-10-21,D1,14:30,Union Berlin,Stuttgart,A,A,2023/2024,75.0,75.0,2,3.0,3.0,5,70.59,58.82,1.0,2.25,1.5,1.84,2.25,2.15,1.65,1.29,4,1
2023-11-05,D1,16:30,Heidenheim,Stuttgart,H,D,2023/2024,60.0,60.0,2,3.0,3.0,2,70.59,58.82,2.2,1.8,1.6,1.83,2.0,1.74,1.65,1.76,9,0
2023-11-25,D1,17:30,Ein Frankfurt,Stuttgart,A,A,2023/2024,60.0,40.0,1,3.0,2.0,5,70.59,52.94,1.4,2.0,0.8,1.73,1.2,1.95,1.65,1.71,4,1
2023-12-17,D1,18:30,Bayern Munich,Stuttgart,H,H,2023/2024,60.0,100.0,8,3.0,5.0,2,70.59,70.59,5.0,1.4,1.2,2.05,0.4,1.35,1.65,3.12,6,1
2024-01-14,D1,16:30,M'gladbach,Stuttgart,H,H,2023/2024,80.0,100.0,4,4.0,5.0,2,70.59,76.47,2.6,1.2,1.8,1.95,1.0,1.66,1.65,1.59,0,1
2024-01-20,D1,14:30,Bochum,Stuttgart,H,D,2023/2024,60.0,40.0,1,3.0,2.0,4,70.59,58.82,1.8,0.6,2.0,1.89,0.6,1.71,1.65,1.53,1,0
2024-02-03,D1,14:30,Freiburg,Stuttgart,A,A,2023/2024,80.0,40.0,4,4.0,2.0,9,70.59,58.82,1.4,1.2,1.8,1.91,1.2,2.01,1.65,1.65,1,1
2024-02-17,D1,14:30,Darmstadt,Stuttgart,A,A,2023/2024,80.0,60.0,9,4.0,3.0,4,70.59,64.71,0.6,1.2,1.8,1.75,2.0,1.69,1.65,0.88,5,1
2024-03-02,D1,17:30,Wolfsburg,Stuttgart,A,A,2023/2024,80.0,60.0,2,4.0,3.0,3,70.59,64.71,1.4,1.8,1.6,1.92,1.8,1.85,1.65,1.47,5,1
2024-03-16,D1,17:30,Hoffenheim,Stuttgart,A,A,2023/2024,80.0,40.0,1,4.0,2.0,12,70.59,70.59,0.8,2.2,1.0,1.99,1.4,1.43,1.65,1.82,5,1
2024-04-06,D1,17:30,Dortmund,Stuttgart,A,D,2023/2024,80.0,80.0,7,4.0,4.0,2,70.59,64.71,2.2,2.4,0.8,1.98,1.2,1.39,1.65,2.18,8,0
2024-04-21,D1,14:30,Werder Bremen,Stuttgart,H,H,2023/2024,80.0,60.0,2,4.0,3.0,5,70.59,70.59,1.0,2.0,1.0,1.93,1.6,1.59,1.65,1.71,1,1
2024-04-27,D1,17:30,Leverkusen,Stuttgart,D,D,2023/2024,80.0,80.0,6,4.0,4.0,4,70.59,82.35,2.6,2.0,1.2,2.05,0.8,1.62,1.65,2.76,5,1
2024-05-10,D1,19:30,Augsburg,Stuttgart,A,D,2023/2024,60.0,20.0,1,3.0,1.0,7,70.59,58.82,0.8,1.6,0.8,1.9,1.0,1.4,1.65,1.53,5,0
2024-08-24,D1,14:30,Freiburg,Stuttgart,H,D,2024/2025,100.0,100.0,4,1.0,1.0,2,100.0,100.0,3.0,1.0,3.0,1.95,1.0,1.61,1.0,3.0,6,1
2022-08-14,D1,14:30,Mainz,Union Berlin,D,D,2022/2023,0.0,0.0,5,0.0,0.0,2,52.94,64.71,0.0,0.0,0.0,1.91,0.0,2.06,1.24,1.82,4,0
2022-08-27,D1,14:30,Schalke 04,Union Berlin,A,A,2022/2023,50.0,100.0,4,1.0,2.0,7,52.94,70.59,1.5,3.0,0.5,1.85,4.0,2.03,1.24,1.35,8,1
2022-09-11,D1,14:30,FC Koln,Union Berlin,A,A,2022/2023,33.33,33.33,2,1.0,1.0,3,52.94,47.06,1.0,2.33,0.33,1.75,0.67,2.0,1.24,1.65,7,0
2022-10-01,D1,14:30,Ein Frankfurt,Union Berlin,H,H,2022/2023,25.0,40.0,4,1.0,2.0,5,52.94,52.94,1.6,1.75,0.75,2.07,1.6,2.11,1.24,2.06,4,0
2022-10-09,D1,18:30,Stuttgart,Union Berlin,A,D,2022/2023,20.0,20.0,3,1.0,1.0,4,52.94,47.06,0.6,1.6,0.6,2.02,1.4,2.65,1.24,1.35,2,0
2022-10-23,D1,14:30,Bochum,Union Berlin,H,H,2022/2023,40.0,60.0,5,2.0,3.0,3,52.94,64.71,1.2,1.8,1.0,2.04,2.2,2.26,1.24,1.65,3,1
2022-11-06,D1,14:30,Leverkusen,Union Berlin,H,D,2022/2023,40.0,80.0,8,2.0,4.0,1,52.94,70.59,2.8,0.6,1.8,1.91,1.2,2.4,1.24,2.06,1,1
2022-11-13,D1,16:30,Freiburg,Union Berlin,H,H,2022/2023,60.0,40.0,5,3.0,2.0,2,52.94,41.18,2.0,0.6,2.6,2.1,0.4,2.8,1.24,1.65,2,1
2023-01-25,D1,19:30,Werder Bremen,Union Berlin,A,D,2022/2023,80.0,60.0,3,4.0,3.0,5,52.94,70.59,1.0,1.0,2.4,2.09,1.4,2.27,1.24,1.53,5,1
2023-01-28,D1,14:30,Hertha,Union Berlin,A,A,2022/2023,80.0,60.0,3,4.0,3.0,3,52.94,47.06,1.2,1.2,2.4,2.06,2.2,2.48,1.24,1.41,3,0
2023-02-11,D1,17:30,RB Leipzig,Union Berlin,A,H,2022/2023,80.0,60.0,1,4.0,3.0,5,52.94,76.47,1.8,1.4,2.2,1.79,1.0,2.36,1.24,2.24,3,1
2023-02-26,D1,16:30,Bayern Munich,Union Berlin,H,H,2022/2023,80.0,60.0,10,4.0,3.0,1,52.94,64.71,2.8,1.4,1.8,1.94,0.6,1.79,1.24,3.12,10,1
2023-03-12,D1,18:30,Wolfsburg,Union Berlin,D,D,2022/2023,60.0,80.0,6,3.0,4.0,2,52.94,76.47,2.2,1.4,1.2,1.91,2.0,2.61,1.24,2.0,3,0
2023-04-08,D1,14:30,Dortmund,Union Berlin,H,H,2022/2023,60.0,100.0,6,3.0,5.0,2,52.94,82.35,3.8,1.2,1.4,1.87,1.0,1.84,1.24,3.24,8,1
2023-04-23,D1,18:30,M'gladbach,Union Berlin,A,D,2022/2023,60.0,40.0,4,3.0,2.0,4,52.94,52.94,1.4,1.0,1.4,1.81,1.0,2.2,1.24,1.94,2,0
2023-05-06,D1,14:30,Augsburg,Union Berlin,H,D,2022/2023,40.0,40.0,3,2.0,2.0,4,52.94,41.18,1.2,0.6,1.4,1.9,1.2,2.38,1.24,0.94,3,0
2023-05-20,D1,14:30,Hoffenheim,Union Berlin,H,H,2022/2023,40.0,80.0,5,2.0,4.0,4,52.94,70.59,2.6,1.0,1.6,1.97,1.4,2.13,1.24,1.65,1,1
2023-08-26,D1,14:30,Darmstadt,Union Berlin,A,A,2023/2024,100.0,100.0,6,1.0,1.0,6,35.29,64.71,1.0,4.0,1.0,1.91,4.0,2.28,0.65,0.88,3,1
2023-09-16,D1,14:30,Wolfsburg,Union Berlin,H,H,2023/2024,100.0,50.0,3,2.0,1.0,5,35.29,64.71,2.0,2.5,1.5,1.91,0.5,2.25,0.65,1.47,3,1
2023-09-30,D1,14:30,Heidenheim,Union Berlin,H,D,2023/2024,66.67,66.67,4,2.0,2.0,8,35.29,58.82,2.33,1.67,1.33,1.92,1.67,2.0,0.65,1.76,5,0
2023-10-07,D1,14:30,Dortmund,Union Berlin,H,A,2023/2024,75.0,50.0,7,3.0,2.0,6,35.29,64.71,2.0,1.75,2.0,1.91,1.0,1.76,0.65,2.18,4,1
2023-10-28,D1,14:30,Werder Bremen,Union Berlin,H,H,2023/2024,60.0,80.0,3,3.0,4.0,2,35.29,70.59,2.0,1.4,2.0,2.11,1.6,1.92,0.65,1.71,3,0
2023-11-12,D1,14:30,Leverkusen,Union Berlin,H,H,2023/2024,60.0,100.0,10,3.0,5.0,2,35.29,82.35,3.6,0.6,2.6,2.01,0.6,1.65,0.65,2.76,10,1
2023-12-16,D1,14:30,Bochum,Union Berlin,H,H,2023/2024,60.0,80.0,7,3.0,4.0,2,35.29,58.82,2.0,0.4,2.8,1.87,1.4,2.09,0.65,1.53,6,1
2024-01-13,D1,14:30,Freiburg,Union Berlin,D,D,2023/2024,60.0,40.0,4,3.0,2.0,4,35.29,58.82,1.6,0.4,2.6,1.86,1.0,2.23,0.65,1.65,4,0
2024-01-24,D1,19:30,Bayern Munich,Union Berlin,H,D,2023/2024,40.0,60.0,10,2.0,3.0,1,35.29,70.59,2.2,0.0,2.0,1.89,0.6,1.34,0.65,3.12,12,0
2024-02-04,D1,16:30,RB Leipzig,Union Berlin,H,H,2023/2024,40.0,60.0,6,2.0,3.0,2,35.29,58.82,1.8,0.0,2.0,2.02,1.2,1.61,0.65,2.35,5,0
2024-02-07,D1,17:30,Mainz,Union Berlin,D,D,2023/2024,20.0,0.0,7,1.0,0.0,4,35.29,35.29,0.4,0.2,1.4,2.09,1.0,2.48,0.65,1.35,8,0
2024-02-17,D1,14:30,Hoffenheim,Union Berlin,A,D,2023/2024,0.0,40.0,4,0.0,2.0,3,35.29,70.59,1.6,0.4,0.8,1.95,1.4,1.9,0.65,1.82,6,0
2024-03-08,D1,19:30,Stuttgart,Union Berlin,H,H,2023/2024,0.0,60.0,5,0.0,3.0,4,35.29,76.47,2.8,0.4,1.2,1.87,0.8,1.83,0.65,2.94,4,0
2024-03-30,D1,14:30,Ein Frankfurt,Union Berlin,D,D,2023/2024,0.0,40.0,4,0.0,2.0,2,35.29,52.94,1.4,0.4,1.0,1.98,0.8,2.24,0.65,1.71,6,0
2024-04-12,D1,19:30,Augsburg,Union Berlin,H,D,2023/2024,0.0,40.0,4,0.0,2.0,4,35.29,58.82,1.6,0.4,1.0,1.85,0.8,2.0,0.65,1.53,5,0
2024-04-28,D1,14:30,M'gladbach,Union Berlin,D,D,2023/2024,0.0,80.0,4,0.0,4.0,7,35.29,76.47,1.8,0.2,0.8,1.84,2.0,1.96,0.65,1.59,3,0
2024-05-11,D1,14:30,FC Koln,Union Berlin,H,A,2023/2024,20.0,60.0,5,1.0,3.0,6,35.29,41.18,1.2,0.4,1.4,1.86,2.0,2.02,0.65,0.88,6,1
2024-08-24,D1,14:30,Mainz,Union Berlin,D,D,2024/2025,0.0,0.0,3,0.0,0.0,4,0.0,0.0,1.0,1.0,1.0,2.1,1.0,2.27,1.0,1.0,8,0
2022-08-06,D1,14:30,Wolfsburg,Werder Bremen,D,A,2022/2023,100.0,100.0,3,1.0,1.0,5,64.71,76.47,2.0,2.0,2.0,2.05,2.0,1.81,1.47,2.0,2,1
2022-08-20,D1,14:30,Dortmund,Werder Bremen,A,H,2022/2023,100.0,50.0,3,2.0,1.0,7,64.71,82.35,1.5,2.5,2.0,1.88,1.5,1.47,1.47,3.24,3,1
2022-09-03,D1,14:30,Bochum,Werder Bremen,A,D,2022/2023,66.67,66.67,6,2.0,2.0,6,64.71,64.71,0.33,2.33,1.33,1.87,3.67,1.74,1.47,1.65,7,0
2022-09-17,D1,14:30,Leverkusen,Werder Bremen,D,D,2022/2023,50.0,75.0,7,2.0,3.0,7,64.71,70.59,1.0,2.0,1.25,2.02,2.25,1.53,1.47,2.06,9,0
2022-10-07,D1,19:30,Hoffenheim,Werder Bremen,A,D,2022/2023,60.0,60.0,6,3.0,3.0,3,64.71,70.59,1.8,2.0,1.2,1.96,1.0,1.6,1.47,1.65,3,1
2022-10-22,D1,14:30,Freiburg,Werder Bremen,H,D,2022/2023,40.0,40.0,7,2.0,2.0,2,64.71,41.18,1.2,1.6,1.2,1.93,0.8,1.79,1.47,1.65,6,0
2022-11-08,D1,19:30,Bayern Munich,Werder Bremen,H,H,2022/2023,40.0,100.0,10,2.0,5.0,1,64.71,64.71,4.6,1.2,2.0,1.91,1.0,1.27,1.47,3.12,8,1
2023-01-21,D1,17:30,FC Koln,Werder Bremen,H,H,2022/2023,60.0,80.0,7,3.0,4.0,2,64.71,47.06,3.0,1.0,3.4,1.7,1.6,1.87,1.47,1.65,2,1
2023-02-05,D1,14:30,Stuttgart,Werder Bremen,A,D,2022/2023,60.0,60.0,5,3.0,3.0,4,64.71,47.06,1.8,1.2,3.2,1.81,1.2,1.77,1.47,1.35,8,0
2023-02-18,D1,17:30,Ein Frankfurt,Werder Bremen,H,H,2022/2023,40.0,80.0,6,2.0,4.0,0,64.71,52.94,2.6,0.8,3.4,1.93,0.8,1.6,1.47,2.06,5,0
2023-03-04,D1,14:30,Augsburg,Werder Bremen,H,D,2022/2023,60.0,20.0,5,3.0,1.0,8,64.71,41.18,1.0,1.0,3.4,1.95,0.4,1.76,1.47,0.94,3,1
2023-03-17,D1,19:30,M'gladbach,Werder Bremen,D,D,2022/2023,60.0,60.0,9,3.0,3.0,3,64.71,52.94,1.4,1.2,2.6,1.89,1.4,1.57,1.47,1.94,6,1
2023-04-08,D1,14:30,Mainz,Werder Bremen,D,D,2022/2023,60.0,60.0,10,3.0,3.0,4,64.71,64.71,2.2,1.4,1.6,1.88,0.8,1.87,1.47,1.82,1,1
2023-04-22,D1,14:30,Hertha,Werder Bremen,A,A,2022/2023,80.0,40.0,5,4.0,2.0,4,64.71,47.06,1.8,1.8,2.0,2.05,1.4,2.07,1.47,1.41,8,1
2023-04-29,D1,17:30,Schalke 04,Werder Bremen,H,A,2022/2023,100.0,100.0,10,5.0,5.0,1,64.71,70.59,2.2,2.0,2.0,2.14,1.8,1.82,1.47,1.35,11,1
2023-05-14,D1,16:30,RB Leipzig,Werder Bremen,H,D,2022/2023,100.0,80.0,7,5.0,4.0,2,64.71,76.47,1.8,2.0,2.0,1.9,1.2,1.41,1.47,2.24,3,1
2023-05-27,D1,14:30,Union Berlin,Werder Bremen,H,D,2022/2023,80.0,40.0,4,4.0,2.0,4,64.71,47.06,1.8,1.6,1.8,2.1,0.6,1.67,1.47,1.76,15,0
2023-08-26,D1,14:30,Freiburg,Werder Bremen,H,D,2023/2024,0.0,0.0,6,0.0,0.0,2,47.06,58.82,1.0,0.0,1.0,1.98,0.0,1.66,1.12,1.65,5,0
2023-09-17,D1,14:30,Heidenheim,Werder Bremen,H,H,2023/2024,50.0,100.0,4,1.0,2.0,4,47.06,58.82,3.0,1.0,2.5,2.06,2.5,1.68,1.12,1.76,10,1
2023-10-01,D1,14:30,Darmstadt,Werder Bremen,H,H,2023/2024,66.67,100.0,5,2.0,3.0,7,47.06,64.71,2.67,1.33,3.0,1.89,3.0,1.63,1.12,0.88,2,1
2023-10-20,D1,19:30,Dortmund,Werder Bremen,H,D,2023/2024,50.0,40.0,5,2.0,2.0,1,47.06,64.71,1.8,1.0,2.5,1.93,0.8,1.3,1.12,2.18,10,0
2023-11-05,D1,14:30,Wolfsburg,Werder Bremen,D,D,2023/2024,60.0,60.0,5,3.0,3.0,4,47.06,64.71,1.8,1.2,2.4,1.95,1.0,1.5,1.12,1.47,5,1
2023-12-02,D1,17:30,Stuttgart,Werder Bremen,H,H,2023/2024,60.0,80.0,6,3.0,4.0,3,47.06,76.47,2.4,1.2,2.6,1.9,1.2,1.5,1.12,2.94,6,0
2023-12-15,D1,19:30,M'gladbach,Werder Bremen,D,D,2023/2024,60.0,100.0,4,3.0,5.0,5,47.06,76.47,2.4,1.2,2.2,1.89,1.2,1.6,1.12,1.59,4,1
2024-01-14,D1,14:30,Bochum,Werder Bremen,D,D,2023/2024,40.0,60.0,4,2.0,3.0,4,47.06,58.82,2.0,1.0,1.6,1.85,1.0,1.74,1.12,1.53,3,0
2024-01-21,D1,14:30,Bayern Munich,Werder Bremen,A,D,2023/2024,40.0,80.0,6,2.0,4.0,3,47.06,70.59,3.6,1.2,1.4,1.91,0.6,1.23,1.12,3.12,10,0
2024-02-03,D1,14:30,Mainz,Werder Bremen,A,A,2023/2024,20.0,0.0,5,1.0,0.0,1,47.06,35.29,0.6,1.0,1.0,2.08,0.8,2.13,1.12,1.35,11,0
2024-02-16,D1,19:30,FC Koln,Werder Bremen,A,D,2023/2024,20.0,20.0,2,1.0,1.0,4,47.06,41.18,0.6,1.2,0.6,2.09,1.2,2.11,1.12,0.88,5,0
2024-03-03,D1,16:30,Hoffenheim,Werder Bremen,H,H,2023/2024,20.0,40.0,7,1.0,2.0,8,47.06,70.59,1.4,1.0,0.6,1.98,1.4,1.53,1.12,1.82,3,1
2024-03-16,D1,14:30,Union Berlin,Werder Bremen,H,D,2023/2024,40.0,40.0,5,2.0,2.0,2,47.06,58.82,1.2,1.0,0.8,1.82,1.0,2.13,1.12,1.29,4,1
2024-04-05,D1,19:30,Ein Frankfurt,Werder Bremen,D,D,2023/2024,40.0,40.0,5,2.0,2.0,7,47.06,52.94,1.4,1.0,1.0,2.01,1.0,1.78,1.12,1.71,9,0
2024-04-14,D1,16:30,Leverkusen,Werder Bremen,H,H,2023/2024,60.0,80.0,10,3.0,4.0,3,47.06,82.35,2.8,0.8,2.0,2.03,0.4,1.43,1.12,2.76,7,1
2024-04-27,D1,14:30,Augsburg,Werder Bremen,A,D,2023/2024,80.0,40.0,1,4.0,2.0,8,47.06,58.82,1.2,1.2,2.0,1.85,1.0,1.55,1.12,1.53,6,1
2024-05-11,D1,14:30,RB Leipzig,Werder Bremen,D,A,2023/2024,60.0,40.0,5,3.0,2.0,1,47.06,58.82,2.0,1.2,1.8,2.06,0.4,1.36,1.12,2.35,4,0
2024-08-24,D1,14:30,Augsburg,Werder Bremen,D,H,2024/2025,100.0,100.0,3,1.0,1.0,6,100.0,100.0,2.0,2.0,2.0,1.88,2.0,1.75,2.0,2.0,4,1
2022-08-14,D1,16:30,Bayern Munich,Wolfsburg,H,H,2022/2023,0.0,0.0,8,0.0,0.0,1,41.18,64.71,2.0,0.0,2.0,2.01,0.0,1.22,1.35,3.12,8,0
2022-08-27,D1,14:30,RB Leipzig,Wolfsburg,H,H,2022/2023,0.0,50.0,7,0.0,1.0,4,41.18,76.47,2.0,0.0,2.0,1.91,1.0,1.61,1.35,2.24,8,0
2022-09-10,D1,14:30,Ein Frankfurt,Wolfsburg,A,D,2022/2023,0.0,50.0,0,0.0,2.0,3,41.18,52.94,1.5,0.33,1.33,1.87,2.0,1.72,1.35,2.06,10,0
2022-09-18,D1,14:30,Union Berlin,Wolfsburg,H,D,2022/2023,0.0,50.0,4,0.0,2.0,0,41.18,47.06,2.0,0.25,1.5,1.85,0.75,2.26,1.35,1.76,4,0
2022-10-08,D1,14:30,Augsburg,Wolfsburg,D,A,2022/2023,0.0,40.0,5,0.0,2.0,7,41.18,41.18,0.6,0.4,1.4,2.09,1.8,2.02,1.35,0.94,11,0
2022-10-22,D1,14:30,Leverkusen,Wolfsburg,D,D,2022/2023,20.0,80.0,5,1.0,4.0,3,41.18,70.59,1.8,0.8,1.4,1.99,1.8,1.75,1.35,2.06,3,1
2022-11-05,D1,14:30,Mainz,Wolfsburg,A,A,2022/2023,40.0,60.0,3,2.0,3.0,3,41.18,64.71,1.4,1.4,1.0,2.04,1.6,1.93,1.35,1.82,9,1
2022-11-12,D1,14:30,Hoffenheim,Wolfsburg,A,D,2022/2023,60.0,60.0,8,3.0,3.0,3,41.18,70.59,0.6,1.6,1.2,1.79,1.8,1.79,1.35,1.65,7,1
2023-01-24,D1,19:30,Hertha,Wolfsburg,A,A,2022/2023,80.0,80.0,2,4.0,4.0,7,41.18,47.06,1.6,2.6,0.8,1.82,2.2,2.03,1.35,1.41,6,1
2023-01-28,D1,14:30,Werder Bremen,Wolfsburg,H,H,2022/2023,100.0,80.0,5,5.0,4.0,3,41.18,70.59,1.4,2.6,1.0,1.83,1.2,1.74,1.35,1.53,2,1
2023-02-10,D1,19:30,Schalke 04,Wolfsburg,D,D,2022/2023,80.0,20.0,5,4.0,1.0,2,41.18,70.59,0.4,2.2,0.6,1.81,1.6,1.91,1.35,1.35,9,0
2023-02-25,D1,14:30,FC Koln,Wolfsburg,A,A,2022/2023,60.0,60.0,5,3.0,3.0,4,41.18,47.06,2.2,2.0,0.6,2.09,1.0,2.1,1.35,1.65,10,0
2023-03-18,D1,14:30,Stuttgart,Wolfsburg,A,D,2022/2023,40.0,40.0,2,2.0,2.0,3,41.18,47.06,1.0,1.8,0.4,2.03,1.2,2.09,1.35,1.35,3,0
2023-04-09,D1,14:30,M'gladbach,Wolfsburg,H,H,2022/2023,20.0,40.0,6,1.0,2.0,2,41.18,52.94,1.4,0.8,0.8,1.86,0.8,1.67,1.35,1.94,5,0
2023-04-22,D1,14:30,Bochum,Wolfsburg,A,A,2022/2023,20.0,40.0,6,1.0,2.0,7,41.18,64.71,0.8,1.6,0.6,1.93,2.4,1.84,1.35,1.65,10,1
2023-05-07,D1,16:30,Dortmund,Wolfsburg,H,H,2022/2023,40.0,100.0,10,2.0,5.0,3,41.18,82.35,4.0,1.6,1.8,2.02,0.6,1.36,1.35,3.24,10,1
2023-05-19,D1,19:30,Freiburg,Wolfsburg,H,D,2022/2023,40.0,20.0,7,2.0,1.0,2,41.18,41.18,1.4,1.2,2.2,1.97,0.6,1.71,1.35,1.65,4,0
2023-08-26,D1,14:30,FC Koln,Wolfsburg,A,D,2023/2024,100.0,100.0,2,1.0,1.0,6,52.94,41.18,1.0,2.0,1.0,1.89,2.0,1.81,0.94,0.88,6,1
2023-09-02,D1,14:30,Hoffenheim,Wolfsburg,H,D,2023/2024,100.0,100.0,5,2.0,2.0,7,52.94,70.59,2.0,1.5,2.0,1.96,1.5,1.55,0.94,1.82,3,1
2023-09-23,D1,14:30,Dortmund,Wolfsburg,H,D,2023/2024,66.67,33.33,4,2.0,1.0,2,52.94,64.71,1.33,1.0,1.67,1.94,0.67,1.53,0.94,2.18,5,0
2023-10-07,D1,14:30,Stuttgart,Wolfsburg,H,A,2023/2024,75.0,100.0,7,3.0,4.0,5,52.94,76.47,4.0,1.0,2.0,1.87,0.5,1.83,0.94,2.94,5,1
2023-10-28,D1,14:30,Augsburg,Wolfsburg,H,A,2023/2024,80.0,100.0,5,4.0,5.0,6,52.94,58.82,2.4,1.2,2.2,1.82,2.2,1.83,0.94,1.53,5,1
2023-11-10,D1,19:30,M'gladbach,Wolfsburg,H,H,2023/2024,80.0,80.0,8,4.0,4.0,4,52.94,76.47,1.8,0.8,2.8,2.05,1.2,1.53,0.94,1.59,8,1
2023-12-02,D1,14:30,Bochum,Wolfsburg,H,H,2023/2024,80.0,60.0,9,4.0,3.0,6,52.94,58.82,1.6,0.8,2.8,1.92,1.6,1.8,0.94,1.53,6,1
2023-12-16,D1,14:30,Darmstadt,Wolfsburg,A,D,2023/2024,80.0,40.0,4,4.0,2.0,3,52.94,64.71,0.4,1.0,2.6,2.01,1.4,1.9,0.94,0.88,7,0
2024-01-13,D1,14:30,Mainz,Wolfsburg,D,A,2023/2024,60.0,20.0,4,3.0,1.0,4,52.94,35.29,0.8,1.0,2.2,2.0,1.2,2.08,0.94,1.35,7,0
2024-01-20,D1,14:30,Heidenheim,Wolfsburg,D,D,2023/2024,40.0,40.0,3,2.0,2.0,3,52.94,58.82,1.8,0.8,1.8,2.08,1.0,2.02,0.94,1.76,4,0
2024-02-10,D1,14:30,Union Berlin,Wolfsburg,H,H,2023/2024,20.0,20.0,2,1.0,1.0,5,52.94,58.82,1.6,0.8,1.2,1.99,0.4,2.2,0.94,1.29,6,0
2024-02-25,D1,14:30,Ein Frankfurt,Wolfsburg,D,A,2023/2024,20.0,60.0,5,1.0,3.0,8,52.94,52.94,2.2,1.0,1.0,2.14,1.0,2.0,0.94,1.71,5,1
2024-03-10,D1,18:30,Leverkusen,Wolfsburg,H,H,2023/2024,20.0,60.0,7,1.0,3.0,1,52.94,82.35,2.2,0.8,1.4,1.98,0.2,1.7,0.94,2.76,9,0
2024-03-30,D1,14:30,Werder Bremen,Wolfsburg,A,A,2023/2024,20.0,60.0,1,1.0,3.0,5,52.94,70.59,1.2,1.0,1.2,1.95,1.6,1.9,0.94,1.71,3,0
2024-04-13,D1,14:30,RB Leipzig,Wolfsburg,H,H,2023/2024,40.0,20.0,6,2.0,1.0,3,52.94,58.82,1.8,0.8,1.6,1.9,0.0,1.42,0.94,2.35,6,1
2024-04-27,D1,14:30,Freiburg,Wolfsburg,A,H,2023/2024,60.0,80.0,3,3.0,4.0,5,52.94,58.82,1.4,1.2,1.6,2.03,2.4,2.09,0.94,1.65,3,1
2024-05-12,D1,16:30,Bayern Munich,Wolfsburg,H,H,2023/2024,40.0,40.0,3,2.0,2.0,2,52.94,70.59,2.8,0.8,1.6,2.05,0.8,1.51,0.94,3.12,4,0
2024-08-31,D1,14:30,Holstein Kiel,Wolfsburg,A,A,2024/2025,0.0,0.0,5,0.0,0.0,4,0.0,0.0,0.0,2.0,0.0,1.89,2.0,1.68,2.0,0.0,1,0
