Date,Div,Time,HomeTeam,AwayTeam,FTR,HTR,Season,Last5HomeOver2.5Perc,MaxCAHA,Last5AwayOver2.5Perc,AST,HST,Last5HomeOver2.5Count,Last5AwayOver2.5Count,HomeOver2.5Perc,AwayOver2.5Perc,AvgLast5HomeGoalsConceded,AvgLast5HomeGoalsScored,AvgLast5AwayGoalsScored,AvgLast5AwayGoalsConceded,B365CD,AvgHomeGoalsScored,AvgAwayGoalsConceded,MaxC>2.5,Over2.5
2022-08-05,F1,20:00,Lyon,Ajaccio,H,H,2022/2023,100.0,1.96,100.0,4,6,1.0,1.0,57.89,68.42,1.0,2.0,1.0,2.0,5.0,1.84,2.32,1.72,1
2022-08-21,F1,16:05,Rennes,Ajaccio,H,H,2022/2023,50.0,2.06,100.0,3,7,1.0,2.0,68.42,68.42,1.0,1.0,1.0,2.0,4.33,2.26,2.32,2.11,1
2022-08-31,F1,18:00,Montpellier,Ajaccio,H,H,2022/2023,66.67,2.1,66.67,0,4,2.0,2.0,68.42,68.42,1.33,2.0,0.67,2.0,3.1,1.53,2.32,2.42,0
2022-09-18,F1,14:00,Brest,Ajaccio,A,D,2022/2023,25.0,2.15,50.0,4,4,1.0,2.0,52.63,68.42,2.5,0.5,0.75,1.5,3.3,1.26,2.32,2.6,0
2022-10-08,F1,16:00,Marseille,Ajaccio,A,D,2022/2023,60.0,2.2,60.0,1,2,3.0,3.0,68.42,68.42,1.0,1.4,1.0,1.4,4.0,1.84,2.32,2.17,1
2022-10-16,F1,14:00,Troyes,Ajaccio,D,D,2022/2023,60.0,2.0,40.0,7,2,3.0,2.0,42.11,68.42,1.6,1.4,1.0,1.2,3.2,1.0,2.32,2.47,0
2022-10-30,F1,12:00,Auxerre,Ajaccio,H,H,2022/2023,20.0,2.03,20.0,1,5,1.0,1.0,42.11,68.42,1.4,0.8,0.8,1.0,3.1,0.95,2.32,2.5,0
2022-11-13,F1,14:00,Nantes,Ajaccio,D,D,2022/2023,60.0,2.08,40.0,4,5,3.0,2.0,47.37,68.42,1.4,1.4,1.2,1.0,3.2,1.05,2.32,2.45,1
2023-01-01,F1,14:00,Toulouse,Ajaccio,H,D,2022/2023,60.0,2.11,40.0,0,4,3.0,2.0,47.37,68.42,1.6,2.2,1.0,1.4,3.3,1.42,2.32,2.08,0
2023-01-15,F1,16:05,Monaco,Ajaccio,H,H,2022/2023,40.0,2.02,40.0,2,8,2.0,2.0,68.42,68.42,1.0,2.6,0.8,2.6,4.75,1.95,2.32,1.96,1
2023-02-01,F1,18:00,Angers,Ajaccio,A,H,2022/2023,100.0,1.94,60.0,4,2,5.0,3.0,73.68,68.42,2.0,1.0,1.0,2.6,3.1,1.05,2.32,2.66,1
2023-02-10,F1,20:00,Nice,Ajaccio,H,H,2022/2023,40.0,2.18,80.0,3,3,2.0,4.0,36.84,68.42,0.2,2.2,1.0,3.0,3.5,1.26,2.32,2.6,1
2023-02-19,F1,14:00,Lorient,Ajaccio,H,H,2022/2023,60.0,1.88,80.0,3,6,3.0,4.0,63.16,68.42,1.0,1.4,0.6,3.2,3.4,1.37,2.32,2.57,1
2023-03-05,F1,14:00,Reims,Ajaccio,H,D,2022/2023,60.0,2.01,80.0,1,3,3.0,4.0,52.63,68.42,0.4,2.4,0.6,3.0,4.0,1.47,2.32,2.13,0
2023-04-02,F1,14:00,Clermont,Ajaccio,H,A,2022/2023,40.0,1.88,80.0,2,6,2.0,4.0,47.37,68.42,2.0,0.6,0.6,2.0,3.0,1.05,2.32,3.0,1
2023-04-16,F1,14:00,Strasbourg,Ajaccio,H,H,2022/2023,40.0,1.99,80.0,1,6,2.0,4.0,52.63,68.42,0.6,1.8,0.4,2.4,3.4,1.32,2.32,2.7,1
2023-04-29,F1,16:00,Lille,Ajaccio,H,H,2022/2023,100.0,1.93,80.0,0,5,5.0,4.0,68.42,68.42,1.2,2.6,0.4,2.4,5.5,2.11,2.32,1.85,1
2023-05-13,F1,20:00,Paris SG,Ajaccio,H,H,2022/2023,60.0,2.0,80.0,2,9,3.0,4.0,63.16,68.42,1.4,1.8,0.4,2.8,12.0,2.37,2.32,1.46,1
2023-05-27,F1,20:00,Lens,Ajaccio,H,H,2022/2023,100.0,2.13,100.0,0,3,5.0,5.0,68.42,68.42,0.6,2.4,0.4,3.2,7.0,2.16,2.32,1.65,1
2022-08-14,F1,14:00,Auxerre,Angers,D,H,2022/2023,100.0,1.88,100.0,2,4,1.0,1.0,42.11,63.16,2.0,2.0,2.0,2.0,3.3,0.95,2.37,2.14,1
2022-08-28,F1,14:00,Troyes,Angers,H,H,2022/2023,100.0,1.99,100.0,3,11,2.0,2.0,42.11,63.16,2.0,1.5,1.5,2.5,3.3,1.0,2.37,2.17,1
2022-09-03,F1,18:00,Lyon,Angers,H,H,2022/2023,100.0,2.15,100.0,3,9,4.0,3.0,57.89,63.16,0.75,3.25,1.0,3.33,5.5,1.84,2.37,1.44,1
2022-09-18,F1,14:00,Nice,Angers,A,A,2022/2023,25.0,2.1,75.0,3,5,1.0,3.0,36.84,63.16,1.5,0.25,1.0,2.5,4.0,1.26,2.37,1.91,0
2022-10-16,F1,12:00,Toulouse,Angers,H,H,2022/2023,80.0,2.06,80.0,6,7,4.0,4.0,47.37,63.16,1.8,2.0,1.2,2.6,3.8,1.42,2.37,1.71,1
2022-10-30,F1,14:00,Monaco,Angers,H,D,2022/2023,60.0,1.95,60.0,4,5,3.0,3.0,68.42,63.16,1.4,2.2,0.8,2.6,5.0,1.95,2.37,1.58,0
2022-11-13,F1,14:00,Lille,Angers,H,H,2022/2023,40.0,1.96,40.0,2,4,2.0,2.0,68.42,63.16,1.0,1.8,0.6,2.2,6.0,2.11,2.37,1.61,0
2022-12-28,F1,14:00,Ajaccio,Angers,H,H,2022/2023,60.0,2.0,20.0,4,3,3.0,1.0,36.84,63.16,1.8,1.2,0.6,1.4,3.3,0.53,2.37,2.29,0
2023-01-11,F1,20:00,Paris SG,Angers,H,H,2022/2023,60.0,1.91,20.0,0,6,3.0,1.0,63.16,63.16,0.8,2.8,0.4,1.8,7.5,2.37,2.37,1.42,0
2023-01-29,F1,14:00,Brest,Angers,H,H,2022/2023,60.0,2.06,20.0,1,7,3.0,1.0,52.63,63.16,1.0,1.6,0.0,2.0,3.3,1.26,2.37,2.19,1
2023-02-05,F1,14:00,Lorient,Angers,D,D,2022/2023,60.0,1.95,20.0,5,2,3.0,1.0,63.16,63.16,1.4,1.0,0.0,1.6,3.4,1.37,2.37,2.0,0
2023-02-18,F1,20:00,Strasbourg,Angers,H,H,2022/2023,80.0,2.01,40.0,3,5,4.0,2.0,52.63,63.16,1.6,1.8,0.2,1.8,3.4,1.32,2.37,2.31,1
2023-03-05,F1,14:00,Montpellier,Angers,H,H,2022/2023,80.0,1.92,60.0,4,8,4.0,3.0,68.42,63.16,1.4,2.0,0.2,2.6,3.5,1.53,2.37,2.15,1
2023-03-18,F1,20:00,Lens,Angers,H,H,2022/2023,40.0,1.93,80.0,1,6,2.0,4.0,68.42,63.16,0.6,1.6,0.2,2.8,6.5,2.16,2.37,1.59,1
2023-04-16,F1,14:00,Clermont,Angers,H,H,2022/2023,60.0,2.05,80.0,4,5,3.0,4.0,47.37,63.16,1.8,1.0,0.4,2.4,3.6,1.05,2.37,2.25,1
2023-04-30,F1,14:00,Rennes,Angers,H,D,2022/2023,40.0,2.04,100.0,2,4,2.0,5.0,68.42,63.16,0.8,1.8,0.8,3.2,5.5,2.26,2.37,1.72,1
2023-05-14,F1,19:45,Marseille,Angers,H,D,2022/2023,80.0,1.97,100.0,1,6,4.0,5.0,68.42,63.16,1.2,2.2,0.8,3.4,8.5,1.84,2.37,1.4,1
2023-05-21,F1,14:00,Reims,Angers,D,H,2022/2023,40.0,2.0,100.0,3,5,2.0,5.0,52.63,63.16,1.4,1.0,1.2,2.8,6.0,1.47,2.37,1.48,1
2023-06-03,F1,20:00,Nantes,Angers,H,H,2022/2023,60.0,2.14,80.0,1,7,3.0,4.0,47.37,63.16,1.8,1.0,1.2,2.4,4.5,1.05,2.37,1.7,0
2024-08-24,F1,18:00,Lille,Angers,H,H,2024/2025,0.0,2.11,0.0,2,6,0.0,0.0,50.0,0.0,0.0,2.0,0.0,2.0,4.75,1.5,2.0,2.08,0
2022-08-07,F1,14:00,Lille,Auxerre,H,H,2022/2023,100.0,2.13,100.0,2,7,1.0,1.0,68.42,52.63,1.0,4.0,1.0,4.0,4.2,2.11,1.84,1.99,1
2022-08-21,F1,14:00,Montpellier,Auxerre,A,H,2022/2023,100.0,1.98,100.0,2,7,2.0,2.0,68.42,52.63,2.0,2.0,1.5,2.5,3.5,1.53,1.84,1.83,1
2022-08-31,F1,18:00,Lyon,Auxerre,H,H,2022/2023,100.0,1.99,100.0,2,8,3.0,3.0,57.89,52.63,1.0,2.67,1.33,2.33,5.75,1.84,1.84,1.41,1
2022-09-11,F1,16:05,Rennes,Auxerre,H,H,2022/2023,75.0,2.06,100.0,3,9,3.0,4.0,68.42,52.63,0.75,2.5,1.0,3.0,4.5,2.26,1.84,1.68,1
2022-10-09,F1,14:00,Clermont,Auxerre,H,D,2022/2023,60.0,2.01,100.0,5,6,3.0,5.0,47.37,52.63,1.8,1.2,1.0,2.8,3.4,1.05,1.84,2.24,1
2022-10-23,F1,14:00,Reims,Auxerre,H,D,2022/2023,40.0,2.09,100.0,2,10,2.0,5.0,52.63,52.63,1.2,0.8,1.0,2.4,3.6,1.47,1.84,1.99,1
2022-11-04,F1,20:00,Troyes,Auxerre,D,H,2022/2023,40.0,1.86,80.0,2,6,2.0,4.0,42.11,52.63,1.4,1.4,0.8,2.4,3.6,1.0,1.84,1.97,0
2022-11-13,F1,12:00,Paris SG,Auxerre,H,H,2022/2023,60.0,1.96,80.0,3,6,3.0,4.0,63.16,52.63,0.8,2.6,0.6,3.0,11.0,2.37,1.84,1.29,1
2023-01-01,F1,14:00,Nantes,Auxerre,H,D,2022/2023,40.0,2.05,60.0,6,3,2.0,3.0,47.37,52.63,0.8,1.6,0.6,2.2,3.4,1.05,1.84,2.26,0
2023-01-14,F1,16:00,Lens,Auxerre,H,D,2022/2023,60.0,1.98,40.0,1,2,3.0,2.0,68.42,52.63,0.4,2.0,0.4,2.0,5.25,2.16,1.84,1.77,0
2023-02-01,F1,20:00,Monaco,Auxerre,H,H,2022/2023,60.0,1.95,40.0,3,6,3.0,2.0,68.42,52.63,1.2,3.0,0.6,2.2,5.0,1.95,1.84,1.62,1
2023-02-12,F1,14:00,Angers,Auxerre,D,D,2022/2023,80.0,1.88,40.0,4,5,4.0,2.0,73.68,52.63,1.8,1.0,0.6,2.2,3.3,1.05,1.84,2.38,0
2023-02-26,F1,12:00,Lorient,Auxerre,A,D,2022/2023,60.0,2.05,20.0,1,4,3.0,1.0,63.16,52.63,0.8,1.4,0.8,1.2,3.25,1.37,1.84,2.17,0
2023-03-03,F1,20:00,Nice,Auxerre,D,D,2022/2023,40.0,2.13,20.0,1,5,2.0,1.0,36.84,52.63,0.4,2.2,1.0,1.2,3.75,1.26,1.84,2.24,0
2023-03-19,F1,14:00,Strasbourg,Auxerre,H,H,2022/2023,40.0,1.94,20.0,1,6,2.0,1.0,52.63,52.63,0.8,1.4,1.0,1.4,3.25,1.32,1.84,2.44,0
2023-04-09,F1,14:00,Ajaccio,Auxerre,A,A,2022/2023,40.0,2.09,20.0,4,2,2.0,1.0,36.84,52.63,1.8,0.4,1.2,0.8,2.8,0.53,1.84,3.45,1
2023-04-30,F1,19:45,Marseille,Auxerre,H,A,2022/2023,80.0,2.04,40.0,3,4,4.0,2.0,68.42,52.63,1.6,1.6,1.2,1.0,5.5,1.84,1.84,1.67,1
2023-05-14,F1,14:00,Brest,Auxerre,H,D,2022/2023,40.0,2.04,40.0,2,10,2.0,2.0,52.63,52.63,0.6,1.6,1.0,1.2,3.3,1.26,1.84,2.35,0
2023-05-27,F1,20:00,Toulouse,Auxerre,D,D,2022/2023,20.0,2.15,40.0,2,3,1.0,2.0,47.37,52.63,1.2,0.4,1.0,1.2,3.8,1.42,1.84,1.61,0
2024-08-25,F1,16:00,Nantes,Auxerre,H,H,2024/2025,0.0,2.08,0.0,3,6,0.0,0.0,0.0,50.0,0.0,2.0,0.0,2.0,3.3,2.0,2.5,2.02,0
2024-09-01,F1,16:00,Le Havre,Auxerre,H,D,2024/2025,100.0,1.88,50.0,2,8,2.0,1.0,100.0,50.0,2.5,2.0,0.5,2.5,3.3,2.0,2.5,2.24,1
2022-08-07,F1,14:00,Lens,Brest,H,H,2022/2023,100.0,1.87,100.0,4,7,1.0,1.0,68.42,52.63,2.0,3.0,2.0,3.0,4.2,2.16,1.47,1.9,1
2022-08-21,F1,14:00,Angers,Brest,A,A,2022/2023,50.0,1.84,100.0,7,5,1.0,2.0,73.68,52.63,1.5,0.5,2.5,2.0,3.25,1.05,1.47,2.04,1
2022-08-31,F1,20:00,Rennes,Brest,H,D,2022/2023,66.67,2.12,100.0,2,9,2.0,3.0,68.42,52.63,1.0,1.67,2.0,2.33,4.33,2.26,1.47,1.83,1
2022-09-10,F1,16:00,Paris SG,Brest,H,H,2022/2023,33.33,2.12,75.0,3,4,1.0,3.0,63.16,52.63,1.0,2.33,1.5,2.0,12.0,2.37,1.47,1.22,0
2022-10-02,F1,14:00,Auxerre,Brest,D,D,2022/2023,40.0,2.08,60.0,2,3,2.0,3.0,42.11,52.63,1.6,1.0,1.4,1.8,3.3,0.95,1.47,2.13,0
2022-10-16,F1,14:00,Nantes,Brest,H,H,2022/2023,60.0,2.03,60.0,2,6,3.0,3.0,47.37,52.63,1.2,1.6,1.2,2.0,3.3,1.05,1.47,2.12,1
2022-10-23,F1,14:00,Clermont,Brest,A,A,2022/2023,60.0,2.09,60.0,11,4,3.0,3.0,47.37,52.63,1.4,1.4,1.2,2.0,3.6,1.05,1.47,2.03,1
2022-11-06,F1,14:00,Nice,Brest,H,D,2022/2023,20.0,2.06,40.0,2,9,1.0,2.0,36.84,52.63,1.0,1.0,1.0,1.6,3.75,1.26,1.47,2.0,0
2023-01-01,F1,14:00,Monaco,Brest,H,D,2022/2023,40.0,2.14,40.0,6,5,2.0,2.0,68.42,52.63,1.0,2.0,1.0,1.6,4.5,1.95,1.47,1.62,0
2023-01-15,F1,14:00,Toulouse,Brest,D,A,2022/2023,40.0,2.08,40.0,5,7,2.0,2.0,47.37,52.63,1.4,1.6,1.0,1.6,3.6,1.42,1.47,1.82,0
2023-02-01,F1,20:00,Lyon,Brest,D,D,2022/2023,20.0,1.91,20.0,1,8,1.0,1.0,57.89,52.63,0.8,0.6,0.8,0.8,4.33,1.84,1.47,1.71,0
2023-02-12,F1,14:00,Montpellier,Brest,H,H,2022/2023,80.0,1.93,20.0,2,7,4.0,1.0,68.42,52.63,1.8,1.2,0.2,1.2,3.3,1.53,1.47,2.19,1
2023-02-24,F1,20:00,Lille,Brest,H,A,2022/2023,40.0,2.04,40.0,0,4,2.0,2.0,68.42,52.63,0.6,2.0,0.4,1.4,5.25,2.11,1.47,1.66,1
2023-03-05,F1,14:00,Strasbourg,Brest,A,A,2022/2023,60.0,1.91,40.0,1,4,3.0,2.0,52.63,52.63,1.2,1.4,0.6,1.2,3.3,1.32,1.47,2.25,0
2023-03-19,F1,14:00,Troyes,Brest,D,H,2022/2023,60.0,2.15,60.0,2,5,3.0,3.0,42.11,52.63,1.8,1.2,0.8,1.4,3.3,1.0,1.47,2.24,1
2023-04-09,F1,14:00,Reims,Brest,D,A,2022/2023,60.0,1.88,60.0,5,7,3.0,3.0,52.63,52.63,0.6,2.0,1.0,1.6,4.0,1.47,1.47,1.93,0
2023-04-23,F1,14:00,Ajaccio,Brest,D,D,2022/2023,40.0,2.17,40.0,2,2,2.0,2.0,36.84,52.63,1.4,0.4,1.0,1.0,3.0,0.53,1.47,2.79,0
2023-05-07,F1,14:00,Lorient,Brest,H,H,2022/2023,20.0,2.14,40.0,2,3,1.0,2.0,63.16,52.63,0.6,0.8,1.0,1.0,3.3,1.37,1.47,2.41,1
2023-05-27,F1,20:00,Marseille,Brest,A,D,2022/2023,80.0,2.17,60.0,5,4,4.0,3.0,68.42,52.63,1.2,2.0,1.2,1.2,6.0,1.84,1.47,1.55,1
2023-08-20,F1,14:00,Le Havre,Brest,A,A,2023/2024,100.0,1.95,100.0,5,7,1.0,1.0,47.06,47.06,2.0,1.0,2.0,1.0,3.1,1.06,1.18,2.67,1
2023-08-26,F1,18:00,Marseille,Brest,H,H,2023/2024,50.0,2.09,50.0,7,6,1.0,1.0,52.94,47.06,0.5,2.0,1.0,1.5,4.2,1.82,1.18,1.74,0
2023-09-17,F1,14:00,Reims,Brest,A,H,2023/2024,50.0,2.04,66.67,7,7,1.0,2.0,47.06,47.06,1.0,1.5,1.33,1.33,3.5,1.12,1.18,1.9,1
2023-10-01,F1,14:00,Nice,Brest,D,D,2023/2024,0.0,1.95,50.0,2,1,0.0,2.0,35.29,47.06,0.25,0.75,1.0,1.0,3.8,1.24,1.18,2.13,0
2023-10-22,F1,14:00,Lille,Brest,H,H,2023/2024,25.0,2.1,40.0,1,4,1.0,2.0,52.94,47.06,0.5,1.25,0.8,1.0,3.4,2.0,1.18,2.05,0
2023-11-05,F1,16:05,Monaco,Brest,H,H,2023/2024,60.0,1.99,20.0,1,6,3.0,1.0,52.94,47.06,0.8,2.0,0.4,1.2,3.8,1.76,1.18,1.82,0
2023-11-26,F1,14:00,Montpellier,Brest,A,A,2023/2024,60.0,1.98,40.0,5,5,3.0,2.0,47.06,47.06,1.2,1.0,1.0,1.0,3.4,1.18,1.18,2.03,1
2023-12-10,F1,14:00,Metz,Brest,A,D,2023/2024,20.0,1.93,20.0,3,3,1.0,1.0,52.94,47.06,0.8,0.6,0.8,0.8,3.2,1.0,1.18,2.37,0
2023-12-17,F1,12:00,Nantes,Brest,A,D,2023/2024,0.0,1.98,20.0,8,4,0.0,1.0,47.06,47.06,0.6,0.6,1.2,0.8,3.1,1.0,1.18,2.34,0
2024-01-28,F1,19:45,Paris SG,Brest,D,H,2023/2024,100.0,2.05,40.0,6,4,5.0,2.0,82.35,47.06,1.2,3.0,1.6,1.0,5.0,2.47,1.18,1.62,1
2024-02-11,F1,14:00,Clermont,Brest,D,D,2023/2024,40.0,2.17,40.0,9,2,2.0,2.0,41.18,47.06,1.6,0.6,1.8,0.8,3.3,0.82,1.18,2.25,0
2024-02-24,F1,20:00,Strasbourg,Brest,A,A,2023/2024,100.0,2.04,40.0,8,2,5.0,2.0,64.71,47.06,2.0,1.2,1.8,0.6,3.1,1.29,1.18,2.28,1
2024-03-09,F1,20:00,Lens,Brest,H,H,2023/2024,40.0,2.06,40.0,3,2,2.0,2.0,41.18,47.06,1.2,1.6,1.6,0.8,3.2,1.59,1.18,2.38,0
2024-03-31,F1,12:00,Lorient,Brest,A,D,2023/2024,20.0,2.12,40.0,2,5,1.0,2.0,64.71,47.06,1.4,1.0,1.4,0.8,3.2,1.53,1.18,2.51,0
2024-04-14,F1,19:45,Lyon,Brest,H,H,2023/2024,40.0,1.88,40.0,7,8,2.0,2.0,58.82,47.06,1.4,1.4,1.6,1.2,3.4,1.47,1.18,2.07,1
2024-04-28,F1,16:05,Rennes,Brest,A,H,2023/2024,80.0,2.04,60.0,5,7,4.0,3.0,70.59,47.06,2.0,2.2,2.4,1.8,3.3,2.0,1.18,2.25,1
2024-05-19,F1,20:00,Toulouse,Brest,A,D,2023/2024,80.0,2.09,60.0,6,2,4.0,3.0,64.71,47.06,2.0,1.0,2.4,1.8,3.6,1.24,1.18,1.68,1
2024-08-25,F1,14:00,Lens,Brest,H,H,2024/2025,0.0,2.04,0.0,2,11,0.0,0.0,0.0,0.0,0.0,2.0,0.0,2.0,3.5,2.0,2.0,2.16,0
2022-08-14,F1,14:00,Reims,Clermont,A,H,2022/2023,100.0,1.89,100.0,5,6,1.0,1.0,52.63,47.37,4.0,2.0,4.0,2.0,3.2,1.47,1.11,2.35,1
2022-08-28,F1,14:00,Lorient,Clermont,H,H,2022/2023,100.0,1.96,100.0,2,9,1.0,2.0,63.16,47.37,1.0,2.0,2.5,2.0,3.4,1.37,1.11,2.24,1
2022-08-31,F1,20:00,Marseille,Clermont,H,D,2022/2023,66.67,2.02,66.67,0,7,2.0,2.0,68.42,47.37,0.67,2.33,1.67,1.67,5.0,1.84,1.11,1.64,0
2022-09-11,F1,12:00,Strasbourg,Clermont,D,D,2022/2023,25.0,2.01,50.0,4,4,1.0,2.0,52.63,47.37,1.0,0.75,1.25,1.25,3.8,1.32,1.11,2.12,0
2022-10-02,F1,14:00,Ajaccio,Clermont,A,A,2022/2023,40.0,1.88,60.0,3,3,2.0,3.0,36.84,47.37,1.6,0.4,1.6,1.2,3.0,0.53,1.11,2.73,1
2022-10-16,F1,16:05,Monaco,Clermont,D,H,2022/2023,80.0,2.01,40.0,7,4,4.0,2.0,68.42,47.37,2.2,2.0,1.0,1.0,5.5,1.95,1.11,1.49,0
2022-10-30,F1,14:00,Nantes,Clermont,D,D,2022/2023,60.0,2.01,20.0,6,4,3.0,1.0,47.37,47.37,1.2,1.6,1.0,0.8,3.75,1.05,1.11,1.97,0
2022-11-12,F1,16:00,Lens,Clermont,H,A,2022/2023,40.0,1.89,40.0,2,3,2.0,2.0,68.42,47.37,0.2,1.6,1.2,1.0,4.5,2.16,1.11,1.91,1
2023-01-01,F1,16:00,Lyon,Clermont,A,D,2022/2023,0.0,2.05,40.0,3,2,0.0,2.0,57.89,47.37,0.8,0.6,1.4,1.0,4.2,1.84,1.11,1.78,0
2023-01-15,F1,14:00,Angers,Clermont,A,A,2022/2023,100.0,1.9,40.0,6,1,5.0,2.0,73.68,47.37,2.2,1.2,1.2,1.0,3.4,1.05,1.11,2.19,1
2023-02-01,F1,18:00,Lille,Clermont,D,D,2022/2023,20.0,2.0,40.0,5,5,1.0,2.0,68.42,47.37,0.6,1.6,1.0,0.8,4.0,2.11,1.11,2.0,0
2023-02-19,F1,14:00,Rennes,Clermont,H,H,2022/2023,60.0,1.89,40.0,3,6,3.0,2.0,68.42,47.37,0.8,1.8,0.8,1.0,4.0,2.26,1.11,2.16,0
2023-03-05,F1,14:00,Toulouse,Clermont,A,D,2022/2023,60.0,2.12,20.0,3,0,3.0,1.0,47.37,47.37,1.4,2.0,0.8,0.6,4.0,1.42,1.11,1.82,0
2023-03-19,F1,14:00,Montpellier,Clermont,H,A,2022/2023,80.0,2.1,40.0,8,9,4.0,2.0,68.42,47.37,1.0,2.4,0.8,1.0,3.6,1.53,1.11,2.21,1
2023-04-09,F1,14:00,Troyes,Clermont,A,A,2022/2023,60.0,1.84,20.0,4,3,3.0,1.0,42.11,47.37,2.0,1.0,0.8,0.8,3.3,1.0,1.11,2.16,0
2023-04-23,F1,14:00,Nice,Clermont,A,D,2022/2023,20.0,2.06,40.0,3,5,1.0,2.0,36.84,47.37,1.2,0.6,1.2,1.0,3.6,1.26,1.11,2.08,1
2023-05-07,F1,14:00,Auxerre,Clermont,D,H,2022/2023,20.0,1.83,40.0,4,4,1.0,2.0,42.11,47.37,0.6,1.0,1.4,0.8,3.4,0.95,1.11,2.25,0
2023-05-21,F1,14:00,Brest,Clermont,H,D,2022/2023,40.0,1.87,60.0,2,3,2.0,3.0,52.63,47.37,0.4,1.8,1.4,1.2,3.6,1.26,1.11,2.14,1
2023-06-03,F1,20:00,Paris SG,Clermont,A,D,2022/2023,80.0,2.04,60.0,5,6,4.0,3.0,63.16,47.37,1.6,2.2,1.8,1.2,6.5,2.37,1.11,1.32,1
2023-08-20,F1,14:00,Reims,Clermont,H,H,2023/2024,0.0,2.07,0.0,4,4,0.0,0.0,47.06,58.82,0.0,2.0,0.0,2.0,3.75,1.12,1.94,1.92,0
2023-09-03,F1,12:00,Toulouse,Clermont,D,H,2023/2024,50.0,2.02,50.0,3,5,1.0,1.0,64.71,58.82,1.5,1.5,1.0,2.0,3.5,1.24,1.94,2.02,1
2023-09-24,F1,14:00,Le Havre,Clermont,H,H,2023/2024,100.0,1.85,66.67,4,3,3.0,2.0,47.06,58.82,1.0,2.0,1.0,2.0,3.1,1.06,1.94,2.66,1
2023-10-22,F1,19:45,Lyon,Clermont,A,A,2023/2024,80.0,2.01,75.0,5,6,4.0,3.0,58.82,58.82,2.6,1.2,1.25,1.75,3.5,1.47,1.94,1.95,1
2023-11-05,F1,14:00,Strasbourg,Clermont,D,D,2023/2024,40.0,1.95,60.0,2,5,2.0,3.0,64.71,58.82,1.0,1.0,1.0,1.4,3.2,1.29,1.94,2.41,0
2023-11-29,F1,18:00,Montpellier,Clermont,D,A,2023/2024,40.0,2.05,60.0,1,10,2.0,3.0,47.06,58.82,0.8,1.0,1.2,1.2,3.6,1.18,1.94,2.06,0
2023-12-03,F1,14:00,Brest,Clermont,H,H,2023/2024,40.0,2.0,60.0,1,7,2.0,3.0,29.41,58.82,0.8,1.4,0.8,1.4,3.75,1.47,1.94,2.13,1
2023-12-17,F1,16:05,Marseille,Clermont,H,H,2023/2024,60.0,2.18,60.0,2,6,3.0,3.0,52.94,58.82,0.2,2.0,0.8,1.4,4.5,1.82,1.94,1.96,1
2024-01-14,F1,14:00,Nantes,Clermont,A,A,2023/2024,20.0,2.0,60.0,6,9,1.0,3.0,47.06,58.82,1.0,0.4,0.8,1.4,3.6,1.0,1.94,2.09,1
2024-02-04,F1,14:00,Lille,Clermont,H,H,2023/2024,40.0,1.96,80.0,3,13,2.0,4.0,52.94,58.82,0.4,2.2,0.8,2.2,4.75,2.0,1.94,1.9,1
2024-02-18,F1,14:00,Rennes,Clermont,H,H,2023/2024,80.0,1.96,100.0,5,8,4.0,5.0,70.59,58.82,1.0,2.2,0.8,2.6,4.0,2.0,1.94,1.99,1
2024-02-25,F1,14:00,Nice,Clermont,D,D,2023/2024,40.0,1.91,80.0,5,4,2.0,4.0,35.29,58.82,0.8,1.4,0.8,2.0,4.5,1.24,1.94,2.0,0
2024-03-10,F1,14:00,Metz,Clermont,H,H,2023/2024,40.0,2.06,60.0,6,2,2.0,3.0,52.94,58.82,1.2,0.6,0.6,1.8,3.3,1.0,1.94,2.35,0
2024-04-06,F1,20:00,Paris SG,Clermont,D,A,2023/2024,60.0,2.0,40.0,3,7,3.0,2.0,82.35,58.82,1.4,1.8,0.4,1.8,5.75,2.47,1.94,1.61,0
2024-04-20,F1,20:00,Lens,Clermont,H,H,2023/2024,40.0,2.09,20.0,1,4,2.0,1.0,41.18,58.82,1.4,1.2,0.4,1.2,4.75,1.59,1.94,1.72,0
2024-05-04,F1,16:00,Monaco,Clermont,H,H,2023/2024,40.0,1.93,20.0,1,8,2.0,1.0,52.94,58.82,0.6,1.6,0.4,1.4,6.5,1.76,1.94,1.31,1
2024-05-19,F1,20:00,Lorient,Clermont,H,H,2023/2024,60.0,1.88,40.0,4,10,3.0,2.0,64.71,58.82,1.8,1.4,0.4,2.4,4.2,1.53,1.94,1.48,1
2023-08-13,F1,14:00,Montpellier,Le Havre,D,A,2023/2024,100.0,1.99,100.0,4,5,1.0,1.0,47.06,52.94,2.0,2.0,2.0,2.0,3.8,1.18,1.53,2.17,1
2023-08-27,F1,12:00,Rennes,Le Havre,D,H,2023/2024,100.0,2.23,100.0,3,8,2.0,2.0,70.59,52.94,1.5,3.5,2.0,2.0,4.2,2.0,1.53,1.94,1
2023-09-17,F1,19:45,Lyon,Le Havre,D,D,2023/2024,66.67,2.05,66.67,0,7,2.0,2.0,58.82,52.94,2.67,0.67,1.33,1.33,4.0,1.47,1.53,1.71,0
2023-10-08,F1,12:00,Marseille,Le Havre,H,H,2023/2024,50.0,1.9,75.0,1,6,2.0,3.0,52.94,52.94,0.25,1.75,1.0,1.75,4.5,1.82,1.53,1.77,1
2023-10-29,F1,14:00,Metz,Le Havre,D,D,2023/2024,40.0,1.89,60.0,1,3,2.0,3.0,52.94,52.94,1.2,0.8,0.8,1.4,3.1,1.0,1.53,2.47,0
2023-11-05,F1,14:00,Toulouse,Le Havre,A,D,2023/2024,60.0,1.92,60.0,7,5,3.0,3.0,64.71,52.94,1.2,1.6,0.8,1.2,3.4,1.24,1.53,2.25,1
2023-11-26,F1,14:00,Nantes,Le Havre,D,D,2023/2024,20.0,1.94,40.0,0,3,1.0,2.0,47.06,52.94,1.0,1.6,0.4,0.8,3.25,1.0,1.53,2.5,0
2023-12-10,F1,14:00,Strasbourg,Le Havre,H,H,2023/2024,40.0,1.96,60.0,3,3,2.0,3.0,64.71,52.94,1.0,0.8,0.6,1.2,3.1,1.29,1.53,2.5,1
2023-12-20,F1,20:00,Reims,Le Havre,H,H,2023/2024,60.0,1.95,40.0,1,7,3.0,2.0,47.06,52.94,1.4,1.0,0.6,0.8,3.8,1.12,1.53,1.99,0
2024-01-28,F1,14:00,Lorient,Le Havre,D,D,2023/2024,80.0,2.17,60.0,5,6,4.0,3.0,64.71,52.94,2.4,1.6,1.2,1.4,3.1,1.53,1.53,2.69,1
2024-02-04,F1,12:00,Monaco,Le Havre,D,D,2023/2024,20.0,1.97,40.0,0,5,1.0,2.0,52.94,52.94,1.0,1.2,1.0,1.4,4.0,1.76,1.53,1.78,0
2024-02-17,F1,16:00,Lille,Le Havre,H,H,2023/2024,60.0,2.11,60.0,2,8,3.0,3.0,52.94,52.94,0.2,2.6,1.0,2.0,4.33,2.0,1.53,2.18,1
2024-03-03,F1,14:00,Brest,Le Havre,H,H,2023/2024,20.0,1.83,40.0,2,4,1.0,2.0,29.41,52.94,0.0,1.6,0.8,1.8,3.75,1.47,1.53,2.34,0
2024-03-17,F1,14:00,Clermont,Le Havre,H,H,2023/2024,60.0,1.97,60.0,5,4,3.0,3.0,41.18,52.94,2.2,1.2,1.0,2.0,3.25,0.82,1.53,2.37,1
2024-04-06,F1,16:00,Lens,Le Havre,D,D,2023/2024,60.0,2.12,40.0,3,8,3.0,2.0,41.18,52.94,1.6,1.6,0.6,1.6,4.2,1.59,1.53,2.02,0
2024-04-27,F1,20:00,Paris SG,Le Havre,D,A,2023/2024,60.0,2.01,60.0,4,4,3.0,3.0,82.35,52.94,1.6,2.2,1.0,2.0,6.0,2.47,1.53,1.55,1
2024-05-10,F1,20:00,Nice,Le Havre,H,H,2023/2024,60.0,1.97,40.0,3,6,3.0,2.0,35.29,52.94,0.8,1.2,1.0,1.6,4.0,1.24,1.53,2.06,0
2024-08-24,F1,20:00,St Etienne,Le Havre,A,D,2024/2025,0.0,1.9,0.0,5,5,0.0,0.0,0.0,0.0,2.0,0.0,2.0,0.0,3.4,0.0,0.0,2.38,0
2022-08-14,F1,14:00,Ajaccio,Lens,D,D,2022/2023,0.0,2.08,0.0,3,2,0.0,0.0,36.84,42.11,0.0,0.0,0.0,0.0,3.1,0.53,0.84,2.52,0
2022-08-20,F1,16:00,Monaco,Lens,A,A,2022/2023,50.0,2.13,50.0,6,5,1.0,1.0,68.42,42.11,2.5,1.0,2.0,0.5,4.0,1.95,0.84,1.74,1
2022-09-04,F1,14:00,Reims,Lens,D,D,2022/2023,33.33,2.03,33.33,4,4,1.0,1.0,52.63,42.11,2.0,1.33,1.67,0.67,3.5,1.47,0.84,1.96,0
2022-09-18,F1,16:05,Nantes,Lens,D,D,2022/2023,50.0,2.1,25.0,2,4,2.0,1.0,47.37,42.11,1.25,1.0,1.25,0.5,3.75,1.05,0.84,1.8,0
2022-10-09,F1,19:45,Lille,Lens,H,H,2022/2023,80.0,1.99,20.0,3,6,4.0,1.0,68.42,42.11,2.2,1.8,1.0,0.6,3.4,2.11,0.84,2.09,0
2022-10-22,F1,20:00,Marseille,Lens,A,D,2022/2023,40.0,2.0,20.0,4,3,2.0,1.0,68.42,42.11,1.0,1.0,1.2,0.6,3.5,1.84,0.84,2.01,0
2022-11-05,F1,20:00,Angers,Lens,A,A,2022/2023,100.0,2.23,20.0,4,3,5.0,1.0,73.68,42.11,2.2,1.2,0.8,0.6,4.0,1.05,0.84,1.98,1
2022-12-29,F1,20:00,Nice,Lens,D,D,2022/2023,20.0,1.84,20.0,2,5,1.0,1.0,36.84,42.11,0.8,1.0,0.6,0.4,3.2,1.26,0.84,2.18,0
2023-01-11,F1,20:00,Strasbourg,Lens,D,D,2022/2023,80.0,1.89,40.0,8,6,4.0,2.0,52.63,42.11,2.2,1.4,1.0,0.8,3.3,1.32,0.84,2.25,1
2023-01-28,F1,16:00,Troyes,Lens,D,D,2022/2023,20.0,2.07,40.0,5,1,1.0,2.0,42.11,42.11,1.2,0.8,1.2,0.8,4.2,1.0,0.84,1.9,0
2023-02-05,F1,16:05,Brest,Lens,D,D,2022/2023,60.0,1.92,40.0,7,3,3.0,2.0,52.63,42.11,1.2,1.8,1.2,1.0,3.4,1.26,0.84,2.08,0
2023-02-12,F1,19:45,Lyon,Lens,H,D,2022/2023,40.0,2.12,40.0,4,5,2.0,2.0,57.89,42.11,1.0,0.8,1.0,1.2,3.3,1.84,0.84,2.28,1
2023-02-25,F1,20:00,Montpellier,Lens,D,A,2022/2023,80.0,1.88,40.0,6,3,4.0,2.0,68.42,42.11,1.8,1.2,1.2,1.4,3.6,1.53,0.84,2.17,0
2023-03-12,F1,12:00,Clermont,Lens,A,A,2022/2023,20.0,1.89,40.0,6,6,1.0,2.0,47.37,42.11,1.8,0.2,1.6,1.0,3.8,1.05,0.84,2.03,1
2023-04-01,F1,20:00,Rennes,Lens,A,A,2022/2023,40.0,2.21,40.0,4,3,2.0,2.0,68.42,42.11,1.0,1.2,1.6,0.8,3.1,2.26,0.84,2.38,0
2023-04-15,F1,20:00,Paris SG,Lens,H,H,2022/2023,60.0,2.06,60.0,7,7,3.0,3.0,63.16,42.11,1.8,2.2,1.6,1.2,4.0,2.37,0.84,1.64,1
2023-05-02,F1,20:00,Toulouse,Lens,A,A,2022/2023,40.0,2.1,40.0,3,2,2.0,2.0,47.37,42.11,1.8,0.6,1.6,0.8,4.33,1.42,0.84,1.62,0
2023-05-21,F1,16:05,Lorient,Lens,A,A,2022/2023,40.0,1.96,60.0,7,5,2.0,3.0,63.16,42.11,1.0,1.0,2.0,0.8,4.0,1.37,0.84,1.94,1
2023-06-03,F1,20:00,Auxerre,Lens,A,A,2022/2023,60.0,2.02,60.0,7,5,3.0,3.0,42.11,42.11,1.6,1.2,1.8,1.0,3.75,0.95,0.84,1.82,1
2023-08-13,F1,12:00,Brest,Lens,H,A,2023/2024,100.0,1.9,100.0,2,8,1.0,1.0,29.41,47.06,2.0,3.0,2.0,3.0,3.2,1.47,1.12,2.44,1
2023-08-26,F1,20:00,Paris SG,Lens,H,H,2023/2024,50.0,1.91,100.0,4,7,1.0,2.0,82.35,47.06,0.5,1.5,1.5,3.0,4.2,2.47,1.12,1.65,1
2023-09-02,F1,20:00,Monaco,Lens,H,H,2023/2024,100.0,1.97,100.0,1,6,2.0,3.0,52.94,47.06,0.0,3.0,1.0,3.0,4.0,1.76,1.12,1.67,1
2023-09-29,F1,20:00,Strasbourg,Lens,A,A,2023/2024,50.0,2.07,75.0,2,2,2.0,3.0,64.71,47.06,1.0,1.5,1.0,2.25,3.4,1.29,1.12,2.14,0
2023-10-20,F1,20:00,Le Havre,Lens,D,D,2023/2024,60.0,1.95,60.0,7,5,3.0,3.0,47.06,47.06,1.0,1.2,0.8,1.8,3.5,1.06,1.12,2.25,0
2023-11-04,F1,16:00,Lorient,Lens,D,D,2023/2024,80.0,1.9,40.0,7,2,4.0,2.0,64.71,47.06,1.4,1.6,0.4,1.2,3.6,1.53,1.12,2.13,0
2023-11-25,F1,16:00,Clermont,Lens,A,A,2023/2024,20.0,2.07,40.0,10,4,1.0,2.0,41.18,47.06,1.0,0.2,0.8,0.6,3.5,0.82,1.12,2.13,1
2023-12-08,F1,20:00,Montpellier,Lens,D,D,2023/2024,40.0,2.14,20.0,5,4,2.0,1.0,47.06,47.06,0.8,1.0,0.8,0.0,3.5,1.18,1.12,2.04,0
2023-12-20,F1,20:00,Nice,Lens,H,D,2023/2024,20.0,1.98,20.0,3,5,1.0,1.0,35.29,47.06,0.2,1.6,0.6,0.4,3.25,1.24,1.12,2.3,0
2024-01-28,F1,16:05,Toulouse,Lens,A,A,2023/2024,40.0,2.12,20.0,5,4,2.0,1.0,64.71,47.06,1.4,0.6,1.0,0.4,3.6,1.24,1.12,1.99,0
2024-02-03,F1,20:00,Nantes,Lens,A,D,2023/2024,20.0,2.15,20.0,4,2,1.0,1.0,47.06,47.06,1.0,0.4,1.2,0.4,3.4,1.0,1.12,2.13,0
2024-02-18,F1,16:05,Reims,Lens,D,D,2023/2024,40.0,2.02,0.0,1,2,2.0,0.0,47.06,47.06,1.0,1.2,0.8,0.6,3.25,1.12,1.12,2.08,0
2024-03-03,F1,19:45,Lyon,Lens,A,A,2023/2024,40.0,2.09,20.0,8,4,2.0,1.0,58.82,47.06,1.2,1.0,1.4,0.6,3.3,1.47,1.12,2.05,1
2024-03-29,F1,20:00,Lille,Lens,H,H,2023/2024,100.0,2.06,40.0,3,6,5.0,2.0,52.94,47.06,0.6,2.8,1.6,0.6,3.25,2.0,1.12,2.21,1
2024-04-12,F1,20:00,Metz,Lens,H,H,2023/2024,80.0,2.06,60.0,2,5,4.0,3.0,52.94,47.06,2.0,1.4,1.4,1.0,4.0,1.0,1.12,1.99,1
2024-04-28,F1,20:00,Marseille,Lens,H,H,2023/2024,60.0,2.02,80.0,5,6,3.0,4.0,52.94,47.06,1.2,2.0,1.4,1.4,3.6,1.82,1.12,1.87,1
2024-05-12,F1,20:00,Rennes,Lens,D,D,2023/2024,60.0,1.92,80.0,4,6,3.0,4.0,70.59,47.06,2.0,1.8,1.4,1.4,3.6,2.0,1.12,1.75,0
2024-08-18,F1,16:00,Angers,Lens,A,A,2024/2025,0.0,2.07,0.0,5,3,0.0,0.0,50.0,0.0,1.0,0.0,1.0,0.0,3.75,0.5,0.5,2.2,0
2024-09-01,F1,14:00,Monaco,Lens,D,D,2024/2025,0.0,1.91,0.0,4,3,0.0,0.0,0.0,0.0,0.5,1.0,1.0,0.5,3.7,1.0,0.5,1.71,0
2022-08-12,F1,20:00,Nantes,Lille,D,H,2022/2023,0.0,2.06,0.0,5,1,0.0,0.0,47.37,36.84,1.0,1.0,1.0,1.0,3.3,1.05,1.0,2.11,0
2022-08-26,F1,20:00,Ajaccio,Lille,A,A,2022/2023,50.0,2.17,50.0,4,2,1.0,1.0,36.84,36.84,1.5,0.5,2.0,1.0,3.2,0.53,1.0,2.45,1
2022-09-04,F1,12:00,Montpellier,Lille,A,D,2022/2023,75.0,2.06,66.67,7,2,3.0,2.0,68.42,36.84,1.75,1.75,2.33,1.0,3.75,1.53,1.0,1.78,1
2022-09-10,F1,20:00,Marseille,Lille,H,D,2022/2023,75.0,2.06,75.0,3,7,3.0,3.0,68.42,36.84,0.75,2.25,2.0,1.25,3.6,1.84,1.0,1.92,1
2022-10-02,F1,12:00,Lorient,Lille,H,H,2022/2023,100.0,2.07,80.0,4,4,4.0,4.0,63.16,36.84,1.25,2.5,1.8,1.4,3.5,1.37,1.0,1.88,1
2022-10-14,F1,20:00,Strasbourg,Lille,A,A,2022/2023,40.0,2.0,100.0,7,1,2.0,5.0,52.63,36.84,1.6,0.6,2.2,1.2,3.3,1.32,1.0,2.02,1
2022-10-30,F1,19:45,Lyon,Lille,H,D,2022/2023,40.0,1.97,80.0,5,3,2.0,4.0,57.89,36.84,0.6,1.8,1.6,1.2,3.75,1.84,1.0,1.69,0
2022-12-28,F1,18:00,Clermont,Lille,A,D,2022/2023,60.0,1.94,60.0,3,3,3.0,3.0,47.37,36.84,2.0,1.0,1.4,1.0,3.4,1.05,1.0,2.14,0
2023-01-11,F1,18:00,Brest,Lille,D,D,2022/2023,60.0,1.9,40.0,4,0,3.0,2.0,52.63,36.84,1.4,1.0,1.2,0.6,3.75,1.26,1.0,2.0,0
2023-01-29,F1,12:00,Nice,Lille,H,H,2022/2023,20.0,2.13,20.0,7,6,1.0,1.0,36.84,36.84,0.4,1.8,1.0,0.4,3.2,1.26,1.0,2.19,0
2023-02-04,F1,20:00,Rennes,Lille,A,H,2022/2023,80.0,1.88,20.0,6,6,4.0,1.0,68.42,36.84,1.0,1.8,1.0,0.6,3.3,2.26,1.0,2.18,1
2023-02-19,F1,12:00,Paris SG,Lille,H,H,2022/2023,60.0,2.18,40.0,7,10,3.0,2.0,63.16,36.84,1.2,2.2,1.6,1.2,4.2,2.37,1.0,1.57,1
2023-03-04,F1,16:00,Lens,Lille,D,H,2022/2023,40.0,1.84,40.0,6,1,2.0,2.0,68.42,36.84,0.8,1.6,1.4,1.4,3.3,2.16,1.0,2.08,0
2023-03-18,F1,16:00,Toulouse,Lille,A,D,2022/2023,60.0,2.06,40.0,5,4,3.0,2.0,47.37,36.84,1.6,1.8,1.8,1.4,3.75,1.42,1.0,1.68,0
2023-04-08,F1,16:00,Angers,Lille,H,D,2022/2023,20.0,1.88,40.0,5,5,1.0,2.0,73.68,36.84,1.4,0.8,1.8,1.4,5.25,1.05,1.0,1.66,0
2023-04-22,F1,16:00,Auxerre,Lille,D,A,2022/2023,40.0,2.27,20.0,6,4,2.0,1.0,42.11,36.84,0.6,1.2,1.4,1.4,4.33,0.95,1.0,1.95,0
2023-05-06,F1,18:00,Reims,Lille,H,H,2022/2023,20.0,2.05,0.0,5,4,1.0,0.0,52.63,36.84,1.0,0.8,0.8,0.8,3.75,1.47,1.0,1.78,0
2023-05-14,F1,16:05,Monaco,Lille,D,D,2022/2023,60.0,2.15,0.0,4,1,3.0,0.0,68.42,36.84,1.8,1.4,0.6,0.6,3.6,1.95,1.0,1.73,0
2023-06-03,F1,20:00,Troyes,Lille,D,D,2022/2023,20.0,2.0,0.0,7,3,1.0,0.0,42.11,36.84,1.6,0.6,0.4,0.8,8.0,1.0,1.0,1.31,0
2023-08-11,F1,20:00,Nice,Lille,D,H,2023/2024,0.0,2.15,0.0,5,3,0.0,0.0,35.29,41.18,1.0,1.0,1.0,1.0,3.5,1.24,1.18,1.98,0
2023-08-27,F1,16:05,Lorient,Lille,H,H,2023/2024,50.0,2.0,50.0,7,6,1.0,1.0,64.71,41.18,1.0,2.5,1.0,2.5,3.6,1.53,1.18,1.98,1
2023-09-16,F1,16:00,Rennes,Lille,D,A,2023/2024,100.0,2.1,66.67,6,4,3.0,2.0,70.59,41.18,1.67,3.0,1.33,2.33,3.4,2.0,1.18,2.06,1
2023-10-01,F1,14:00,Le Havre,Lille,A,A,2023/2024,75.0,2.13,50.0,6,0,3.0,2.0,47.06,41.18,1.25,1.5,1.5,1.75,3.6,1.06,1.18,2.13,0
2023-10-08,F1,16:05,Lens,Lille,D,A,2023/2024,25.0,1.89,40.0,3,5,1.0,2.0,41.18,41.18,1.0,1.0,1.4,1.6,3.4,1.59,1.18,2.11,0
2023-11-04,F1,20:00,Marseille,Lille,D,D,2023/2024,40.0,2.0,40.0,1,3,2.0,2.0,52.94,41.18,0.2,1.4,1.2,1.4,3.6,1.82,1.18,2.02,0
2023-11-26,F1,19:45,Lyon,Lille,A,A,2023/2024,40.0,2.14,20.0,8,5,2.0,1.0,58.82,41.18,1.6,1.0,1.4,0.6,3.5,1.47,1.18,1.88,0
2023-12-10,F1,14:00,Clermont,Lille,D,D,2023/2024,20.0,1.93,0.0,3,5,1.0,0.0,41.18,41.18,0.8,0.2,1.0,0.2,3.5,0.82,1.18,2.13,0
2023-12-20,F1,20:00,Strasbourg,Lille,H,D,2023/2024,60.0,2.13,20.0,2,2,3.0,1.0,64.71,41.18,1.0,1.2,0.8,0.6,3.4,1.29,1.18,2.13,1
2024-01-28,F1,12:00,Montpellier,Lille,D,D,2023/2024,20.0,2.1,20.0,0,7,1.0,1.0,47.06,41.18,1.0,0.6,0.6,0.4,3.4,1.18,1.18,2.11,0
2024-02-10,F1,20:00,Paris SG,Lille,H,H,2023/2024,100.0,2.09,40.0,3,8,5.0,2.0,82.35,41.18,1.4,3.0,0.8,1.0,3.8,2.47,1.18,1.99,1
2024-02-25,F1,14:00,Toulouse,Lille,H,A,2023/2024,60.0,2.14,60.0,2,4,3.0,3.0,64.71,41.18,1.4,1.0,0.6,1.6,3.4,1.24,1.18,2.13,1
2024-03-02,F1,16:00,Reims,Lille,A,D,2023/2024,20.0,1.84,60.0,3,3,1.0,3.0,47.06,41.18,1.0,0.8,0.8,1.6,3.4,1.12,1.18,1.94,0
2024-03-17,F1,12:00,Brest,Lille,D,D,2023/2024,0.0,1.8,40.0,8,4,0.0,2.0,29.41,41.18,0.2,1.0,0.8,1.4,3.0,1.47,1.18,2.7,0
2024-04-24,F1,20:00,Monaco,Lille,H,D,2023/2024,40.0,1.85,40.0,4,7,2.0,2.0,52.94,41.18,0.8,1.0,0.8,1.6,3.6,1.76,1.18,1.73,0
2024-04-28,F1,12:00,Metz,Lille,A,A,2023/2024,80.0,1.88,40.0,4,2,4.0,2.0,52.94,41.18,2.0,1.4,1.0,1.2,3.8,1.0,1.18,1.97,1
2024-05-12,F1,20:00,Nantes,Lille,A,A,2023/2024,80.0,2.1,40.0,3,5,4.0,2.0,47.06,41.18,2.6,0.6,1.2,0.8,3.8,1.0,1.18,2.07,1
2024-08-17,F1,18:00,Reims,Lille,A,A,2024/2025,0.0,1.85,0.0,6,0,0.0,0.0,50.0,0.0,2.0,0.0,2.0,0.0,3.2,1.0,0.0,2.21,0
2022-08-07,F1,16:05,Rennes,Lorient,A,D,2022/2023,0.0,1.87,0.0,2,6,0.0,0.0,68.42,57.89,1.0,0.0,1.0,0.0,4.75,2.26,1.68,1.9,0
2022-08-21,F1,14:00,Toulouse,Lorient,D,D,2022/2023,50.0,2.12,50.0,4,8,1.0,1.0,47.37,57.89,1.5,1.5,1.5,1.0,3.75,1.42,1.68,1.99,1
2022-08-31,F1,20:00,Lens,Lorient,H,H,2022/2023,100.0,2.16,66.67,3,8,3.0,2.0,68.42,57.89,1.67,3.33,1.67,2.33,3.6,2.16,1.68,1.94,1
2022-09-04,F1,14:00,Ajaccio,Lorient,A,D,2022/2023,33.33,1.87,50.0,4,3,1.0,2.0,36.84,57.89,1.33,0.33,1.5,1.75,3.0,0.53,1.68,2.57,0
2022-09-16,F1,20:00,Auxerre,Lorient,A,A,2022/2023,50.0,1.97,60.0,8,5,2.0,3.0,42.11,57.89,1.75,1.0,1.8,1.6,3.3,0.95,1.68,1.99,1
2022-10-09,F1,14:00,Brest,Lorient,A,D,2022/2023,40.0,1.96,80.0,5,4,2.0,4.0,52.63,57.89,2.4,0.6,2.0,1.8,3.5,1.26,1.68,2.02,1
2022-10-23,F1,14:00,Troyes,Lorient,D,H,2022/2023,60.0,2.1,80.0,5,4,3.0,4.0,42.11,57.89,1.4,1.8,2.0,1.8,3.4,1.0,1.68,1.99,1
2022-11-13,F1,16:05,Strasbourg,Lorient,D,A,2022/2023,60.0,1.88,60.0,2,4,3.0,3.0,52.63,57.89,1.8,0.8,1.8,1.0,3.3,1.32,1.68,1.98,0
2023-01-01,F1,14:00,Angers,Lorient,A,H,2022/2023,100.0,2.11,80.0,5,6,5.0,4.0,73.68,57.89,2.4,1.0,2.0,1.2,3.4,1.05,1.68,2.12,1
2023-01-14,F1,18:00,Marseille,Lorient,H,D,2022/2023,60.0,2.0,80.0,3,8,3.0,4.0,68.42,57.89,1.0,2.2,1.6,1.6,4.75,1.84,1.68,1.63,1
2023-02-01,F1,18:00,Reims,Lorient,H,A,2022/2023,60.0,1.89,80.0,5,9,3.0,4.0,52.63,57.89,0.8,2.0,1.6,2.2,3.75,1.47,1.68,1.9,1
2023-02-12,F1,16:05,Nantes,Lorient,H,D,2022/2023,20.0,1.95,60.0,5,6,1.0,3.0,47.37,57.89,0.8,0.8,1.2,2.0,3.5,1.05,1.68,2.12,0
2023-03-05,F1,16:05,Lyon,Lorient,D,D,2022/2023,40.0,1.97,60.0,1,5,2.0,3.0,57.89,57.89,0.8,0.6,1.0,1.8,4.33,1.84,1.68,1.74,0
2023-03-19,F1,14:00,Nice,Lorient,D,A,2022/2023,20.0,2.12,40.0,3,1,1.0,2.0,36.84,57.89,0.4,1.2,0.8,1.8,3.8,1.26,1.68,2.1,0
2023-04-02,F1,12:00,Lille,Lorient,H,H,2022/2023,60.0,1.92,40.0,1,7,3.0,2.0,68.42,57.89,1.0,2.0,0.8,1.8,5.25,2.11,1.68,1.55,1
2023-04-16,F1,16:05,Monaco,Lorient,H,H,2022/2023,80.0,2.04,40.0,4,7,4.0,2.0,68.42,57.89,1.8,2.0,0.6,1.6,5.5,1.95,1.68,1.5,1
2023-04-30,F1,16:05,Paris SG,Lorient,A,A,2022/2023,60.0,1.91,60.0,7,4,3.0,3.0,63.16,57.89,1.8,1.6,1.2,1.6,7.5,2.37,1.68,1.35,1
2023-05-14,F1,14:00,Montpellier,Lorient,D,D,2022/2023,60.0,2.06,60.0,3,4,3.0,3.0,68.42,57.89,0.8,2.0,1.4,1.8,3.5,1.53,1.68,1.97,0
2023-05-27,F1,20:00,Clermont,Lorient,H,H,2022/2023,60.0,2.06,60.0,1,7,3.0,3.0,47.37,57.89,0.6,1.8,1.2,2.0,3.25,1.05,1.68,2.13,0
2023-08-12,F1,20:00,Paris SG,Lorient,D,D,2023/2024,0.0,1.98,0.0,0,4,0.0,0.0,82.35,64.71,0.0,0.0,0.0,0.0,4.75,2.47,2.12,1.83,0
2023-09-03,F1,14:00,Le Havre,Lorient,H,D,2023/2024,100.0,1.9,50.0,2,6,2.0,1.0,47.06,64.71,1.0,2.0,0.0,1.5,3.2,1.06,2.12,2.47,1
2023-09-23,F1,16:00,Nantes,Lorient,H,D,2023/2024,75.0,1.96,66.67,7,9,3.0,2.0,47.06,64.71,2.25,2.5,1.0,2.67,3.3,1.0,2.12,2.21,1
2023-10-08,F1,14:00,Lyon,Lorient,D,H,2023/2024,75.0,2.0,75.0,5,6,3.0,3.0,58.82,64.71,2.75,1.25,1.5,2.75,3.8,1.47,2.12,1.75,1
2023-10-28,F1,16:00,Reims,Lorient,H,D,2023/2024,40.0,2.0,60.0,1,5,2.0,3.0,47.06,64.71,1.0,1.4,1.2,2.4,4.0,1.12,2.12,1.9,0
2023-11-12,F1,14:00,Clermont,Lorient,H,D,2023/2024,0.0,2.0,60.0,3,6,0.0,3.0,41.18,64.71,0.6,0.2,1.2,2.6,3.3,0.82,2.12,2.24,0
2023-12-03,F1,14:00,Toulouse,Lorient,D,D,2023/2024,60.0,1.93,40.0,5,6,3.0,2.0,64.71,64.71,1.2,1.6,1.4,2.2,3.3,1.24,2.12,2.07,0
2023-12-20,F1,20:00,Brest,Lorient,H,H,2023/2024,60.0,2.01,40.0,3,7,3.0,2.0,29.41,64.71,1.0,2.2,0.8,2.0,3.6,1.47,2.12,2.13,1
2024-01-14,F1,12:00,Lille,Lorient,H,H,2023/2024,20.0,2.12,40.0,0,10,1.0,2.0,52.94,64.71,0.4,1.8,0.2,2.0,5.75,2.0,2.12,1.81,1
2024-02-04,F1,14:00,Metz,Lorient,A,D,2023/2024,40.0,2.24,60.0,4,3,2.0,3.0,52.94,64.71,1.2,0.8,0.6,2.0,3.2,1.0,2.12,2.72,1
2024-02-18,F1,12:00,Strasbourg,Lorient,A,A,2023/2024,80.0,2.0,80.0,6,4,4.0,4.0,64.71,64.71,1.6,1.4,1.2,2.0,3.75,1.29,2.12,2.24,1
2024-03-03,F1,16:05,Rennes,Lorient,A,D,2023/2024,80.0,2.14,100.0,6,6,4.0,5.0,70.59,64.71,1.2,1.8,1.4,2.0,4.33,2.0,2.12,1.9,1
2024-03-17,F1,14:00,Monaco,Lorient,D,D,2023/2024,60.0,1.94,100.0,6,8,3.0,5.0,52.94,64.71,1.6,1.0,1.8,1.6,5.25,1.76,2.12,1.5,1
2024-04-07,F1,14:00,Montpellier,Lorient,H,D,2023/2024,80.0,1.87,80.0,5,5,4.0,4.0,47.06,64.71,2.0,2.0,1.8,1.4,4.0,1.18,2.12,1.73,0
2024-04-19,F1,20:00,Nice,Lorient,H,H,2023/2024,80.0,1.96,80.0,4,10,4.0,4.0,35.29,64.71,1.4,1.4,1.4,1.8,4.33,1.24,2.12,1.94,1
2024-05-03,F1,20:00,Lens,Lorient,H,D,2023/2024,20.0,1.96,60.0,5,6,1.0,3.0,41.18,64.71,0.8,1.2,0.8,2.0,5.0,1.59,2.12,1.61,0
2024-05-12,F1,20:00,Marseille,Lorient,H,H,2023/2024,60.0,1.91,60.0,3,4,3.0,3.0,52.94,64.71,1.2,1.8,0.6,2.4,4.2,1.82,2.12,1.65,1
2022-08-28,F1,16:05,Reims,Lyon,D,H,2022/2023,50.0,1.83,0.0,5,5,1.0,0.0,52.63,68.42,2.5,1.5,1.0,1.0,4.0,1.47,1.47,1.67,0
2022-09-07,F1,18:00,Lorient,Lyon,H,H,2022/2023,100.0,2.05,50.0,7,6,2.0,1.0,63.16,68.42,1.0,2.5,1.0,2.0,4.0,1.37,1.47,1.7,1
2022-09-11,F1,19:45,Monaco,Lyon,H,D,2022/2023,75.0,2.03,66.67,6,4,3.0,2.0,68.42,68.42,2.5,1.5,1.0,2.0,3.5,1.95,1.47,1.66,1
2022-10-02,F1,19:45,Lens,Lyon,H,D,2022/2023,60.0,1.91,50.0,0,6,3.0,2.0,68.42,68.42,1.0,2.4,0.75,1.75,3.75,2.16,1.47,1.7,0
2022-10-16,F1,14:00,Rennes,Lyon,H,D,2022/2023,100.0,2.06,60.0,5,5,5.0,3.0,68.42,68.42,0.8,3.2,1.0,2.0,3.75,2.26,1.47,1.71,1
2022-10-22,F1,16:00,Montpellier,Lyon,A,A,2022/2023,60.0,2.1,80.0,10,4,3.0,4.0,68.42,68.42,1.6,1.2,1.2,2.0,3.6,1.53,1.47,1.81,1
2022-11-06,F1,19:45,Marseille,Lyon,H,H,2022/2023,40.0,2.12,60.0,4,2,2.0,3.0,68.42,68.42,1.0,1.0,1.0,1.6,3.6,1.84,1.47,1.84,0
2022-12-28,F1,20:00,Brest,Lyon,A,A,2022/2023,60.0,1.95,60.0,10,5,3.0,3.0,52.63,68.42,1.6,1.0,1.6,1.6,3.5,1.26,1.47,1.84,1
2023-01-11,F1,18:00,Nantes,Lyon,D,D,2022/2023,40.0,2.1,60.0,6,5,2.0,3.0,47.37,68.42,0.8,1.6,1.6,1.4,3.6,1.05,1.47,1.79,0
2023-01-29,F1,16:05,Ajaccio,Lyon,A,A,2022/2023,40.0,2.16,40.0,2,5,2.0,2.0,36.84,68.42,1.6,1.0,1.6,0.8,3.5,0.53,1.47,2.2,0
2023-02-04,F1,18:00,Troyes,Lyon,A,A,2022/2023,20.0,2.11,40.0,6,2,1.0,2.0,42.11,68.42,1.4,0.6,1.8,0.8,4.2,1.0,1.47,1.77,1
2023-02-17,F1,20:00,Auxerre,Lyon,H,A,2022/2023,60.0,1.93,60.0,4,3,3.0,3.0,42.11,68.42,2.2,0.8,2.0,1.0,3.6,0.95,1.47,2.02,1
2023-02-25,F1,16:00,Angers,Lyon,A,A,2022/2023,80.0,2.11,60.0,5,2,4.0,3.0,73.68,68.42,2.0,1.0,1.8,0.8,3.8,1.05,1.47,2.0,1
2023-03-10,F1,20:00,Lille,Lyon,D,D,2022/2023,60.0,1.88,80.0,5,6,3.0,4.0,68.42,68.42,1.0,2.4,2.4,1.4,3.8,2.11,1.47,1.72,1
2023-04-02,F1,19:45,Paris SG,Lyon,A,D,2022/2023,60.0,2.06,80.0,3,5,3.0,4.0,63.16,68.42,1.8,2.0,2.2,1.4,5.0,2.37,1.47,1.54,0
2023-04-14,F1,20:00,Toulouse,Lyon,A,D,2022/2023,60.0,2.1,80.0,3,6,3.0,4.0,47.37,68.42,1.8,1.2,2.0,1.4,3.8,1.42,1.47,1.72,1
2023-04-28,F1,20:00,Strasbourg,Lyon,A,A,2022/2023,60.0,1.98,80.0,4,3,3.0,4.0,52.63,68.42,1.0,1.6,2.2,1.2,3.5,1.32,1.47,2.05,1
2023-05-14,F1,12:00,Clermont,Lyon,H,D,2022/2023,80.0,1.98,80.0,4,6,4.0,4.0,47.37,68.42,1.4,1.4,1.8,1.4,3.75,1.05,1.47,1.71,1
2023-06-03,F1,20:00,Nice,Lyon,H,H,2022/2023,60.0,2.08,80.0,7,6,3.0,4.0,36.84,68.42,1.2,1.2,1.4,1.4,4.2,1.26,1.47,1.38,1
2023-08-13,F1,19:45,Strasbourg,Lyon,H,D,2023/2024,100.0,2.08,100.0,7,2,1.0,1.0,64.71,58.82,1.0,2.0,1.0,2.0,3.6,1.29,1.53,1.73,1
2023-08-27,F1,19:45,Nice,Lyon,D,D,2023/2024,0.0,1.91,50.0,1,4,0.0,1.0,35.29,58.82,0.5,0.5,0.5,1.0,3.6,1.24,1.53,1.76,0
2023-09-23,F1,20:00,Brest,Lyon,H,D,2023/2024,33.33,1.98,33.33,3,11,1.0,1.0,29.41,58.82,0.67,1.33,0.33,1.0,3.3,1.47,1.53,1.92,0
2023-10-01,F1,12:00,Reims,Lyon,H,H,2023/2024,33.33,2.02,25.0,6,3,1.0,1.0,47.06,58.82,0.67,1.67,0.25,1.25,3.8,1.12,1.53,1.72,0
2023-11-12,F1,16:05,Rennes,Lyon,A,D,2023/2024,60.0,2.04,20.0,5,2,3.0,1.0,70.59,58.82,1.6,1.4,0.4,1.0,4.0,2.0,1.53,1.82,0
2023-12-02,F1,16:00,Lens,Lyon,H,D,2023/2024,60.0,2.02,20.0,7,7,3.0,1.0,41.18,58.82,0.8,2.2,0.6,1.2,3.8,1.59,1.53,1.99,1
2023-12-06,F1,20:00,Marseille,Lyon,H,H,2023/2024,40.0,2.04,40.0,1,5,2.0,2.0,52.94,58.82,0.0,1.6,0.6,1.8,3.6,1.82,1.53,1.82,1
2023-12-15,F1,20:00,Monaco,Lyon,A,D,2023/2024,40.0,1.96,40.0,2,4,2.0,2.0,52.94,58.82,0.8,1.8,0.8,1.6,4.0,1.76,1.53,1.63,0
2024-01-14,F1,16:05,Le Havre,Lyon,H,H,2023/2024,40.0,2.15,60.0,2,7,2.0,3.0,47.06,58.82,0.8,1.2,1.0,1.8,3.1,1.06,1.53,2.37,1
2024-02-11,F1,16:05,Montpellier,Lyon,A,H,2023/2024,20.0,1.94,80.0,5,8,1.0,4.0,47.06,58.82,0.8,0.6,1.2,2.0,3.3,1.18,1.53,2.06,1
2024-02-23,F1,20:00,Metz,Lyon,A,D,2023/2024,40.0,2.05,80.0,5,4,2.0,4.0,52.94,58.82,1.4,0.4,1.2,1.6,3.5,1.0,1.53,2.15,1
2024-03-09,F1,16:00,Lorient,Lyon,A,D,2023/2024,40.0,1.92,60.0,6,0,2.0,3.0,64.71,58.82,1.6,1.2,1.6,1.0,3.4,1.53,1.53,2.02,0
2024-03-15,F1,20:00,Toulouse,Lyon,A,A,2023/2024,80.0,1.92,80.0,6,5,4.0,4.0,64.71,58.82,1.8,1.6,2.0,1.4,3.25,1.24,1.53,2.06,1
2024-04-07,F1,19:45,Nantes,Lyon,A,H,2023/2024,40.0,1.93,80.0,10,6,2.0,4.0,47.06,58.82,2.2,0.4,2.4,1.0,3.3,1.0,1.53,2.18,1
2024-04-21,F1,20:00,Paris SG,Lyon,H,H,2023/2024,60.0,1.96,80.0,6,6,3.0,4.0,82.35,58.82,1.2,2.2,2.2,1.6,4.75,2.47,1.53,1.51,1
2024-05-06,F1,20:00,Lille,Lyon,A,H,2023/2024,80.0,2.12,80.0,7,5,4.0,4.0,52.94,58.82,1.6,2.2,2.6,2.0,3.75,2.0,1.53,1.65,1
2024-05-12,F1,20:00,Clermont,Lyon,A,D,2023/2024,60.0,2.07,80.0,2,5,3.0,4.0,41.18,58.82,1.4,1.4,2.4,2.0,4.2,0.82,1.53,1.48,0
2024-08-18,F1,19:45,Rennes,Lyon,H,H,2024/2025,100.0,1.91,100.0,2,8,1.0,1.0,100.0,100.0,0.0,3.0,0.0,3.0,3.4,3.0,3.0,1.97,1
2022-08-14,F1,19:45,Brest,Marseille,D,A,2022/2023,0.0,2.07,0.0,2,5,0.0,0.0,52.63,52.63,1.0,1.0,1.0,1.0,3.75,1.26,0.84,1.81,0
2022-08-28,F1,14:00,Nice,Marseille,A,A,2022/2023,50.0,1.89,50.0,4,2,1.0,1.0,36.84,52.63,2.0,0.5,2.0,0.5,3.6,1.26,0.84,1.99,1
2022-09-03,F1,16:00,Auxerre,Marseille,A,A,2022/2023,33.33,2.16,33.33,7,2,1.0,1.0,42.11,52.63,1.33,1.0,2.0,0.33,3.75,0.95,0.84,1.9,0
2022-09-30,F1,20:00,Angers,Marseille,A,A,2022/2023,80.0,2.12,50.0,7,5,4.0,2.0,73.68,52.63,2.2,1.0,2.25,0.25,3.8,1.05,0.84,1.83,1
2022-10-16,F1,19:45,Paris SG,Marseille,H,H,2022/2023,40.0,2.18,40.0,7,8,2.0,2.0,63.16,52.63,0.8,2.0,1.8,0.4,5.0,2.37,0.84,1.56,0
2022-10-29,F1,20:00,Strasbourg,Marseille,D,A,2022/2023,60.0,1.94,60.0,5,5,3.0,3.0,52.63,52.63,1.8,0.8,2.0,0.6,3.5,1.32,0.84,2.02,1
2022-11-13,F1,19:45,Monaco,Marseille,A,D,2022/2023,60.0,1.88,60.0,3,6,3.0,3.0,68.42,52.63,1.2,2.2,2.0,1.0,3.6,1.95,0.84,1.78,1
2023-01-02,F1,18:00,Montpellier,Marseille,A,D,2022/2023,60.0,2.14,80.0,9,1,3.0,4.0,68.42,52.63,1.6,1.0,2.0,1.2,4.2,1.53,0.84,1.79,1
2023-01-11,F1,20:00,Troyes,Marseille,A,A,2022/2023,20.0,1.89,60.0,4,1,1.0,3.0,42.11,52.63,1.2,0.8,1.8,1.2,4.0,1.0,0.84,2.02,0
2023-02-01,F1,18:00,Nantes,Marseille,A,D,2022/2023,20.0,2.02,60.0,4,2,1.0,3.0,47.37,52.63,1.0,0.8,2.2,1.0,3.8,1.05,0.84,2.02,0
2023-02-11,F1,20:00,Clermont,Marseille,A,A,2022/2023,20.0,1.94,40.0,5,4,1.0,2.0,47.37,52.63,1.4,0.4,2.2,0.6,3.5,1.05,0.84,2.12,0
2023-02-19,F1,19:45,Toulouse,Marseille,A,H,2022/2023,60.0,2.06,40.0,7,6,3.0,2.0,47.37,52.63,1.2,2.4,2.2,0.6,3.6,1.42,0.84,1.76,1
2023-03-05,F1,19:45,Rennes,Marseille,A,D,2022/2023,40.0,2.13,20.0,4,2,2.0,1.0,68.42,52.63,0.8,1.4,2.0,0.4,3.4,2.26,0.84,2.07,0
2023-03-19,F1,19:45,Reims,Marseille,A,A,2022/2023,80.0,2.11,40.0,5,6,4.0,2.0,52.63,52.63,0.8,2.6,2.0,0.6,3.4,1.47,0.84,1.91,1
2023-04-09,F1,19:45,Lorient,Marseille,D,D,2022/2023,20.0,2.0,40.0,2,5,1.0,2.0,63.16,52.63,0.2,1.0,1.6,0.6,4.33,1.37,0.84,1.72,0
2023-04-23,F1,19:45,Lyon,Marseille,A,A,2022/2023,60.0,2.03,60.0,7,2,3.0,3.0,57.89,52.63,1.0,1.4,1.6,0.8,3.3,1.84,0.84,1.89,1
2023-05-06,F1,20:00,Lens,Marseille,H,H,2022/2023,80.0,1.85,60.0,3,3,4.0,3.0,68.42,52.63,0.6,2.2,1.2,0.8,3.5,2.16,0.84,1.95,1
2023-05-20,F1,20:00,Lille,Marseille,H,A,2022/2023,100.0,1.95,80.0,3,3,5.0,4.0,68.42,52.63,1.2,2.6,1.2,1.2,3.6,2.11,0.84,1.86,1
2023-06-03,F1,20:00,Ajaccio,Marseille,H,D,2022/2023,40.0,2.1,60.0,5,1,2.0,3.0,36.84,52.63,1.6,0.2,0.8,1.2,4.5,0.53,0.84,1.8,0
2023-08-18,F1,20:00,Metz,Marseille,D,A,2023/2024,100.0,2.0,100.0,5,5,1.0,1.0,52.94,47.06,2.0,2.0,2.0,2.0,4.0,1.0,1.65,1.82,1
2023-09-01,F1,20:00,Nantes,Marseille,D,D,2023/2024,66.67,2.05,50.0,9,2,2.0,1.0,47.06,47.06,2.0,1.67,1.5,1.5,4.33,1.0,1.65,1.76,0
2023-09-24,F1,19:45,Paris SG,Marseille,H,H,2023/2024,75.0,2.13,66.67,0,5,3.0,2.0,82.35,47.06,1.0,2.25,1.0,2.33,4.5,2.47,1.65,1.6,1
2023-09-30,F1,20:00,Monaco,Marseille,H,D,2023/2024,75.0,2.15,75.0,4,7,3.0,3.0,52.94,47.06,0.75,2.25,1.25,2.5,3.8,1.76,1.65,1.6,1
2023-10-21,F1,20:00,Nice,Marseille,H,D,2023/2024,0.0,1.94,60.0,1,2,0.0,3.0,35.29,47.06,0.2,0.8,1.0,2.2,3.3,1.24,1.65,2.38,0
2023-11-12,F1,19:45,Lens,Marseille,H,D,2023/2024,40.0,1.94,40.0,2,3,2.0,2.0,41.18,47.06,0.6,1.6,0.6,2.0,3.4,1.59,1.65,1.99,0
2023-11-25,F1,20:00,Strasbourg,Marseille,D,D,2023/2024,40.0,1.98,40.0,3,7,2.0,2.0,64.71,47.06,1.2,0.8,0.6,2.0,3.6,1.29,1.65,2.05,0
2023-12-10,F1,19:45,Lorient,Marseille,A,A,2023/2024,80.0,2.0,40.0,8,9,4.0,2.0,64.71,47.06,2.2,1.2,1.4,1.6,3.75,1.53,1.65,2.09,1
2023-12-20,F1,20:00,Montpellier,Marseille,D,H,2023/2024,20.0,2.0,20.0,4,6,1.0,1.0,47.06,47.06,1.0,0.6,1.2,1.2,3.6,1.18,1.65,1.99,0
2024-02-04,F1,19:45,Lyon,Marseille,H,H,2023/2024,40.0,1.89,20.0,1,7,2.0,1.0,58.82,47.06,1.0,1.4,1.2,1.2,3.4,1.47,1.65,2.06,0
2024-02-18,F1,19:45,Brest,Marseille,H,D,2023/2024,20.0,1.85,20.0,2,5,1.0,1.0,29.41,47.06,0.2,1.6,1.2,1.2,3.1,1.47,1.65,2.15,0
2024-03-02,F1,20:00,Clermont,Marseille,A,A,2023/2024,40.0,2.18,40.0,11,2,2.0,2.0,41.18,47.06,2.0,0.8,2.0,1.2,4.2,0.82,1.65,1.8,1
2024-03-17,F1,16:05,Rennes,Marseille,H,H,2023/2024,60.0,1.98,20.0,1,4,3.0,1.0,70.59,47.06,0.8,2.0,1.2,1.2,3.4,2.0,1.65,1.85,0
2024-04-05,F1,20:00,Lille,Marseille,H,D,2023/2024,100.0,2.02,40.0,4,6,5.0,2.0,52.94,47.06,0.8,2.8,1.2,1.6,3.5,2.0,1.65,2.06,1
2024-04-21,F1,18:00,Toulouse,Marseille,D,D,2023/2024,80.0,2.0,60.0,3,3,4.0,3.0,64.71,47.06,1.4,1.8,1.6,1.8,3.25,1.24,1.65,2.13,1
2024-05-15,F1,20:00,Reims,Marseille,H,H,2023/2024,40.0,1.91,60.0,3,3,2.0,3.0,47.06,47.06,0.8,0.8,1.6,1.8,3.75,1.12,1.65,1.68,0
2024-05-19,F1,20:00,Le Havre,Marseille,A,D,2023/2024,40.0,2.03,60.0,7,6,2.0,3.0,47.06,47.06,1.4,0.8,1.0,1.8,3.7,1.06,1.65,1.78,1
2024-08-17,F1,16:00,Brest,Marseille,A,A,2024/2025,100.0,2.08,100.0,5,5,1.0,1.0,100.0,100.0,5.0,1.0,5.0,1.0,3.2,2.5,1.0,2.14,1
2024-08-31,F1,20:00,Toulouse,Marseille,A,A,2024/2025,50.0,2.0,100.0,5,2,1.0,2.0,50.0,100.0,1.5,0.5,4.0,1.0,3.7,0.5,1.0,1.78,1
2023-08-13,F1,16:05,Rennes,Metz,H,D,2023/2024,100.0,2.15,100.0,3,14,1.0,1.0,70.59,52.94,1.0,5.0,1.0,5.0,4.2,2.0,1.82,1.82,1
2023-08-27,F1,14:00,Clermont,Metz,A,D,2023/2024,50.0,2.0,50.0,5,4,1.0,1.0,41.18,52.94,2.5,1.0,1.0,2.5,3.6,0.82,1.82,2.02,0
2023-09-16,F1,20:00,Lens,Metz,A,A,2023/2024,0.0,2.2,33.33,2,10,0.0,1.0,41.18,52.94,1.0,0.5,1.0,1.67,4.33,1.59,1.82,1.74,0
2023-10-01,F1,14:00,Toulouse,Metz,H,H,2023/2024,66.67,2.06,50.0,3,10,2.0,2.0,64.71,52.94,1.0,2.0,0.75,2.0,3.6,1.24,1.82,2.06,1
2023-10-22,F1,16:05,Monaco,Metz,H,D,2023/2024,80.0,2.09,60.0,4,13,4.0,3.0,52.94,52.94,0.8,2.2,0.8,2.0,5.5,1.76,1.82,1.46,1
2023-11-05,F1,12:00,Lyon,Metz,D,D,2023/2024,60.0,1.88,40.0,5,4,3.0,2.0,58.82,52.94,2.0,1.2,0.8,1.2,3.8,1.47,1.82,1.9,0
2023-11-26,F1,14:00,Lorient,Metz,A,H,2023/2024,80.0,1.88,60.0,5,5,4.0,3.0,64.71,52.94,1.8,1.2,1.2,1.6,3.4,1.53,1.82,2.33,1
2023-12-03,F1,16:05,Lille,Metz,H,H,2023/2024,20.0,1.98,60.0,4,6,1.0,3.0,52.94,52.94,0.6,1.4,1.0,2.0,4.5,2.0,1.82,1.9,0
2023-12-20,F1,20:00,Paris SG,Metz,H,D,2023/2024,100.0,2.05,60.0,1,5,5.0,3.0,82.35,52.94,0.8,3.2,1.2,2.0,8.0,2.47,1.82,1.45,1
2024-01-27,F1,16:00,Nice,Metz,H,D,2023/2024,20.0,2.15,40.0,1,9,1.0,2.0,35.29,52.94,0.2,1.6,1.0,1.8,4.2,1.24,1.82,2.4,0
2024-02-09,F1,20:00,Marseille,Metz,D,D,2023/2024,60.0,1.92,40.0,3,6,3.0,2.0,52.94,52.94,1.0,1.8,1.0,1.8,4.75,1.82,1.82,1.99,0
2024-02-18,F1,14:00,Montpellier,Metz,H,H,2023/2024,40.0,2.12,40.0,4,7,2.0,2.0,47.06,52.94,0.6,1.0,0.4,2.0,4.0,1.18,1.82,2.19,1
2024-03-03,F1,14:00,Nantes,Metz,A,D,2023/2024,20.0,2.04,40.0,4,2,1.0,2.0,47.06,52.94,1.8,0.2,0.8,1.6,3.4,1.0,1.82,2.62,0
2024-03-17,F1,14:00,Reims,Metz,H,D,2023/2024,40.0,1.93,40.0,4,7,2.0,2.0,47.06,52.94,1.2,1.0,0.8,1.4,3.75,1.12,1.82,2.02,1
2024-04-07,F1,12:00,Brest,Metz,H,H,2023/2024,20.0,2.08,60.0,6,10,1.0,3.0,29.41,52.94,0.8,1.4,1.4,2.0,4.2,1.47,1.82,2.17,1
2024-04-21,F1,14:00,Le Havre,Metz,A,D,2023/2024,20.0,2.04,60.0,2,4,1.0,3.0,47.06,52.94,1.2,0.4,1.4,1.8,3.1,1.06,1.82,2.58,0
2024-05-12,F1,20:00,Strasbourg,Metz,H,D,2023/2024,60.0,2.07,60.0,2,2,3.0,3.0,64.71,52.94,1.2,1.6,1.6,1.6,3.6,1.29,1.82,1.96,1
2022-08-06,F1,16:00,Strasbourg,Monaco,A,A,2022/2023,100.0,1.9,100.0,11,7,1.0,1.0,52.63,57.89,2.0,1.0,2.0,1.0,3.2,1.32,1.32,2.22,1
2022-08-28,F1,19:45,Paris SG,Monaco,D,A,2022/2023,50.0,2.05,50.0,3,5,1.0,1.0,63.16,57.89,1.5,3.0,1.5,1.0,6.5,2.37,1.32,1.29,0
2022-09-04,F1,19:45,Nice,Monaco,A,D,2022/2023,33.33,2.17,33.33,2,5,1.0,1.0,36.84,57.89,1.67,0.33,1.33,0.67,3.4,1.26,1.32,1.96,0
2022-09-18,F1,12:00,Reims,Monaco,A,D,2022/2023,50.0,2.0,50.0,11,2,2.0,2.0,52.63,57.89,2.25,1.0,1.75,0.5,3.6,1.47,1.32,1.82,1
2022-10-09,F1,12:00,Montpellier,Monaco,A,A,2022/2023,60.0,2.07,40.0,7,1,3.0,2.0,68.42,57.89,1.6,1.2,1.8,0.4,4.2,1.53,1.32,1.62,0
2022-10-23,F1,19:45,Lille,Monaco,H,D,2022/2023,80.0,2.17,40.0,6,7,4.0,2.0,68.42,57.89,2.6,1.8,2.0,1.0,3.75,2.11,1.32,1.76,1
2022-11-06,F1,14:00,Toulouse,Monaco,A,D,2022/2023,60.0,1.97,40.0,10,5,3.0,2.0,47.37,57.89,1.6,2.0,2.2,0.8,3.8,1.42,1.32,1.61,0
2022-12-28,F1,16:00,Auxerre,Monaco,A,D,2022/2023,40.0,2.25,60.0,3,6,2.0,3.0,42.11,57.89,1.6,1.2,2.6,1.2,4.0,0.95,1.32,1.7,1
2023-01-11,F1,20:00,Lorient,Monaco,D,D,2022/2023,60.0,2.06,60.0,4,6,3.0,3.0,63.16,57.89,1.6,0.8,2.4,1.6,3.8,1.37,1.32,1.71,1
2023-01-28,F1,20:00,Marseille,Monaco,D,A,2022/2023,40.0,1.9,60.0,4,6,2.0,3.0,68.42,57.89,0.8,2.2,2.2,1.8,3.75,1.84,1.32,1.78,0
2023-02-05,F1,12:00,Clermont,Monaco,A,A,2022/2023,20.0,1.87,40.0,5,3,1.0,2.0,47.37,57.89,1.2,0.6,2.0,1.0,3.75,1.05,1.32,2.06,0
2023-02-19,F1,14:00,Brest,Monaco,A,A,2022/2023,60.0,2.15,60.0,3,3,3.0,3.0,52.63,57.89,1.4,1.6,2.0,1.2,3.6,1.26,1.32,1.84,1
2023-03-05,F1,12:00,Troyes,Monaco,D,H,2022/2023,40.0,2.04,60.0,4,6,2.0,3.0,42.11,57.89,1.8,0.8,1.8,1.2,4.75,1.0,1.32,1.65,1
2023-03-19,F1,12:00,Ajaccio,Monaco,A,A,2022/2023,20.0,2.12,40.0,4,1,1.0,2.0,36.84,57.89,1.6,0.4,1.8,0.8,3.6,0.53,1.32,2.2,0
2023-04-09,F1,16:05,Nantes,Monaco,D,A,2022/2023,60.0,2.0,60.0,10,2,3.0,3.0,47.37,57.89,1.6,1.0,2.0,1.0,3.75,1.05,1.32,1.72,1
2023-04-22,F1,20:00,Lens,Monaco,H,H,2022/2023,80.0,2.13,80.0,4,8,4.0,4.0,68.42,57.89,0.6,2.4,1.6,1.6,3.6,2.16,1.32,1.83,1
2023-05-07,F1,12:00,Angers,Monaco,A,A,2022/2023,40.0,2.09,80.0,6,3,2.0,4.0,73.68,57.89,1.4,0.8,1.6,1.6,4.0,1.05,1.32,1.74,1
2023-05-19,F1,20:00,Lyon,Monaco,H,D,2022/2023,80.0,1.84,80.0,9,11,4.0,4.0,57.89,57.89,1.8,2.6,1.4,1.8,4.0,1.84,1.32,1.51,1
2023-05-27,F1,20:00,Rennes,Monaco,H,D,2022/2023,60.0,1.99,80.0,3,6,3.0,4.0,68.42,57.89,0.6,2.6,1.0,2.2,3.8,2.26,1.32,1.65,0
2023-08-13,F1,14:00,Clermont,Monaco,A,A,2023/2024,100.0,2.12,100.0,8,7,1.0,1.0,41.18,70.59,4.0,2.0,4.0,2.0,3.4,0.82,1.65,1.85,1
2023-08-25,F1,20:00,Nantes,Monaco,D,H,2023/2024,100.0,2.16,100.0,10,3,2.0,2.0,47.06,70.59,2.5,2.0,3.5,2.5,3.8,1.0,1.65,1.7,1
2023-09-17,F1,12:00,Lorient,Monaco,D,D,2023/2024,66.67,1.96,100.0,7,3,2.0,3.0,64.71,70.59,1.33,2.33,3.0,2.33,4.0,1.53,1.65,1.66,1
2023-10-07,F1,20:00,Reims,Monaco,A,A,2023/2024,50.0,1.98,100.0,4,4,2.0,4.0,47.06,70.59,1.25,1.5,3.0,2.0,3.75,1.12,1.65,1.58,1
2023-10-29,F1,14:00,Lille,Monaco,H,H,2023/2024,20.0,1.84,80.0,6,5,1.0,4.0,52.94,70.59,0.4,1.4,2.4,2.0,3.6,2.0,1.65,1.65,0
2023-11-11,F1,20:00,Le Havre,Monaco,D,D,2023/2024,40.0,1.98,60.0,4,5,2.0,3.0,47.06,70.59,0.6,1.0,1.6,1.6,4.0,1.06,1.65,1.79,0
2023-11-24,F1,20:00,Paris SG,Monaco,H,H,2023/2024,100.0,1.94,60.0,7,11,5.0,3.0,82.35,70.59,1.0,3.4,1.4,2.0,5.0,2.47,1.65,1.37,1
2023-12-09,F1,16:00,Rennes,Monaco,A,D,2023/2024,60.0,1.91,60.0,5,5,3.0,3.0,70.59,70.59,1.6,1.2,1.4,1.8,3.6,2.0,1.65,1.75,1
2023-12-20,F1,20:00,Toulouse,Monaco,A,A,2023/2024,40.0,1.93,60.0,4,5,2.0,3.0,64.71,70.59,1.2,0.8,1.2,1.8,4.0,1.24,1.65,1.76,1
2024-01-27,F1,20:00,Marseille,Monaco,D,A,2023/2024,60.0,1.88,80.0,5,9,3.0,4.0,52.94,70.59,0.8,2.0,1.6,1.8,3.6,1.82,1.65,1.77,1
2024-02-11,F1,19:45,Nice,Monaco,A,D,2023/2024,40.0,1.89,100.0,5,5,2.0,5.0,35.29,70.59,0.8,1.6,2.2,2.2,3.25,1.24,1.65,2.34,1
2024-02-25,F1,12:00,Lens,Monaco,A,A,2023/2024,60.0,1.98,100.0,9,10,3.0,5.0,41.18,70.59,1.6,2.0,2.4,1.6,3.6,1.59,1.65,1.81,1
2024-03-10,F1,14:00,Strasbourg,Monaco,A,D,2023/2024,80.0,2.12,80.0,6,1,4.0,4.0,64.71,70.59,2.0,0.8,2.2,1.4,3.75,1.29,1.65,1.68,0
2024-03-30,F1,16:00,Metz,Monaco,A,A,2023/2024,60.0,2.16,80.0,7,7,3.0,4.0,52.94,70.59,2.0,1.0,2.8,1.6,4.33,1.0,1.65,1.74,1
2024-04-21,F1,16:05,Brest,Monaco,A,A,2023/2024,20.0,2.02,60.0,3,2,1.0,3.0,29.41,70.59,1.2,1.4,2.8,1.2,3.5,1.47,1.65,1.85,0
2024-04-28,F1,18:00,Lyon,Monaco,H,H,2023/2024,60.0,1.95,60.0,5,4,3.0,3.0,58.82,70.59,1.8,1.8,2.6,1.4,4.0,1.47,1.65,1.38,1
2024-05-12,F1,20:00,Montpellier,Monaco,A,D,2023/2024,40.0,1.91,40.0,9,3,2.0,2.0,47.06,70.59,2.2,1.4,2.4,1.0,4.33,1.18,1.65,1.32,0
2024-08-24,F1,16:00,Lyon,Monaco,A,D,2024/2025,0.0,1.87,0.0,4,1,0.0,0.0,50.0,0.0,2.0,0.0,2.0,0.0,3.8,2.0,0.0,1.54,0
2022-08-13,F1,20:00,Paris SG,Montpellier,H,H,2022/2023,100.0,2.01,100.0,4,10,1.0,1.0,63.16,57.89,2.0,5.0,2.0,5.0,17.0,2.37,1.74,1.2,1
2022-08-28,F1,14:00,Brest,Montpellier,A,A,2022/2023,50.0,1.97,100.0,8,0,1.0,2.0,52.63,57.89,4.0,0.5,4.5,2.5,3.5,1.26,1.74,1.9,1
2022-09-11,F1,14:00,Angers,Montpellier,H,D,2022/2023,75.0,2.16,100.0,2,5,3.0,3.0,73.68,57.89,2.0,1.25,3.33,2.33,3.5,1.05,1.74,1.81,1
2022-10-02,F1,14:00,Toulouse,Montpellier,H,H,2022/2023,60.0,1.96,100.0,6,6,3.0,4.0,47.37,57.89,1.6,1.6,3.0,2.75,4.0,1.42,1.74,1.75,1
2022-10-15,F1,20:00,Lens,Montpellier,H,D,2022/2023,40.0,1.94,80.0,1,5,2.0,4.0,68.42,57.89,0.6,2.0,2.4,2.4,5.0,2.16,1.74,1.71,0
2022-10-30,F1,14:00,Rennes,Montpellier,H,H,2022/2023,100.0,1.96,80.0,3,3,5.0,4.0,68.42,57.89,0.6,3.4,2.0,2.0,5.25,2.26,1.74,1.53,1
2022-11-06,F1,14:00,Clermont,Montpellier,D,A,2022/2023,60.0,1.88,60.0,3,7,3.0,3.0,47.37,57.89,1.6,1.4,0.8,2.2,3.4,1.05,1.74,1.99,0
2022-12-29,F1,16:00,Lorient,Montpellier,A,A,2022/2023,60.0,2.08,40.0,6,4,3.0,2.0,63.16,57.89,1.4,0.8,1.0,1.8,3.75,1.37,1.74,1.79,0
2023-01-11,F1,20:00,Nice,Montpellier,H,H,2022/2023,40.0,2.07,40.0,2,10,2.0,2.0,36.84,57.89,0.8,2.2,0.8,2.2,3.5,1.26,1.74,2.04,1
2023-01-29,F1,14:00,Auxerre,Montpellier,A,D,2022/2023,40.0,1.87,40.0,3,5,2.0,2.0,42.11,57.89,2.2,0.8,1.2,2.0,3.3,0.95,1.74,2.09,0
2023-02-05,F1,14:00,Strasbourg,Montpellier,H,H,2022/2023,60.0,1.89,20.0,0,2,3.0,1.0,52.63,57.89,1.6,1.6,1.2,1.8,3.3,1.32,1.74,2.11,0
2023-02-19,F1,14:00,Troyes,Montpellier,A,D,2022/2023,20.0,2.02,20.0,7,2,1.0,1.0,42.11,57.89,1.4,0.4,1.2,1.6,3.2,1.0,1.74,2.12,0
2023-03-12,F1,14:00,Ajaccio,Montpellier,A,D,2022/2023,20.0,2.13,20.0,4,1,1.0,1.0,36.84,57.89,1.4,0.4,1.0,1.6,3.1,0.53,1.74,2.82,0
2023-03-31,F1,20:00,Marseille,Montpellier,D,D,2022/2023,60.0,2.1,0.0,3,2,3.0,0.0,68.42,57.89,2.0,1.0,1.0,0.6,4.2,1.84,1.74,1.75,0
2023-04-16,F1,12:00,Lille,Montpellier,H,A,2022/2023,80.0,2.11,20.0,1,7,4.0,1.0,68.42,57.89,1.2,2.4,0.8,1.0,4.5,2.11,1.74,1.74,1
2023-04-30,F1,12:00,Monaco,Montpellier,A,A,2022/2023,80.0,2.13,40.0,9,4,4.0,2.0,68.42,57.89,2.4,1.4,1.6,0.6,4.33,1.95,1.74,1.61,1
2023-05-07,F1,16:05,Lyon,Montpellier,H,A,2022/2023,60.0,2.1,60.0,6,8,3.0,3.0,57.89,57.89,1.6,2.0,2.2,1.6,4.33,1.84,1.74,1.64,1
2023-05-20,F1,16:00,Nantes,Montpellier,A,A,2022/2023,80.0,2.2,80.0,6,3,4.0,4.0,47.37,57.89,2.4,0.8,2.6,1.6,3.6,1.05,1.74,2.01,1
2023-06-03,F1,20:00,Reims,Montpellier,A,H,2022/2023,40.0,1.88,100.0,8,5,2.0,5.0,52.63,57.89,1.6,1.0,3.0,1.6,4.2,1.47,1.74,1.41,1
2023-08-19,F1,18:00,Lyon,Montpellier,A,A,2023/2024,100.0,2.06,100.0,8,3,1.0,1.0,58.82,58.82,4.0,1.0,4.0,1.0,4.0,1.47,1.47,1.53,1
2023-09-03,F1,14:00,Lille,Montpellier,H,H,2023/2024,0.0,2.04,50.0,5,6,0.0,1.0,52.94,58.82,0.0,1.5,2.0,1.0,3.75,2.0,1.47,1.74,0
2023-09-17,F1,14:00,Strasbourg,Montpellier,D,A,2023/2024,66.67,2.2,66.67,4,7,2.0,2.0,64.71,58.82,1.0,2.0,2.0,1.33,3.5,1.29,1.47,2.03,1
2023-10-01,F1,16:05,Lorient,Montpellier,A,A,2023/2024,75.0,2.04,75.0,8,3,3.0,3.0,64.71,58.82,1.75,1.75,2.25,1.0,3.4,1.53,1.47,1.98,1
2023-10-22,F1,14:00,Nantes,Montpellier,H,H,2023/2024,60.0,2.08,60.0,6,5,3.0,3.0,47.06,58.82,1.8,2.4,1.8,1.2,3.5,1.0,1.47,1.84,0
2023-11-03,F1,20:00,Paris SG,Montpellier,H,H,2023/2024,100.0,2.09,60.0,2,10,5.0,3.0,82.35,58.82,0.8,3.0,1.0,1.6,6.0,2.47,1.47,1.36,1
2023-12-03,F1,14:00,Monaco,Montpellier,H,H,2023/2024,40.0,1.94,60.0,4,9,2.0,3.0,52.94,58.82,0.8,1.8,1.0,1.8,4.2,1.76,1.47,1.62,0
2023-12-17,F1,14:00,Metz,Montpellier,A,A,2023/2024,20.0,2.05,40.0,3,4,1.0,2.0,52.94,58.82,0.8,0.6,0.8,1.4,3.25,1.0,1.47,2.24,0
2024-01-14,F1,14:00,Brest,Montpellier,H,D,2023/2024,60.0,1.88,20.0,4,9,3.0,1.0,29.41,58.82,0.8,2.4,0.2,1.8,3.75,1.47,1.47,2.1,0
2024-02-03,F1,16:00,Rennes,Montpellier,H,H,2023/2024,60.0,2.02,40.0,9,3,3.0,2.0,70.59,58.82,1.0,1.6,0.4,1.8,4.2,2.0,1.47,2.07,1
2024-02-25,F1,19:45,Marseille,Montpellier,H,H,2023/2024,60.0,2.04,40.0,4,6,3.0,2.0,52.94,58.82,1.2,2.0,0.6,2.0,4.0,1.82,1.47,1.8,1
2024-03-08,F1,20:00,Nice,Montpellier,A,A,2023/2024,40.0,1.93,60.0,2,5,2.0,3.0,35.29,58.82,1.0,1.2,1.0,1.8,3.75,1.24,1.47,1.93,1
2024-03-31,F1,14:00,Le Havre,Montpellier,A,D,2023/2024,40.0,1.98,60.0,5,3,2.0,3.0,47.06,58.82,1.2,1.0,1.2,1.8,3.25,1.06,1.47,2.18,0
2024-04-14,F1,14:00,Clermont,Montpellier,D,H,2023/2024,60.0,1.93,60.0,6,2,3.0,3.0,41.18,58.82,2.2,1.0,1.4,1.6,3.6,0.82,1.47,1.72,0
2024-04-21,F1,14:00,Reims,Montpellier,A,A,2023/2024,40.0,2.02,60.0,5,4,2.0,3.0,47.06,58.82,1.0,0.8,1.6,1.4,3.75,1.12,1.47,1.67,1
2024-05-03,F1,18:00,Toulouse,Montpellier,A,D,2023/2024,80.0,1.88,60.0,3,5,4.0,3.0,64.71,58.82,1.6,1.4,1.8,0.8,3.8,1.24,1.47,1.65,1
2024-05-19,F1,20:00,Lens,Montpellier,D,H,2023/2024,40.0,2.16,60.0,2,13,2.0,3.0,41.18,58.82,1.2,1.4,1.8,1.0,5.5,1.59,1.47,1.37,1
2024-08-23,F1,19:45,Paris SG,Montpellier,H,H,2024/2025,100.0,1.94,100.0,3,10,1.0,1.0,100.0,100.0,0.0,6.0,0.0,6.0,7.0,6.0,6.0,1.36,1
2022-08-07,F1,14:00,Angers,Nantes,D,D,2022/2023,0.0,2.12,0.0,4,6,0.0,0.0,73.68,47.37,0.0,0.0,0.0,0.0,3.25,1.05,1.53,2.24,0
2022-08-20,F1,20:00,Marseille,Nantes,H,D,2022/2023,100.0,2.14,50.0,3,5,2.0,1.0,68.42,47.37,1.0,3.0,0.5,1.0,4.0,1.84,1.53,1.82,1
2022-08-31,F1,18:00,Strasbourg,Nantes,D,H,2022/2023,33.33,2.16,33.33,3,2,1.0,1.0,52.63,47.37,1.33,1.0,0.67,1.0,3.5,1.32,1.53,1.99,0
2022-09-11,F1,14:00,Lorient,Nantes,H,D,2022/2023,100.0,1.87,50.0,4,5,3.0,2.0,63.16,47.37,1.33,2.67,1.0,1.5,3.2,1.37,1.53,2.13,1
2022-10-02,F1,16:05,Monaco,Nantes,H,H,2022/2023,80.0,2.09,60.0,2,6,4.0,3.0,68.42,47.37,2.2,2.0,1.0,2.0,5.25,1.95,1.53,1.63,1
2022-10-09,F1,16:05,Rennes,Nantes,H,H,2022/2023,80.0,2.15,80.0,3,4,4.0,4.0,68.42,47.37,0.6,2.6,1.0,2.6,4.33,2.26,1.53,1.79,1
2022-10-23,F1,16:05,Nice,Nantes,D,D,2022/2023,40.0,1.86,60.0,4,5,2.0,3.0,36.84,47.37,1.6,0.8,1.0,2.4,3.4,1.26,1.53,2.23,0
2022-11-06,F1,14:00,Reims,Nantes,H,D,2022/2023,40.0,2.03,60.0,5,9,2.0,3.0,52.63,47.37,1.0,0.8,0.8,2.4,3.5,1.47,1.53,2.03,0
2022-12-28,F1,14:00,Troyes,Nantes,D,D,2022/2023,40.0,1.95,40.0,5,2,2.0,2.0,42.11,47.37,1.2,1.2,0.4,1.8,3.5,1.0,1.53,1.92,0
2023-01-15,F1,14:00,Montpellier,Nantes,A,A,2022/2023,60.0,1.86,40.0,7,5,3.0,2.0,68.42,47.37,2.0,0.6,0.8,1.0,3.25,1.53,1.53,2.13,1
2023-01-29,F1,14:00,Clermont,Nantes,D,D,2022/2023,40.0,1.84,20.0,0,0,2.0,1.0,47.37,47.37,1.4,0.8,0.8,0.4,3.1,1.05,1.53,2.42,0
2023-02-05,F1,14:00,Ajaccio,Nantes,A,D,2022/2023,20.0,2.25,20.0,3,2,1.0,1.0,36.84,47.37,1.4,1.0,1.0,0.2,2.9,0.53,1.53,3.0,0
2023-02-19,F1,16:05,Lens,Nantes,H,H,2022/2023,60.0,2.12,40.0,3,6,3.0,2.0,68.42,47.37,0.8,1.8,1.2,0.6,4.0,2.16,1.53,2.08,1
2023-03-04,F1,20:00,Paris SG,Nantes,H,D,2022/2023,60.0,2.04,60.0,5,11,3.0,3.0,63.16,47.37,1.4,2.6,1.6,1.4,6.0,2.37,1.53,1.59,1
2023-03-17,F1,20:00,Lyon,Nantes,D,D,2022/2023,40.0,1.93,40.0,5,6,2.0,2.0,57.89,47.37,0.8,0.8,1.2,1.6,4.2,1.84,1.53,1.81,0
2023-04-16,F1,14:00,Auxerre,Nantes,H,H,2022/2023,40.0,2.06,60.0,7,7,2.0,3.0,42.11,47.37,0.4,1.0,1.4,2.0,2.88,0.95,1.53,2.79,1
2023-05-03,F1,20:00,Brest,Nantes,H,H,2022/2023,60.0,1.95,60.0,5,4,3.0,3.0,52.63,47.37,1.0,1.6,1.0,2.4,3.1,1.26,1.53,2.47,0
2023-05-14,F1,14:00,Toulouse,Nantes,D,D,2022/2023,20.0,2.0,40.0,1,6,1.0,2.0,47.37,47.37,1.2,0.2,0.8,1.8,3.4,1.42,1.53,1.81,0
2023-05-27,F1,20:00,Lille,Nantes,H,A,2022/2023,100.0,1.94,40.0,3,2,5.0,2.0,68.42,47.37,0.8,2.4,0.6,1.4,4.75,2.11,1.53,1.82,1
2023-08-20,F1,12:00,Lille,Nantes,H,D,2023/2024,0.0,2.0,0.0,4,8,0.0,0.0,52.94,47.06,0.0,2.0,0.0,2.0,4.75,2.0,1.47,1.7,0
2023-09-17,F1,14:00,Clermont,Nantes,A,D,2023/2024,33.33,2.09,0.0,5,3,1.0,0.0,41.18,47.06,2.0,0.67,0.5,1.0,3.75,0.82,1.47,2.05,0
2023-10-01,F1,19:45,Rennes,Nantes,H,D,2023/2024,100.0,1.97,33.33,3,5,4.0,1.0,70.59,47.06,1.5,3.0,0.67,1.67,4.0,2.0,1.47,1.94,1
2023-10-06,F1,20:00,Strasbourg,Nantes,A,D,2023/2024,60.0,1.96,50.0,7,3,3.0,2.0,64.71,47.06,1.2,1.4,1.0,1.5,3.25,1.29,1.47,2.32,1
2023-10-28,F1,20:00,Lens,Nantes,H,H,2023/2024,40.0,1.89,60.0,1,7,2.0,3.0,41.18,47.06,0.8,1.6,0.8,2.0,4.2,1.59,1.47,1.82,1
2023-11-12,F1,14:00,Metz,Nantes,H,H,2023/2024,40.0,2.0,80.0,3,4,2.0,4.0,52.94,47.06,1.0,1.0,1.0,2.2,3.2,1.0,1.47,2.33,1
2023-12-09,F1,20:00,Paris SG,Nantes,H,H,2023/2024,100.0,2.05,100.0,4,6,5.0,5.0,82.35,47.06,0.6,3.4,1.0,2.6,6.0,2.47,1.47,1.45,1
2023-12-20,F1,20:00,Lyon,Nantes,H,D,2023/2024,40.0,2.1,80.0,0,7,2.0,4.0,58.82,47.06,1.0,1.2,0.8,2.2,3.6,1.47,1.47,2.02,0
2024-01-28,F1,14:00,Reims,Nantes,D,D,2023/2024,40.0,1.97,60.0,5,1,2.0,3.0,47.06,47.06,0.8,0.8,0.4,2.0,3.4,1.12,1.47,2.13,0
2024-02-11,F1,14:00,Toulouse,Nantes,A,A,2023/2024,40.0,2.16,60.0,2,3,2.0,3.0,64.71,47.06,1.4,0.6,0.8,1.4,3.4,1.24,1.47,2.13,1
2024-02-24,F1,16:00,Lorient,Nantes,A,D,2023/2024,60.0,1.91,40.0,6,1,3.0,2.0,64.71,47.06,2.0,1.6,0.8,0.8,3.1,1.53,1.47,2.51,0
2024-03-10,F1,19:45,Marseille,Nantes,H,H,2023/2024,40.0,2.1,20.0,3,4,2.0,1.0,52.94,47.06,1.0,2.0,0.6,0.8,4.0,1.82,1.47,2.09,0
2024-03-31,F1,14:00,Nice,Nantes,A,A,2023/2024,60.0,1.83,40.0,4,3,3.0,2.0,35.29,47.06,1.4,1.0,1.0,0.8,3.4,1.24,1.47,2.47,1
2024-04-14,F1,12:00,Le Havre,Nantes,A,D,2023/2024,20.0,1.85,40.0,4,1,1.0,2.0,47.06,47.06,1.2,0.4,1.2,0.8,2.9,1.06,1.47,2.85,0
2024-04-26,F1,20:00,Montpellier,Nantes,D,D,2023/2024,60.0,1.9,20.0,5,1,3.0,1.0,47.06,47.06,1.8,2.0,1.0,0.8,3.5,1.18,1.47,2.02,0
2024-05-04,F1,20:00,Brest,Nantes,D,D,2023/2024,20.0,1.99,20.0,1,2,1.0,1.0,29.41,47.06,1.2,1.2,0.8,0.8,3.6,1.47,1.47,2.2,0
2024-05-19,F1,20:00,Monaco,Nantes,H,H,2023/2024,60.0,2.2,40.0,3,6,3.0,2.0,52.94,47.06,0.6,2.4,0.8,1.2,4.75,1.76,1.47,1.42,1
2024-08-18,F1,16:00,Toulouse,Nantes,D,D,2024/2025,0.0,2.16,0.0,2,3,0.0,0.0,50.0,50.0,0.0,0.0,0.0,0.0,3.4,0.5,0.5,2.25,0
2024-08-31,F1,18:00,Montpellier,Nantes,A,A,2024/2025,50.0,1.94,50.0,5,5,1.0,1.0,50.0,50.0,2.0,1.0,1.5,0.5,3.5,1.0,0.5,1.9,1
2022-08-07,F1,12:00,Toulouse,Nice,D,H,2022/2023,0.0,2.15,0.0,4,4,0.0,0.0,47.37,42.11,1.0,1.0,1.0,1.0,3.25,1.42,1.0,2.04,0
2022-08-21,F1,14:00,Clermont,Nice,H,H,2022/2023,50.0,1.83,0.0,4,2,1.0,0.0,47.37,42.11,2.5,0.5,0.5,1.0,3.3,1.05,1.0,2.06,0
2022-08-31,F1,20:00,Lille,Nice,A,A,2022/2023,100.0,1.86,33.33,2,6,3.0,1.0,68.42,42.11,3.33,2.0,1.0,1.0,3.4,2.11,1.0,2.05,1
2022-09-11,F1,14:00,Ajaccio,Nice,A,D,2022/2023,25.0,2.05,25.0,3,3,1.0,1.0,36.84,42.11,1.25,0.25,1.0,0.75,2.9,0.53,1.0,2.61,0
2022-10-01,F1,20:00,Paris SG,Nice,H,H,2022/2023,50.0,1.96,40.0,1,4,2.0,2.0,63.16,42.11,1.0,2.25,1.0,1.0,7.0,2.37,1.0,1.42,1
2022-10-16,F1,14:00,Auxerre,Nice,D,D,2022/2023,20.0,1.88,40.0,2,3,1.0,2.0,42.11,42.11,1.4,0.8,1.0,1.0,3.5,0.95,1.0,2.24,0
2022-10-30,F1,16:05,Lorient,Nice,A,H,2022/2023,80.0,1.99,60.0,5,8,4.0,3.0,63.16,42.11,1.2,1.8,1.4,1.0,3.3,1.37,1.0,2.33,1
2022-11-11,F1,20:00,Lyon,Nice,D,A,2022/2023,20.0,1.93,40.0,3,3,1.0,2.0,57.89,42.11,0.6,1.6,1.2,1.0,3.75,1.84,1.0,2.01,0
2023-01-02,F1,20:00,Rennes,Nice,H,D,2022/2023,100.0,2.07,60.0,3,5,5.0,3.0,68.42,42.11,0.8,2.6,1.2,1.4,3.75,2.26,1.0,2.15,1
2023-01-15,F1,14:00,Reims,Nice,D,D,2022/2023,40.0,1.85,40.0,4,2,2.0,2.0,52.63,42.11,0.4,1.2,1.0,1.0,3.2,1.47,1.0,2.24,0
2023-02-01,F1,20:00,Lens,Nice,A,D,2022/2023,60.0,1.91,40.0,6,4,3.0,2.0,68.42,42.11,0.6,1.8,1.0,0.8,3.3,2.16,1.0,2.28,0
2023-02-05,F1,19:45,Marseille,Nice,A,A,2022/2023,60.0,2.06,40.0,8,5,3.0,2.0,68.42,42.11,1.2,2.4,1.2,0.8,4.0,1.84,1.0,2.01,1
2023-02-26,F1,16:05,Monaco,Nice,A,A,2022/2023,80.0,1.85,60.0,7,4,4.0,3.0,68.42,42.11,1.4,2.8,1.6,0.6,3.6,1.95,1.0,2.11,1
2023-03-12,F1,14:00,Nantes,Nice,D,D,2022/2023,20.0,1.91,60.0,8,3,1.0,3.0,47.37,42.11,1.0,0.6,1.8,0.6,3.2,1.05,1.0,2.52,1
2023-04-02,F1,14:00,Angers,Nice,D,D,2022/2023,40.0,1.88,60.0,3,6,2.0,3.0,73.68,42.11,1.8,0.8,2.0,0.8,3.8,1.05,1.0,2.13,0
2023-04-16,F1,14:00,Brest,Nice,H,H,2022/2023,60.0,2.16,60.0,6,3,3.0,3.0,52.63,42.11,1.2,1.4,1.8,1.0,3.2,1.26,1.0,2.31,0
2023-04-30,F1,14:00,Troyes,Nice,A,A,2022/2023,40.0,1.9,40.0,13,6,2.0,2.0,42.11,42.11,1.6,0.8,1.4,0.8,4.0,1.0,1.0,1.9,0
2023-05-13,F1,16:00,Strasbourg,Nice,H,H,2022/2023,40.0,2.12,20.0,4,3,2.0,1.0,52.63,42.11,0.8,1.6,0.8,1.2,3.4,1.32,1.0,2.01,0
2023-05-27,F1,20:00,Montpellier,Nice,A,H,2022/2023,60.0,1.85,20.0,15,8,3.0,1.0,68.42,42.11,1.4,1.4,1.0,1.2,3.6,1.53,1.0,1.78,1
2023-08-20,F1,14:00,Lorient,Nice,D,D,2023/2024,0.0,2.02,0.0,8,2,0.0,0.0,64.71,41.18,1.0,1.0,1.0,1.0,3.25,1.53,1.06,2.25,0
2023-09-15,F1,20:00,Paris SG,Nice,A,D,2023/2024,66.67,2.0,50.0,8,3,2.0,1.0,82.35,41.18,1.33,1.67,2.0,1.5,4.5,2.47,1.06,1.66,1
2023-09-22,F1,20:00,Monaco,Nice,A,D,2023/2024,66.67,1.91,33.33,7,3,2.0,1.0,52.94,41.18,0.33,2.0,1.67,1.0,3.6,1.76,1.06,1.78,0
2023-10-07,F1,16:00,Metz,Nice,A,A,2023/2024,50.0,2.14,25.0,4,3,2.0,1.0,52.94,41.18,1.5,1.0,1.5,0.75,4.0,1.0,1.06,2.05,0
2023-10-27,F1,20:00,Clermont,Nice,A,D,2023/2024,20.0,2.21,20.0,5,3,1.0,1.0,41.18,41.18,1.4,0.4,1.4,0.6,3.2,0.82,1.06,2.41,0
2023-11-10,F1,20:00,Montpellier,Nice,D,D,2023/2024,60.0,1.88,20.0,4,1,3.0,1.0,47.06,41.18,1.0,1.2,1.2,0.4,3.25,1.18,1.06,2.25,0
2023-12-02,F1,20:00,Nantes,Nice,H,H,2023/2024,20.0,1.87,0.0,6,4,1.0,0.0,47.06,41.18,0.8,1.6,0.6,0.2,3.2,1.0,1.06,2.45,0
2023-12-16,F1,16:00,Le Havre,Nice,H,H,2023/2024,20.0,1.84,20.0,6,5,1.0,1.0,47.06,41.18,1.0,0.6,0.6,0.8,3.0,1.06,1.06,2.86,1
2024-01-13,F1,20:00,Rennes,Nice,H,H,2023/2024,40.0,1.91,20.0,2,5,2.0,1.0,70.59,41.18,1.0,1.4,0.4,1.2,3.3,2.0,1.06,2.39,0
2024-02-04,F1,16:05,Brest,Nice,D,D,2023/2024,40.0,2.05,20.0,1,2,2.0,1.0,29.41,41.18,0.2,2.0,0.2,1.2,3.0,1.47,1.06,3.1,0
2024-02-16,F1,20:00,Lyon,Nice,H,H,2023/2024,40.0,1.96,20.0,6,1,2.0,1.0,58.82,41.18,0.6,1.6,0.2,1.4,3.2,1.47,1.06,2.33,0
2024-03-03,F1,12:00,Toulouse,Nice,H,A,2023/2024,80.0,2.02,40.0,6,6,4.0,2.0,64.71,41.18,1.6,1.4,0.4,1.6,3.25,1.24,1.06,2.36,1
2024-03-16,F1,20:00,Lens,Nice,A,A,2023/2024,60.0,1.95,40.0,3,4,3.0,2.0,41.18,41.18,1.8,1.4,0.8,1.2,3.5,1.59,1.06,2.19,1
2024-04-07,F1,14:00,Reims,Nice,D,D,2023/2024,40.0,2.16,40.0,3,3,2.0,2.0,47.06,41.18,1.2,1.0,0.8,0.8,3.1,1.12,1.06,2.2,0
2024-04-24,F1,20:00,Marseille,Nice,D,D,2023/2024,40.0,2.03,60.0,4,4,2.0,3.0,52.94,41.18,1.2,1.8,1.2,1.2,3.3,1.82,1.06,2.38,1
2024-04-28,F1,14:00,Strasbourg,Nice,A,D,2023/2024,60.0,2.03,80.0,4,5,3.0,4.0,64.71,41.18,1.6,1.2,1.8,1.2,3.3,1.29,1.06,2.35,1
2024-05-19,F1,20:00,Lille,Nice,D,A,2023/2024,80.0,2.12,80.0,4,3,4.0,4.0,52.94,41.18,1.6,2.2,2.0,1.2,4.5,2.0,1.06,1.72,1
2024-08-18,F1,14:00,Auxerre,Nice,H,D,2024/2025,100.0,2.17,100.0,2,7,1.0,1.0,100.0,100.0,1.0,2.0,1.0,2.0,3.4,2.0,1.5,2.11,1
2024-09-01,F1,16:00,Angers,Nice,A,A,2024/2025,50.0,1.98,100.0,9,7,1.0,2.0,50.0,100.0,2.5,0.5,2.5,1.5,3.3,0.5,1.5,2.39,1
2022-08-06,F1,20:00,Clermont,Paris SG,A,A,2022/2023,100.0,2.17,100.0,12,1,1.0,1.0,47.37,73.68,5.0,0.0,5.0,0.0,7.0,1.05,0.79,1.47,1
2022-08-21,F1,19:45,Lille,Paris SG,A,A,2022/2023,100.0,2.04,100.0,9,10,2.0,2.0,68.42,73.68,4.0,2.5,6.0,0.5,5.5,2.11,0.79,1.49,1
2022-08-31,F1,20:00,Toulouse,Paris SG,A,A,2022/2023,66.67,2.11,100.0,13,7,2.0,3.0,47.37,73.68,2.0,1.0,5.0,0.33,6.5,1.42,0.79,1.27,1
2022-09-03,F1,20:00,Nantes,Paris SG,A,A,2022/2023,66.67,2.15,100.0,7,1,2.0,4.0,47.37,73.68,1.67,1.33,4.5,0.25,7.0,1.05,0.79,1.37,1
2022-09-18,F1,19:45,Lyon,Paris SG,A,A,2022/2023,80.0,2.1,80.0,8,3,4.0,4.0,57.89,73.68,0.8,2.6,3.8,0.2,5.0,1.84,0.79,1.36,0
2022-10-08,F1,20:00,Reims,Paris SG,D,D,2022/2023,40.0,2.0,60.0,3,4,2.0,3.0,52.63,73.68,1.8,0.8,2.8,0.2,5.75,1.47,0.79,1.6,0
2022-10-21,F1,20:00,Ajaccio,Paris SG,A,A,2022/2023,60.0,2.19,60.0,6,1,3.0,3.0,36.84,73.68,2.2,0.4,2.0,0.0,6.0,0.53,0.79,1.73,1
2022-11-06,F1,12:00,Lorient,Paris SG,A,A,2022/2023,80.0,2.0,60.0,8,2,4.0,3.0,63.16,73.68,1.4,1.4,1.8,0.2,5.5,1.37,0.79,1.47,1
2023-01-01,F1,19:45,Lens,Paris SG,H,H,2022/2023,60.0,2.11,60.0,6,4,3.0,3.0,68.42,73.68,0.4,2.0,1.4,0.8,3.5,2.16,0.79,1.98,1
2023-01-15,F1,19:45,Rennes,Paris SG,H,D,2022/2023,80.0,2.13,60.0,1,6,4.0,3.0,68.42,73.68,0.8,2.2,1.2,1.0,4.2,2.26,0.79,1.73,0
2023-02-01,F1,20:00,Montpellier,Paris SG,A,D,2022/2023,80.0,1.86,80.0,8,3,4.0,4.0,68.42,73.68,2.2,0.8,1.8,1.2,6.0,1.53,0.79,1.48,1
2023-02-11,F1,16:00,Monaco,Paris SG,H,H,2022/2023,80.0,1.9,80.0,2,9,4.0,4.0,68.42,73.68,1.4,3.2,1.4,1.8,3.3,1.95,0.79,1.94,1
2023-02-26,F1,19:45,Marseille,Paris SG,A,A,2022/2023,80.0,2.09,80.0,7,6,4.0,4.0,68.42,73.68,1.8,2.2,1.6,1.6,3.6,1.84,0.79,1.76,1
2023-03-11,F1,20:00,Brest,Paris SG,A,D,2022/2023,60.0,2.17,80.0,8,2,3.0,4.0,52.63,73.68,1.0,1.4,1.8,1.2,5.25,1.26,0.79,1.55,1
2023-04-08,F1,20:00,Nice,Paris SG,A,A,2022/2023,20.0,1.93,80.0,4,7,1.0,4.0,36.84,73.68,0.8,1.0,2.2,1.0,3.75,1.26,0.79,1.92,0
2023-04-21,F1,20:00,Angers,Paris SG,A,A,2022/2023,40.0,2.47,80.0,4,4,2.0,4.0,73.68,73.68,1.6,0.8,2.0,1.0,8.5,1.05,0.79,1.47,1
2023-05-07,F1,19:45,Troyes,Paris SG,A,A,2022/2023,60.0,1.88,80.0,12,3,3.0,4.0,42.11,73.68,2.0,1.0,2.4,0.6,6.5,1.0,0.79,1.37,1
2023-05-21,F1,19:45,Auxerre,Paris SG,A,A,2022/2023,40.0,2.03,80.0,4,7,2.0,4.0,42.11,73.68,1.0,1.2,2.2,0.8,5.5,0.95,0.79,1.57,1
2023-05-27,F1,20:00,Strasbourg,Paris SG,D,D,2022/2023,40.0,2.02,60.0,2,5,2.0,3.0,52.63,73.68,0.8,1.8,2.0,0.8,4.0,1.32,0.79,1.56,0
2023-08-19,F1,20:00,Toulouse,Paris SG,D,D,2023/2024,0.0,1.99,0.0,3,2,0.0,0.0,64.71,47.06,1.0,1.0,1.0,1.0,4.0,1.24,0.65,1.7,0
2023-09-03,F1,19:45,Lyon,Paris SG,A,A,2023/2024,100.0,2.16,50.0,8,8,2.0,1.0,58.82,47.06,4.0,1.0,2.5,1.0,4.2,1.47,0.65,1.62,1
2023-09-30,F1,16:00,Clermont,Paris SG,D,D,2023/2024,25.0,1.94,33.33,10,3,1.0,1.0,41.18,47.06,1.5,0.5,1.67,0.67,5.0,0.82,0.65,1.66,0
2023-10-08,F1,19:45,Rennes,Paris SG,A,A,2023/2024,100.0,2.13,50.0,7,4,5.0,2.0,70.59,47.06,1.8,2.6,2.0,0.75,3.8,2.0,0.65,1.66,1
2023-10-29,F1,12:00,Brest,Paris SG,A,A,2023/2024,40.0,2.03,60.0,10,5,2.0,3.0,29.41,47.06,1.2,1.4,2.2,1.0,4.2,1.47,0.65,1.7,1
2023-11-11,F1,16:00,Reims,Paris SG,A,A,2023/2024,60.0,2.13,80.0,6,6,3.0,4.0,47.06,47.06,1.6,1.0,2.6,0.8,4.2,1.12,0.65,1.61,1
2023-12-03,F1,12:00,Le Havre,Paris SG,A,A,2023/2024,20.0,2.11,60.0,5,7,1.0,3.0,47.06,47.06,1.0,0.4,2.2,0.6,5.0,1.06,0.65,1.61,0
2023-12-17,F1,19:45,Lille,Paris SG,D,D,2023/2024,0.0,1.98,60.0,2,3,0.0,3.0,52.94,47.06,0.4,1.4,2.4,0.8,3.75,2.0,0.65,1.62,0
2024-01-14,F1,19:45,Lens,Paris SG,A,A,2023/2024,40.0,2.02,40.0,7,5,2.0,2.0,41.18,47.06,0.8,2.0,2.2,0.6,4.0,1.59,0.65,1.7,0
2024-02-02,F1,20:00,Strasbourg,Paris SG,A,A,2023/2024,60.0,1.97,40.0,5,8,3.0,2.0,64.71,47.06,1.0,1.2,2.0,0.4,4.5,1.29,0.65,1.65,1
2024-02-17,F1,20:00,Nantes,Paris SG,A,D,2023/2024,20.0,2.12,20.0,2,7,1.0,1.0,47.06,47.06,1.4,0.4,1.8,0.4,4.33,1.0,0.65,1.9,0
2024-03-01,F1,20:00,Monaco,Paris SG,D,D,2023/2024,40.0,2.13,20.0,7,6,2.0,1.0,52.94,47.06,1.4,0.6,1.4,0.4,4.0,1.76,0.65,1.5,0
2024-03-17,F1,19:45,Montpellier,Paris SG,A,D,2023/2024,80.0,1.95,40.0,9,7,4.0,2.0,47.06,47.06,2.0,1.6,2.4,0.6,4.75,1.18,0.65,1.46,1
2024-03-31,F1,19:45,Marseille,Paris SG,A,D,2023/2024,40.0,2.05,40.0,3,10,2.0,2.0,52.94,47.06,1.2,1.8,2.4,0.6,3.75,1.82,0.65,1.75,0
2024-04-24,F1,18:00,Lorient,Paris SG,A,A,2023/2024,20.0,2.0,40.0,7,6,1.0,2.0,64.71,47.06,1.6,0.6,2.8,0.6,4.75,1.53,0.65,1.5,1
2024-05-15,F1,20:00,Nice,Paris SG,A,A,2023/2024,80.0,2.13,60.0,4,4,4.0,3.0,35.29,47.06,1.2,1.4,2.8,0.8,3.7,1.24,0.65,1.7,1
2024-05-19,F1,20:00,Metz,Paris SG,A,A,2023/2024,80.0,2.05,60.0,8,2,4.0,3.0,52.94,47.06,2.6,1.4,3.2,0.8,3.6,1.0,0.65,1.56,0
2024-08-16,F1,19:45,Le Havre,Paris SG,A,A,2024/2025,100.0,2.02,100.0,9,2,1.0,1.0,100.0,100.0,4.0,1.0,4.0,1.0,4.75,2.0,1.0,1.75,1
2024-09-01,F1,19:45,Lille,Paris SG,A,A,2024/2025,50.0,2.06,100.0,7,4,1.0,2.0,50.0,100.0,1.5,1.5,3.5,1.0,3.9,1.5,1.0,1.75,1
2022-08-07,F1,19:45,Marseille,Reims,H,H,2022/2023,100.0,1.9,100.0,6,6,1.0,1.0,68.42,36.84,1.0,4.0,1.0,4.0,3.8,1.84,1.16,2.06,1
2022-08-21,F1,12:00,Strasbourg,Reims,D,H,2022/2023,50.0,1.95,50.0,6,3,1.0,1.0,52.63,36.84,1.5,1.0,1.0,2.5,3.6,1.32,1.16,2.1,0
2022-08-31,F1,18:00,Angers,Reims,A,A,2022/2023,66.67,2.05,66.67,5,3,2.0,2.0,73.68,36.84,2.33,1.0,2.0,2.33,3.3,1.05,1.16,2.26,1
2022-09-11,F1,14:00,Toulouse,Reims,H,H,2022/2023,50.0,1.92,50.0,1,3,2.0,2.0,47.37,36.84,1.5,1.0,1.5,2.0,3.5,1.42,1.16,1.9,0
2022-10-02,F1,14:00,Troyes,Reims,D,A,2022/2023,75.0,1.99,60.0,2,6,3.0,3.0,42.11,36.84,1.75,1.5,1.6,2.0,3.25,1.0,1.16,2.04,1
2022-10-15,F1,16:00,Lorient,Reims,D,D,2022/2023,80.0,1.85,40.0,2,3,4.0,2.0,63.16,36.84,1.0,2.0,1.4,1.2,3.3,1.37,1.16,1.97,0
2022-10-30,F1,14:00,Brest,Reims,D,D,2022/2023,40.0,1.92,40.0,3,4,2.0,2.0,52.63,36.84,2.2,0.4,1.2,1.0,3.3,1.26,1.16,1.97,0
2022-11-13,F1,14:00,Montpellier,Reims,D,D,2022/2023,60.0,1.89,20.0,4,8,3.0,1.0,68.42,36.84,1.8,1.0,0.6,0.8,3.25,1.53,1.16,2.04,0
2023-01-02,F1,16:00,Lille,Reims,D,H,2022/2023,20.0,1.88,20.0,6,5,1.0,1.0,68.42,36.84,1.0,1.6,0.8,0.8,4.0,2.11,1.16,1.94,0
2023-01-11,F1,18:00,Ajaccio,Reims,A,A,2022/2023,60.0,2.07,0.0,3,1,3.0,0.0,36.84,36.84,1.8,1.2,0.6,0.4,3.0,0.53,1.16,2.54,0
2023-01-29,F1,19:45,Paris SG,Reims,D,D,2022/2023,60.0,1.97,0.0,4,5,3.0,0.0,63.16,36.84,1.0,2.8,0.8,0.6,6.5,2.37,1.16,1.46,0
2023-02-05,F1,14:00,Auxerre,Reims,D,D,2022/2023,40.0,1.99,0.0,4,3,2.0,0.0,42.11,36.84,2.0,0.6,0.8,0.6,3.6,0.95,1.16,2.03,0
2023-02-18,F1,16:00,Nice,Reims,D,D,2022/2023,40.0,2.12,0.0,2,1,2.0,0.0,36.84,36.84,0.2,2.0,0.6,0.4,3.4,1.26,1.16,2.02,0
2023-03-12,F1,16:05,Monaco,Reims,A,D,2022/2023,80.0,2.02,0.0,8,3,4.0,0.0,68.42,36.84,1.6,2.6,0.6,0.2,3.6,1.95,1.16,1.76,0
2023-04-02,F1,14:00,Nantes,Reims,A,A,2022/2023,40.0,1.9,20.0,9,6,2.0,1.0,47.37,36.84,1.6,0.6,1.0,0.2,3.5,1.05,1.16,2.26,1
2023-04-15,F1,16:00,Rennes,Reims,H,H,2022/2023,40.0,2.04,40.0,1,8,2.0,2.0,68.42,36.84,1.0,1.2,0.8,0.6,3.4,2.26,1.16,1.93,1
2023-04-30,F1,14:00,Clermont,Reims,H,H,2022/2023,60.0,1.97,40.0,2,2,3.0,2.0,47.37,36.84,1.4,1.2,0.8,0.8,3.6,1.05,1.16,1.94,0
2023-05-12,F1,20:00,Lens,Reims,H,D,2022/2023,100.0,2.1,60.0,3,6,5.0,3.0,68.42,36.84,0.6,2.4,1.0,1.2,4.33,2.16,1.16,1.63,1
2023-05-27,F1,20:00,Lyon,Reims,H,H,2022/2023,100.0,1.88,80.0,1,7,5.0,4.0,57.89,36.84,1.6,3.0,0.8,1.8,4.5,1.84,1.16,1.34,1
2023-08-12,F1,16:00,Marseille,Reims,H,D,2023/2024,100.0,2.11,100.0,4,4,1.0,1.0,52.94,64.71,1.0,2.0,1.0,2.0,3.75,1.82,1.71,1.99,1
2023-08-27,F1,14:00,Montpellier,Reims,A,A,2023/2024,100.0,1.98,100.0,6,3,2.0,2.0,47.06,64.71,2.5,1.5,2.0,1.5,3.5,1.18,1.71,1.82,1
2023-09-03,F1,14:00,Metz,Reims,D,D,2023/2024,100.0,2.04,100.0,2,4,2.0,3.0,52.94,64.71,2.0,2.0,2.0,1.67,3.8,1.0,1.71,1.92,1
2023-09-26,F1,20:00,Lille,Reims,A,A,2023/2024,33.33,2.04,100.0,4,3,1.0,4.0,52.94,64.71,0.67,1.33,2.0,1.5,3.8,2.0,1.71,1.8,1
2023-10-22,F1,14:00,Toulouse,Reims,D,D,2023/2024,50.0,1.99,80.0,4,5,2.0,4.0,64.71,64.71,1.0,1.75,1.8,1.4,3.4,1.24,1.71,1.98,0
2023-11-05,F1,14:00,Nantes,Reims,A,D,2023/2024,40.0,1.88,60.0,4,4,2.0,3.0,47.06,64.71,1.6,2.2,1.8,1.0,3.25,1.0,1.71,2.13,0
2023-11-26,F1,16:05,Rennes,Reims,H,D,2023/2024,60.0,2.09,60.0,5,5,3.0,3.0,70.59,64.71,1.4,1.6,1.4,1.4,3.6,2.0,1.71,1.92,1
2023-12-10,F1,12:00,Nice,Reims,H,D,2023/2024,20.0,1.94,60.0,2,5,1.0,3.0,35.29,64.71,0.2,1.2,1.2,1.4,3.4,1.24,1.71,2.35,1
2023-12-16,F1,20:00,Lens,Reims,H,H,2023/2024,40.0,1.89,40.0,3,2,2.0,2.0,41.18,64.71,0.6,2.2,0.8,1.6,3.3,1.59,1.71,2.03,0
2024-01-13,F1,16:00,Monaco,Reims,A,A,2023/2024,40.0,2.06,60.0,5,5,2.0,3.0,52.94,64.71,1.0,1.4,1.2,1.6,4.0,1.76,1.71,1.68,1
2024-02-11,F1,14:00,Lorient,Reims,H,D,2023/2024,80.0,1.94,60.0,6,5,4.0,3.0,64.71,64.71,2.4,2.0,1.0,2.0,3.75,1.53,1.71,2.06,0
2024-02-25,F1,14:00,Le Havre,Reims,A,D,2023/2024,60.0,1.98,60.0,5,4,3.0,3.0,47.06,64.71,1.4,1.4,1.2,1.6,3.4,1.06,1.71,2.15,1
2024-03-10,F1,12:00,Paris SG,Reims,D,D,2023/2024,80.0,1.88,60.0,3,6,4.0,3.0,82.35,64.71,1.4,2.2,1.4,1.6,4.5,2.47,1.71,1.61,1
2024-03-30,F1,20:00,Lyon,Reims,D,D,2023/2024,40.0,1.86,60.0,5,3,2.0,3.0,58.82,64.71,1.4,1.0,1.6,1.4,3.6,1.47,1.71,1.71,0
2024-04-13,F1,16:00,Strasbourg,Reims,H,D,2023/2024,60.0,1.8,60.0,2,6,3.0,3.0,64.71,64.71,1.6,1.2,1.2,1.8,3.3,1.29,1.71,1.99,1
2024-04-28,F1,14:00,Clermont,Reims,H,D,2023/2024,80.0,1.85,80.0,3,6,4.0,4.0,41.18,64.71,2.2,1.6,1.4,2.2,3.75,0.82,1.71,1.73,1
2024-05-10,F1,20:00,Brest,Reims,D,D,2023/2024,20.0,1.88,60.0,2,5,1.0,3.0,29.41,64.71,1.4,1.2,1.2,2.2,4.2,1.47,1.71,1.73,0
2024-08-25,F1,19:45,Marseille,Reims,D,H,2024/2025,100.0,1.94,100.0,3,10,1.0,1.0,100.0,100.0,2.0,2.0,2.0,2.0,5.25,2.0,2.0,1.61,1
2022-08-13,F1,16:00,Monaco,Rennes,D,D,2022/2023,0.0,2.19,0.0,8,4,0.0,0.0,68.42,57.89,1.0,1.0,1.0,1.0,3.6,1.95,1.32,1.81,0
2022-08-27,F1,20:00,Lens,Rennes,H,D,2022/2023,100.0,1.95,50.0,6,4,2.0,1.0,68.42,57.89,1.5,2.5,1.0,1.5,3.5,2.16,1.32,1.82,1
2022-09-04,F1,16:05,Troyes,Rennes,D,H,2022/2023,66.67,1.93,33.33,6,1,2.0,1.0,42.11,57.89,1.67,1.33,1.0,1.33,4.0,1.0,1.32,1.84,0
2022-09-18,F1,14:00,Marseille,Rennes,D,A,2022/2023,60.0,1.86,25.0,4,4,3.0,1.0,68.42,57.89,0.8,2.0,1.0,1.25,3.6,1.84,1.32,1.9,0
2022-10-01,F1,16:00,Strasbourg,Rennes,A,A,2022/2023,40.0,1.91,40.0,7,3,2.0,2.0,52.63,57.89,1.4,0.8,1.4,1.2,3.6,1.32,1.32,1.98,1
2022-10-23,F1,12:00,Angers,Rennes,A,A,2022/2023,100.0,2.06,60.0,5,2,5.0,3.0,73.68,57.89,2.6,1.4,1.6,1.2,4.33,1.05,1.32,1.71,1
2022-11-06,F1,16:05,Lille,Rennes,D,H,2022/2023,60.0,1.89,40.0,2,7,3.0,2.0,68.42,57.89,1.4,1.8,1.6,1.0,3.5,2.11,1.32,1.99,0
2022-12-29,F1,18:00,Reims,Rennes,H,H,2022/2023,60.0,2.05,60.0,5,4,3.0,3.0,52.63,57.89,1.0,1.2,1.6,1.4,3.4,1.47,1.32,1.89,1
2023-01-11,F1,18:00,Clermont,Rennes,H,H,2022/2023,60.0,2.0,80.0,2,5,3.0,4.0,47.37,57.89,1.6,1.2,1.6,1.6,3.4,1.05,1.32,2.17,1
2023-01-27,F1,20:00,Lorient,Rennes,H,H,2022/2023,80.0,2.1,80.0,6,4,4.0,4.0,63.16,57.89,1.8,1.2,1.2,1.8,3.3,1.37,1.32,2.35,1
2023-02-12,F1,12:00,Toulouse,Rennes,H,H,2022/2023,40.0,1.87,80.0,4,7,2.0,4.0,47.37,57.89,1.0,2.0,1.0,2.2,3.3,1.42,1.32,1.88,1
2023-02-26,F1,14:00,Nantes,Rennes,A,A,2022/2023,0.0,1.92,80.0,3,7,0.0,4.0,47.37,57.89,0.6,0.4,1.0,2.0,3.2,1.05,1.32,2.36,0
2023-03-11,F1,16:00,Auxerre,Rennes,D,D,2022/2023,40.0,2.12,60.0,2,0,2.0,3.0,42.11,57.89,1.6,0.4,0.8,1.4,3.25,0.95,1.32,2.32,0
2023-03-19,F1,16:05,Paris SG,Rennes,A,A,2022/2023,60.0,1.88,40.0,3,8,3.0,2.0,63.16,57.89,1.8,2.2,1.0,1.0,4.5,2.37,1.32,1.6,0
2023-04-09,F1,12:00,Lyon,Rennes,H,A,2022/2023,40.0,2.06,40.0,3,3,2.0,2.0,57.89,57.89,0.6,1.2,1.0,1.2,3.5,1.84,1.32,1.87,1
2023-04-23,F1,16:05,Montpellier,Rennes,H,D,2022/2023,60.0,2.04,20.0,4,2,3.0,1.0,68.42,57.89,0.8,2.0,0.8,0.8,3.2,1.53,1.32,2.17,0
2023-05-06,F1,16:00,Nice,Rennes,H,D,2022/2023,40.0,2.09,40.0,4,4,2.0,2.0,36.84,57.89,1.4,1.0,0.8,1.2,3.3,1.26,1.32,1.9,1
2023-05-21,F1,12:00,Ajaccio,Rennes,A,A,2022/2023,40.0,2.05,60.0,7,0,2.0,3.0,36.84,57.89,2.0,0.0,1.8,1.2,4.33,0.53,1.32,1.99,1
2023-06-03,F1,20:00,Brest,Rennes,A,A,2022/2023,40.0,1.93,80.0,3,5,2.0,4.0,52.63,57.89,0.6,1.4,1.8,1.4,3.8,1.26,1.32,1.7,1
2023-08-20,F1,19:45,Lens,Rennes,D,H,2023/2024,0.0,1.9,0.0,5,4,0.0,0.0,41.18,41.18,1.0,1.0,1.0,1.0,3.5,1.59,1.18,1.99,0
2023-09-02,F1,16:00,Brest,Rennes,D,D,2023/2024,50.0,1.85,0.0,3,2,1.0,0.0,29.41,41.18,1.0,1.5,0.5,0.5,3.5,1.47,1.18,1.93,0
2023-09-24,F1,16:05,Montpellier,Rennes,D,D,2023/2024,66.67,1.97,0.0,6,4,2.0,0.0,47.06,41.18,1.67,1.0,0.33,0.33,3.5,1.18,1.18,1.86,0
2023-10-22,F1,12:00,Lorient,Rennes,H,H,2023/2024,80.0,1.91,25.0,6,4,4.0,1.0,64.71,41.18,1.6,1.8,0.5,0.75,3.75,1.53,1.18,1.95,1
2023-11-05,F1,19:45,Nice,Rennes,H,H,2023/2024,0.0,2.13,20.0,4,4,0.0,1.0,35.29,41.18,0.0,1.0,0.4,1.0,3.2,1.24,1.18,2.32,0
2023-12-03,F1,19:45,Marseille,Rennes,H,H,2023/2024,20.0,2.0,20.0,0,2,1.0,1.0,52.94,41.18,0.0,1.4,0.2,1.2,3.8,1.82,1.18,2.12,0
2023-12-17,F1,14:00,Toulouse,Rennes,D,D,2023/2024,40.0,1.98,20.0,4,6,2.0,1.0,64.71,41.18,0.8,1.2,0.2,1.2,3.4,1.24,1.18,2.24,0
2023-12-20,F1,20:00,Clermont,Rennes,A,H,2023/2024,40.0,2.2,40.0,11,6,2.0,2.0,41.18,41.18,1.4,0.4,0.8,1.4,3.25,0.82,1.18,2.47,1
2024-01-26,F1,20:00,Lyon,Rennes,A,A,2023/2024,40.0,2.15,40.0,5,6,2.0,2.0,58.82,41.18,1.2,1.4,1.2,1.4,3.4,1.47,1.18,2.13,1
2024-02-11,F1,12:00,Le Havre,Rennes,A,D,2023/2024,40.0,2.11,40.0,2,5,2.0,2.0,47.06,41.18,1.0,1.2,1.4,1.0,3.4,1.06,1.18,2.36,0
2024-02-25,F1,16:05,Paris SG,Rennes,D,A,2023/2024,80.0,2.06,40.0,1,3,4.0,2.0,82.35,41.18,1.2,2.2,1.6,0.8,5.5,2.47,1.18,1.48,0
2024-03-10,F1,16:05,Lille,Rennes,D,A,2023/2024,80.0,2.0,60.0,3,8,4.0,3.0,52.94,41.18,0.6,2.6,2.0,1.2,3.4,2.0,1.18,2.23,1
2024-03-31,F1,16:05,Strasbourg,Rennes,H,D,2023/2024,60.0,2.04,40.0,0,7,3.0,2.0,64.71,41.18,1.8,0.8,1.4,1.4,3.5,1.29,1.18,2.13,0
2024-04-07,F1,16:05,Monaco,Rennes,H,H,2023/2024,40.0,1.9,20.0,7,5,2.0,1.0,52.94,41.18,1.0,1.0,0.8,1.2,4.2,1.76,1.18,1.54,0
2024-04-20,F1,16:00,Nantes,Rennes,A,D,2023/2024,60.0,2.11,40.0,5,4,3.0,2.0,47.06,41.18,2.6,0.4,1.2,1.2,3.25,1.0,1.18,2.36,1
2024-05-04,F1,18:00,Metz,Rennes,A,H,2023/2024,80.0,2.0,60.0,9,4,4.0,3.0,52.94,41.18,2.2,1.6,1.6,1.4,3.6,1.0,1.18,1.94,1
2024-05-19,F1,20:00,Reims,Rennes,H,D,2023/2024,60.0,2.1,60.0,5,4,3.0,3.0,47.06,41.18,0.8,1.2,1.4,1.4,3.5,1.12,1.18,1.56,1
2024-08-25,F1,16:00,Strasbourg,Rennes,H,H,2024/2025,100.0,2.04,100.0,5,5,1.0,1.0,100.0,100.0,1.0,3.0,1.0,3.0,3.25,3.0,2.5,2.24,1
2024-09-01,F1,16:00,Reims,Rennes,H,D,2024/2025,50.0,1.98,100.0,5,7,1.0,2.0,50.0,100.0,1.5,1.0,1.0,2.5,3.5,1.0,2.5,1.89,1
2024-08-17,F1,20:00,Monaco,St Etienne,H,H,2024/2025,0.0,2.01,0.0,4,6,0.0,0.0,0.0,50.0,0.0,1.0,0.0,1.0,5.25,1.0,2.5,1.48,0
2024-08-31,F1,16:00,Brest,St Etienne,H,H,2024/2025,100.0,1.95,50.0,0,7,2.0,1.0,100.0,50.0,2.5,2.5,0.0,2.5,4.1,2.5,2.5,2.01,1
2022-08-14,F1,16:05,Nice,Strasbourg,D,H,2022/2023,0.0,2.14,0.0,5,3,0.0,0.0,36.84,57.89,1.0,1.0,1.0,1.0,3.4,1.26,1.74,2.16,0
2022-08-27,F1,16:00,Auxerre,Strasbourg,H,H,2022/2023,50.0,1.93,0.0,4,3,1.0,0.0,42.11,57.89,1.0,1.5,0.5,1.0,3.4,0.95,1.74,1.91,0
2022-09-04,F1,14:00,Brest,Strasbourg,D,D,2022/2023,33.33,2.14,0.0,3,2,1.0,0.0,52.63,57.89,3.0,0.67,0.67,1.0,3.4,1.26,1.74,2.08,0
2022-09-17,F1,16:00,Montpellier,Strasbourg,H,H,2022/2023,80.0,2.16,25.0,2,4,4.0,1.0,68.42,57.89,1.6,1.8,0.75,1.25,3.5,1.53,1.74,2.0,1
2022-10-09,F1,14:00,Angers,Strasbourg,A,A,2022/2023,100.0,1.96,40.0,7,8,5.0,2.0,73.68,57.89,2.8,1.4,1.2,1.4,3.4,1.05,1.74,2.13,1
2022-10-23,F1,14:00,Toulouse,Strasbourg,D,H,2022/2023,80.0,2.01,60.0,5,6,4.0,3.0,47.37,57.89,1.8,2.0,1.4,1.6,3.6,1.42,1.74,1.9,1
2022-11-05,F1,16:00,Ajaccio,Strasbourg,H,H,2022/2023,60.0,1.81,80.0,5,7,3.0,4.0,36.84,57.89,2.0,1.0,1.8,2.2,3.1,0.53,1.74,2.65,1
2022-12-28,F1,20:00,Paris SG,Strasbourg,H,H,2022/2023,80.0,2.15,100.0,3,6,4.0,5.0,63.16,57.89,1.0,2.8,1.8,2.4,7.0,2.37,1.74,1.41,1
2023-01-14,F1,20:00,Lyon,Strasbourg,A,A,2022/2023,20.0,1.87,100.0,6,7,1.0,5.0,57.89,57.89,1.0,0.8,2.0,2.2,4.0,1.84,1.74,1.84,1
2023-02-01,F1,20:00,Rennes,Strasbourg,H,H,2022/2023,80.0,1.96,100.0,0,3,4.0,5.0,68.42,57.89,0.4,2.2,1.4,2.4,4.0,2.26,1.74,2.05,1
2023-02-12,F1,14:00,Lille,Strasbourg,H,H,2022/2023,20.0,1.96,80.0,0,10,1.0,4.0,68.42,57.89,0.4,1.8,1.0,2.4,5.0,2.11,1.74,1.74,0
2023-02-26,F1,14:00,Clermont,Strasbourg,D,A,2022/2023,20.0,1.93,60.0,6,4,1.0,3.0,47.37,57.89,1.2,0.6,0.8,1.8,2.9,1.05,1.74,2.85,0
2023-03-12,F1,19:45,Marseille,Strasbourg,D,D,2022/2023,80.0,2.06,60.0,9,4,4.0,3.0,68.42,57.89,2.0,1.4,1.0,1.8,4.75,1.84,1.74,1.81,1
2023-04-02,F1,16:05,Monaco,Strasbourg,H,A,2022/2023,80.0,2.01,60.0,6,7,4.0,3.0,68.42,57.89,2.0,2.0,1.2,2.4,4.2,1.95,1.74,1.77,1
2023-04-07,F1,20:00,Lens,Strasbourg,H,H,2022/2023,60.0,1.99,60.0,3,9,3.0,3.0,68.42,57.89,0.8,1.8,1.4,2.2,4.2,2.16,1.74,1.94,1
2023-04-23,F1,12:00,Reims,Strasbourg,A,A,2022/2023,40.0,2.23,60.0,3,5,2.0,3.0,52.63,57.89,1.0,1.2,1.8,1.8,3.4,1.47,1.74,2.06,0
2023-05-07,F1,14:00,Nantes,Strasbourg,A,A,2022/2023,80.0,1.99,60.0,6,5,4.0,3.0,47.37,57.89,2.2,1.2,2.0,1.6,3.2,1.05,1.74,2.46,0
2023-05-21,F1,14:00,Troyes,Strasbourg,D,A,2022/2023,40.0,1.97,40.0,5,3,2.0,2.0,42.11,57.89,1.8,0.8,1.8,1.4,5.25,1.0,1.74,1.68,0
2023-06-03,F1,20:00,Lorient,Strasbourg,H,H,2022/2023,60.0,2.06,40.0,7,3,3.0,2.0,63.16,57.89,1.2,1.0,1.4,1.0,3.5,1.37,1.74,1.75,1
2023-08-20,F1,16:05,Monaco,Strasbourg,H,H,2023/2024,100.0,1.93,100.0,1,4,1.0,1.0,52.94,52.94,0.0,3.0,0.0,3.0,4.2,1.76,1.59,1.62,1
2023-09-03,F1,16:05,Nice,Strasbourg,H,H,2023/2024,0.0,2.08,50.0,0,6,0.0,1.0,35.29,52.94,0.33,1.0,0.0,2.5,3.4,1.24,1.59,2.21,0
2023-09-24,F1,12:00,Metz,Strasbourg,A,D,2023/2024,66.67,2.3,33.33,1,1,2.0,1.0,52.94,52.94,1.67,1.33,0.33,1.67,3.2,1.0,1.59,2.27,0
2023-10-21,F1,16:00,Paris SG,Strasbourg,H,H,2023/2024,80.0,2.11,50.0,1,4,4.0,2.0,82.35,52.94,0.8,2.4,0.25,2.0,7.0,2.47,1.59,1.51,1
2023-10-29,F1,16:05,Rennes,Strasbourg,D,H,2023/2024,80.0,1.87,40.0,3,3,4.0,2.0,70.59,52.94,1.8,1.8,0.4,1.8,4.5,2.0,1.59,1.92,0
2023-12-01,F1,20:00,Reims,Strasbourg,H,H,2023/2024,60.0,2.0,40.0,3,4,3.0,2.0,47.06,52.94,1.4,1.2,0.6,1.6,3.75,1.12,1.59,1.99,1
2023-12-07,F1,19:30,Brest,Strasbourg,D,H,2023/2024,40.0,2.1,40.0,5,3,2.0,2.0,29.41,52.94,1.0,1.6,0.8,1.4,3.5,1.47,1.59,2.25,0
2023-12-17,F1,14:00,Lorient,Strasbourg,A,A,2023/2024,80.0,1.85,60.0,9,1,4.0,3.0,64.71,52.94,2.0,1.4,1.0,1.6,3.2,1.53,1.59,2.35,1
2024-01-12,F1,20:00,Marseille,Strasbourg,D,H,2023/2024,40.0,2.09,40.0,4,2,2.0,2.0,52.94,52.94,0.4,1.6,1.2,1.2,4.0,1.82,1.59,2.17,0
2024-01-28,F1,14:00,Clermont,Strasbourg,D,A,2023/2024,40.0,2.12,40.0,2,6,2.0,2.0,41.18,52.94,1.4,0.6,1.2,1.2,3.3,0.82,1.59,2.24,0
2024-02-10,F1,16:00,Lens,Strasbourg,H,H,2023/2024,40.0,2.05,40.0,5,6,2.0,2.0,41.18,52.94,1.0,1.8,1.2,1.4,3.8,1.59,1.59,1.98,1
2024-03-03,F1,14:00,Montpellier,Strasbourg,D,D,2023/2024,60.0,1.93,60.0,4,7,3.0,3.0,47.06,52.94,1.0,1.4,1.4,1.6,3.6,1.18,1.59,1.9,1
2024-03-16,F1,16:00,Nantes,Strasbourg,A,D,2023/2024,40.0,2.21,60.0,6,2,2.0,3.0,47.06,52.94,2.0,0.4,1.6,1.6,3.3,1.0,1.59,2.29,1
2024-04-07,F1,14:00,Toulouse,Strasbourg,D,D,2023/2024,80.0,2.06,60.0,1,2,4.0,3.0,64.71,52.94,1.4,1.6,1.4,1.4,3.5,1.24,1.59,2.13,0
2024-04-21,F1,14:00,Lille,Strasbourg,H,H,2023/2024,80.0,1.88,60.0,2,2,4.0,3.0,52.94,52.94,0.8,2.2,1.2,1.4,4.0,2.0,1.59,2.02,0
2024-05-04,F1,14:00,Le Havre,Strasbourg,H,H,2023/2024,20.0,2.14,60.0,3,7,1.0,3.0,47.06,52.94,1.0,0.8,1.2,1.4,3.25,1.06,1.59,2.42,1
2024-05-19,F1,20:00,Lyon,Strasbourg,H,H,2023/2024,80.0,2.07,60.0,4,6,4.0,3.0,58.82,52.94,2.0,2.0,1.0,1.4,5.25,1.47,1.59,1.45,1
2024-08-18,F1,16:00,Montpellier,Strasbourg,D,D,2024/2025,0.0,2.14,0.0,4,5,0.0,0.0,50.0,50.0,1.0,1.0,1.0,1.0,3.5,1.0,2.5,1.85,0
2024-08-30,F1,19:45,Lyon,Strasbourg,H,D,2024/2025,50.0,1.9,50.0,7,13,1.0,1.0,50.0,50.0,2.5,2.0,2.0,2.5,3.6,2.0,2.5,1.82,1
2022-08-14,F1,14:00,Troyes,Toulouse,A,A,2022/2023,100.0,1.83,100.0,4,2,1.0,1.0,42.11,68.42,3.0,0.0,3.0,0.0,3.25,1.0,1.58,2.17,1
2022-08-28,F1,12:00,Nantes,Toulouse,H,A,2022/2023,50.0,1.87,100.0,3,8,1.0,2.0,47.37,68.42,1.0,2.0,2.0,1.5,3.4,1.05,1.58,1.98,1
2022-09-04,F1,14:00,Clermont,Toulouse,H,D,2022/2023,33.33,2.04,66.67,4,3,1.0,2.0,47.37,68.42,1.67,1.0,1.33,1.67,3.4,1.05,1.58,1.92,0
2022-09-17,F1,20:00,Lille,Toulouse,H,H,2022/2023,100.0,1.96,75.0,5,4,4.0,3.0,68.42,68.42,2.75,2.0,1.25,1.75,4.0,2.11,1.58,1.7,1
2022-10-07,F1,20:00,Lyon,Toulouse,D,H,2022/2023,60.0,2.04,60.0,2,8,3.0,3.0,57.89,68.42,0.8,2.4,1.2,1.6,5.0,1.84,1.58,1.41,0
2022-10-28,F1,20:00,Lens,Toulouse,H,D,2022/2023,40.0,2.04,60.0,0,8,2.0,3.0,68.42,68.42,0.4,2.2,0.6,2.2,4.0,2.16,1.58,1.74,1
2022-11-12,F1,20:00,Rennes,Toulouse,H,H,2022/2023,100.0,1.95,60.0,4,8,5.0,3.0,68.42,68.42,0.6,3.2,0.6,2.0,4.33,2.26,1.58,1.68,1
2022-12-29,F1,20:00,Marseille,Toulouse,H,H,2022/2023,40.0,1.88,80.0,6,7,2.0,4.0,68.42,68.42,1.0,1.8,0.8,2.8,5.0,1.84,1.58,1.55,1
2023-01-11,F1,18:00,Auxerre,Toulouse,A,A,2022/2023,40.0,2.14,80.0,7,4,2.0,4.0,42.11,68.42,2.0,1.0,1.6,2.4,3.3,0.95,1.58,2.0,1
2023-01-29,F1,14:00,Strasbourg,Toulouse,A,D,2022/2023,80.0,1.85,100.0,3,2,4.0,5.0,52.63,68.42,2.0,1.6,1.8,2.4,3.4,1.32,1.58,1.88,1
2023-02-04,F1,16:00,Paris SG,Toulouse,H,D,2022/2023,60.0,1.95,100.0,5,5,3.0,5.0,63.16,68.42,0.6,2.4,2.0,2.2,5.0,2.37,1.58,1.51,1
2023-02-26,F1,14:00,Reims,Toulouse,H,H,2022/2023,80.0,2.14,100.0,6,6,4.0,5.0,52.63,68.42,0.6,2.8,1.8,2.4,3.5,1.47,1.58,1.82,1
2023-03-12,F1,14:00,Angers,Toulouse,A,A,2022/2023,60.0,2.05,80.0,5,2,3.0,4.0,73.68,68.42,2.0,0.8,2.0,1.2,3.6,1.05,1.58,1.99,0
2023-04-02,F1,14:00,Brest,Toulouse,H,D,2022/2023,80.0,1.97,80.0,3,7,4.0,4.0,52.63,68.42,1.2,2.0,1.2,1.8,3.4,1.26,1.58,1.9,1
2023-04-09,F1,14:00,Montpellier,Toulouse,A,A,2022/2023,80.0,1.95,80.0,8,8,4.0,4.0,68.42,68.42,0.8,2.4,1.2,1.8,3.75,1.53,1.58,1.76,1
2023-04-23,F1,14:00,Lorient,Toulouse,A,D,2022/2023,20.0,2.23,60.0,4,1,1.0,3.0,63.16,68.42,0.4,1.0,1.2,1.4,3.5,1.37,1.58,1.89,0
2023-05-07,F1,14:00,Ajaccio,Toulouse,D,D,2022/2023,20.0,2.06,40.0,5,2,1.0,2.0,36.84,68.42,1.2,0.0,1.2,0.8,3.6,0.53,1.58,2.17,0
2023-05-21,F1,14:00,Nice,Toulouse,D,D,2022/2023,40.0,1.96,40.0,4,7,2.0,2.0,36.84,68.42,1.2,0.8,0.8,0.8,3.8,1.26,1.58,1.64,0
2023-06-03,F1,20:00,Monaco,Toulouse,A,D,2022/2023,80.0,2.02,40.0,8,7,4.0,2.0,68.42,68.42,2.0,1.6,1.0,0.4,6.5,1.95,1.58,1.32,1
2023-08-13,F1,14:00,Nantes,Toulouse,A,H,2023/2024,100.0,2.1,100.0,5,4,1.0,1.0,47.06,58.82,2.0,1.0,2.0,1.0,3.4,1.0,1.24,1.95,1
2023-08-27,F1,14:00,Strasbourg,Toulouse,H,D,2023/2024,50.0,2.07,50.0,1,3,1.0,1.0,64.71,58.82,0.5,2.0,1.0,1.5,3.3,1.29,1.24,2.09,0
2023-09-17,F1,16:05,Marseille,Toulouse,D,D,2023/2024,33.33,1.98,33.33,3,6,1.0,1.0,52.94,58.82,0.33,1.33,0.67,1.0,5.0,1.82,1.24,1.62,0
2023-09-24,F1,14:00,Lens,Toulouse,H,D,2023/2024,33.33,1.93,50.0,2,7,1.0,2.0,41.18,58.82,1.0,1.0,0.75,1.25,4.33,1.59,1.24,1.9,1
2023-10-08,F1,14:00,Brest,Toulouse,D,A,2023/2024,25.0,2.04,40.0,3,2,1.0,2.0,29.41,58.82,0.75,1.25,0.8,1.2,3.75,1.47,1.24,2.07,0
2023-10-29,F1,14:00,Montpellier,Toulouse,H,H,2023/2024,75.0,2.09,40.0,5,6,3.0,2.0,47.06,58.82,1.25,1.5,0.4,1.6,3.8,1.18,1.24,1.9,1
2023-11-12,F1,14:00,Lille,Toulouse,D,H,2023/2024,20.0,2.1,40.0,1,6,1.0,2.0,52.94,58.82,0.6,1.2,0.6,1.4,4.33,2.0,1.24,1.9,0
2023-11-26,F1,12:00,Nice,Toulouse,H,D,2023/2024,0.0,2.07,40.0,3,3,0.0,2.0,35.29,58.82,0.0,1.2,0.6,1.6,4.2,1.24,1.24,2.04,0
2023-12-10,F1,16:05,Lyon,Toulouse,H,H,2023/2024,60.0,1.98,40.0,6,7,3.0,2.0,58.82,58.82,1.6,1.6,0.4,1.8,3.75,1.47,1.24,1.74,1
2024-01-14,F1,14:00,Metz,Toulouse,A,A,2023/2024,20.0,1.87,40.0,2,2,1.0,2.0,52.94,58.82,0.8,0.6,0.4,1.6,3.2,1.0,1.24,2.45,0
2024-02-04,F1,14:00,Reims,Toulouse,A,A,2023/2024,60.0,2.11,40.0,4,5,3.0,2.0,47.06,58.82,1.4,1.0,1.0,1.4,3.4,1.12,1.24,2.03,1
2024-02-18,F1,14:00,Monaco,Toulouse,A,A,2023/2024,40.0,2.0,60.0,7,5,2.0,3.0,52.94,58.82,1.4,1.0,1.2,1.4,4.0,1.76,1.24,1.83,1
2024-03-10,F1,14:00,Le Havre,Toulouse,H,D,2023/2024,60.0,1.88,60.0,0,4,3.0,3.0,47.06,58.82,1.0,1.6,1.2,1.4,3.0,1.06,1.24,2.47,0
2024-03-31,F1,14:00,Clermont,Toulouse,A,A,2023/2024,60.0,2.08,60.0,5,5,3.0,3.0,41.18,58.82,2.2,1.0,1.8,0.8,3.6,0.82,1.24,2.01,1
2024-04-13,F1,20:00,Rennes,Toulouse,A,A,2023/2024,80.0,2.08,80.0,3,4,4.0,4.0,70.59,58.82,1.2,1.8,2.0,1.0,3.6,2.0,1.24,2.02,1
2024-04-28,F1,14:00,Lorient,Toulouse,A,H,2023/2024,40.0,2.2,80.0,5,5,2.0,4.0,64.71,58.82,2.0,0.4,1.8,0.8,3.5,1.53,1.24,1.95,1
2024-05-12,F1,20:00,Paris SG,Toulouse,A,D,2023/2024,80.0,2.03,80.0,5,3,4.0,4.0,82.35,58.82,2.0,2.2,2.0,0.8,6.0,2.47,1.24,1.38,1
2024-08-25,F1,16:00,Nice,Toulouse,D,D,2024/2025,0.0,2.14,0.0,3,4,0.0,0.0,0.0,0.0,1.0,1.0,1.0,1.0,3.0,1.0,1.0,2.47,0
2022-08-07,F1,14:00,Montpellier,Troyes,H,D,2022/2023,100.0,2.07,100.0,10,6,1.0,1.0,68.42,84.21,2.0,3.0,2.0,3.0,3.2,1.53,2.68,2.33,1
2022-08-19,F1,20:00,Lyon,Troyes,H,D,2022/2023,100.0,1.89,100.0,1,8,2.0,2.0,57.89,84.21,1.0,3.0,1.5,3.5,6.5,1.84,2.68,1.5,1
2022-08-31,F1,18:00,Monaco,Troyes,A,A,2022/2023,66.67,2.09,100.0,11,6,2.0,3.0,68.42,84.21,3.0,1.33,2.33,3.0,5.75,1.95,2.68,1.54,1
2022-09-09,F1,20:00,Lens,Troyes,H,H,2022/2023,75.0,2.3,75.0,2,3,3.0,3.0,68.42,84.21,1.25,2.75,1.75,2.5,4.33,2.16,2.68,1.61,0
2022-09-18,F1,14:00,Clermont,Troyes,A,D,2022/2023,50.0,1.93,80.0,4,2,2.0,4.0,47.37,84.21,2.0,1.0,2.0,2.2,3.4,1.05,2.68,2.13,1
2022-10-09,F1,14:00,Nice,Troyes,H,H,2022/2023,40.0,2.06,80.0,6,6,2.0,4.0,36.84,84.21,1.6,0.8,2.0,2.2,3.4,1.26,2.68,2.24,1
2022-10-29,F1,16:00,Paris SG,Troyes,H,D,2022/2023,40.0,2.06,80.0,5,11,2.0,4.0,63.16,84.21,1.0,1.8,2.4,2.2,11.0,2.37,2.68,1.22,1
2022-11-13,F1,14:00,Brest,Troyes,H,D,2022/2023,40.0,2.16,80.0,2,5,2.0,4.0,52.63,84.21,1.0,0.8,1.8,2.2,3.6,1.26,2.68,1.82,1
2023-01-02,F1,14:00,Strasbourg,Troyes,A,A,2022/2023,80.0,2.06,100.0,5,7,4.0,5.0,52.63,84.21,2.4,1.2,2.4,2.4,3.75,1.32,2.68,2.12,1
2023-01-15,F1,12:00,Lille,Troyes,H,H,2022/2023,40.0,1.9,100.0,2,13,2.0,5.0,68.42,84.21,1.2,2.4,2.0,3.2,4.33,2.11,2.68,1.8,1
2023-02-01,F1,18:00,Toulouse,Troyes,H,H,2022/2023,40.0,2.12,100.0,3,6,2.0,5.0,47.37,84.21,1.2,1.8,1.8,3.4,4.33,1.42,2.68,1.7,1
2023-02-12,F1,14:00,Reims,Troyes,H,H,2022/2023,60.0,2.06,100.0,2,10,3.0,5.0,52.63,84.21,0.6,2.4,1.2,3.4,4.5,1.47,2.68,1.78,1
2023-02-26,F1,14:00,Ajaccio,Troyes,H,A,2022/2023,20.0,1.85,100.0,5,6,1.0,5.0,36.84,84.21,1.2,0.6,1.2,3.4,3.2,0.53,2.68,2.66,1
2023-03-12,F1,14:00,Lorient,Troyes,H,H,2022/2023,40.0,1.98,80.0,2,6,2.0,4.0,63.16,84.21,0.4,1.4,0.6,3.4,3.75,1.37,2.68,1.9,0
2023-04-01,F1,16:00,Auxerre,Troyes,H,D,2022/2023,20.0,2.06,60.0,2,5,1.0,3.0,42.11,84.21,0.6,0.6,0.4,2.6,3.5,0.95,2.68,2.31,0
2023-04-16,F1,19:45,Marseille,Troyes,H,H,2022/2023,80.0,1.92,60.0,2,6,4.0,3.0,68.42,84.21,2.0,1.4,0.4,2.4,6.0,1.84,2.68,1.54,1
2023-04-23,F1,14:00,Nantes,Troyes,D,H,2022/2023,80.0,2.17,60.0,4,9,4.0,3.0,47.37,84.21,2.0,1.2,0.8,2.0,4.5,1.05,2.68,1.8,1
2023-05-14,F1,14:00,Rennes,Troyes,H,H,2022/2023,60.0,1.95,60.0,0,9,3.0,3.0,68.42,84.21,0.8,2.2,0.6,2.4,8.0,2.26,2.68,1.35,1
2023-05-27,F1,20:00,Angers,Troyes,H,D,2022/2023,60.0,2.02,80.0,3,5,3.0,4.0,73.68,84.21,1.2,1.2,0.8,2.4,4.2,1.05,2.68,1.51,1
