Date,Div,Time,HomeTeam,AwayTeam,FTR,HTR,Season,Last5AwayOver2.5Perc,HF,Last5HomeOver2.5Perc,HST,AST,AwayOver2.5Perc,AvgLast5AwayGoalsConceded,HomeOver2.5Perc,AvgLast5HomeGoalsScored,AvgLast5AwayGoalsScored,AvgLast5HomeGoalsConceded,MaxC>2.5,AS,PAHA,AvgAwayGoalsScored,Over2.5
2022-08-13,I1,17:30,Sampdoria,Atalanta,A,A,2022/2023,0.0,13,0.0,1,3,42.11,0.0,31.58,0.0,2.0,2.0,1.73,9,1.99,1.47,0
2022-08-28,I1,17:30,Verona,Atalanta,A,D,2022/2023,0.0,15,50.0,2,7,42.11,0.0,52.63,1.0,1.5,3.0,1.67,15,2.02,1.47,0
2022-09-05,I1,17:30,Monza,Atalanta,A,D,2022/2023,0.0,9,66.67,3,6,42.11,0.0,42.11,0.67,1.67,2.0,1.73,13,2.03,1.47,0
2022-09-18,I1,17:00,Roma,Atalanta,A,A,2022/2023,0.0,9,33.33,5,1,42.11,0.0,36.84,1.33,1.5,0.33,2.01,4,1.82,1.47,0
2022-10-09,I1,14:00,Udinese,Atalanta,D,A,2022/2023,20.0,11,60.0,2,5,42.11,0.4,52.63,2.0,1.6,0.6,1.9,9,2.05,1.47,1
2022-10-30,I1,11:30,Empoli,Atalanta,A,A,2022/2023,20.0,10,40.0,3,6,42.11,0.4,42.11,0.8,1.6,1.6,1.71,20,2.06,1.47,0
2022-11-09,I1,17:30,Lecce,Atalanta,H,H,2022/2023,40.0,11,20.0,3,4,42.11,0.8,36.84,1.0,1.6,1.0,2.28,12,2.07,1.47,1
2023-01-04,I1,13:30,Spezia,Atalanta,D,H,2022/2023,60.0,11,80.0,3,3,42.11,1.2,52.63,1.6,1.6,1.6,1.78,19,1.93,1.47,1
2023-01-09,I1,19:45,Bologna,Atalanta,A,H,2022/2023,80.0,16,60.0,3,3,42.11,1.4,31.58,1.8,1.8,0.8,2.13,7,1.92,1.47,1
2023-01-22,I1,19:45,Juventus,Atalanta,D,H,2022/2023,80.0,9,60.0,8,4,42.11,1.6,47.37,2.6,2.0,0.6,2.05,14,2.04,1.47,1
2023-02-04,I1,19:45,Sassuolo,Atalanta,H,D,2022/2023,80.0,12,40.0,8,2,42.11,1.8,47.37,1.0,1.6,1.2,1.64,7,1.96,1.47,0
2023-02-11,I1,19:45,Lazio,Atalanta,A,A,2022/2023,60.0,12,40.0,5,10,42.11,1.4,52.63,1.6,1.8,1.0,2.1,23,1.83,1.47,0
2023-02-26,I1,19:45,Milan,Atalanta,H,H,2022/2023,40.0,11,60.0,3,0,42.11,1.4,52.63,1.8,1.4,1.6,2.15,3,1.98,1.47,0
2023-03-11,I1,17:00,Napoli,Atalanta,H,D,2022/2023,20.0,12,60.0,6,3,42.11,1.6,52.63,2.4,1.0,0.6,1.96,6,2.01,1.47,0
2023-04-01,I1,14:00,Cremonese,Atalanta,A,A,2022/2023,20.0,13,60.0,4,4,42.11,1.2,42.11,0.8,1.0,2.0,1.89,12,1.87,1.47,1
2023-04-17,I1,19:45,Fiorentina,Atalanta,D,A,2022/2023,20.0,8,20.0,7,1,42.11,1.2,47.37,1.2,1.2,0.8,1.93,6,1.83,1.47,0
2023-04-29,I1,19:45,Torino,Atalanta,A,A,2022/2023,40.0,6,40.0,4,5,42.11,1.4,21.05,0.6,1.2,1.6,2.35,9,2.15,1.47,1
2023-05-13,I1,14:00,Salernitana,Atalanta,H,D,2022/2023,40.0,9,60.0,4,3,42.11,1.2,63.16,2.0,1.2,1.2,1.78,13,1.88,1.47,0
2023-05-27,I1,19:45,Inter,Atalanta,H,H,2022/2023,60.0,8,60.0,11,3,42.11,1.4,47.37,2.0,1.6,1.4,1.88,11,1.81,1.47,1
2023-08-20,I1,17:30,Sassuolo,Atalanta,A,D,2023/2024,0.0,9,0.0,3,6,63.16,0.0,47.37,0.0,2.0,2.0,1.75,16,1.89,1.58,0
2023-08-26,I1,17:30,Frosinone,Atalanta,H,H,2023/2024,50.0,10,100.0,5,6,63.16,1.0,73.68,1.5,1.5,2.0,1.79,18,1.88,1.58,1
2023-09-17,I1,17:00,Fiorentina,Atalanta,H,H,2023/2024,66.67,8,100.0,8,4,63.16,1.67,68.42,2.5,1.67,2.0,1.96,11,2.07,1.58,1
2023-09-27,I1,17:30,Verona,Atalanta,A,A,2023/2024,50.0,10,33.33,2,2,63.16,1.25,57.89,0.67,1.5,0.67,2.13,8,1.81,1.58,0
2023-10-08,I1,14:00,Lazio,Atalanta,H,H,2023/2024,60.0,7,25.0,4,4,63.16,1.6,26.32,1.5,1.6,1.0,2.23,12,1.85,1.58,1
2023-10-30,I1,17:30,Empoli,Atalanta,A,A,2023/2024,80.0,10,20.0,2,6,63.16,1.6,31.58,0.2,1.8,1.2,1.75,18,1.9,1.58,1
2023-11-12,I1,14:00,Udinese,Atalanta,D,H,2023/2024,60.0,13,20.0,4,2,63.16,1.4,47.37,0.8,1.8,1.2,2.01,8,2.06,1.58,0
2023-12-04,I1,19:45,Torino,Atalanta,H,H,2023/2024,60.0,12,60.0,5,4,63.16,1.4,26.32,1.2,1.4,1.0,2.35,10,2.13,1.58,1
2023-12-23,I1,14:00,Bologna,Atalanta,H,D,2023/2024,60.0,10,20.0,1,2,63.16,1.6,36.84,1.6,1.2,0.2,2.51,12,1.98,1.58,0
2024-01-07,I1,19:45,Roma,Atalanta,D,D,2023/2024,40.0,14,40.0,6,2,63.16,1.2,52.63,1.8,1.0,0.8,2.41,8,1.85,1.58,0
2024-02-11,I1,17:00,Genoa,Atalanta,A,A,2023/2024,40.0,8,40.0,6,9,63.16,1.4,42.11,1.0,1.2,1.4,2.38,14,2.11,1.58,1
2024-02-25,I1,19:45,Milan,Atalanta,D,D,2023/2024,40.0,12,40.0,7,3,63.16,1.4,52.63,1.6,1.2,0.8,1.84,8,1.83,1.58,0
2024-02-28,I1,19:45,Inter,Atalanta,H,H,2023/2024,40.0,10,60.0,7,1,63.16,1.6,52.63,2.6,1.2,0.2,1.78,6,2.11,1.58,1
2024-03-10,I1,17:00,Juventus,Atalanta,D,A,2023/2024,60.0,12,60.0,5,3,63.16,1.8,26.32,1.8,1.6,1.2,2.36,7,1.92,1.58,1
2024-03-30,I1,11:30,Napoli,Atalanta,A,A,2023/2024,80.0,6,60.0,6,6,63.16,1.6,63.16,1.2,2.0,1.4,1.93,12,2.06,1.58,1
2024-04-07,I1,17:00,Cagliari,Atalanta,H,D,2023/2024,80.0,16,60.0,3,2,63.16,1.8,63.16,1.8,1.4,1.6,1.94,7,1.93,1.58,1
2024-04-21,I1,19:45,Monza,Atalanta,A,A,2023/2024,100.0,8,80.0,2,6,63.16,1.8,42.11,1.8,1.6,2.4,1.94,12,1.93,1.58,1
2024-05-06,I1,17:00,Salernitana,Atalanta,A,H,2023/2024,100.0,12,40.0,2,4,63.16,1.2,68.42,0.6,2.0,1.8,1.54,17,2.01,1.58,1
2024-05-18,I1,17:00,Lecce,Atalanta,A,D,2023/2024,80.0,7,0.0,3,9,63.16,0.8,36.84,0.4,2.0,1.0,1.94,19,2.0,1.58,0
2024-08-19,I1,17:30,Lecce,Atalanta,A,A,2024/2025,100.0,10,100.0,5,6,100.0,0.0,100.0,0.0,4.0,4.0,2.12,10,1.88,4.0,1
2022-08-14,I1,17:30,Lazio,Bologna,H,A,2022/2023,100.0,11,100.0,6,3,73.68,2.0,52.63,2.0,1.0,1.0,1.73,11,1.9,1.53,1
2022-08-27,I1,19:45,Milan,Bologna,H,H,2022/2023,50.0,13,50.0,7,0,73.68,2.0,52.63,3.0,0.5,1.0,1.64,8,1.88,1.53,0
2022-09-04,I1,14:00,Spezia,Bologna,D,D,2022/2023,66.67,12,66.67,5,6,73.68,2.0,52.63,1.67,1.0,1.33,2.01,13,2.13,1.53,1
2022-10-02,I1,19:45,Juventus,Bologna,H,H,2022/2023,75.0,11,60.0,6,1,73.68,2.25,47.37,2.2,0.75,0.6,1.97,9,2.04,1.53,1
2022-10-16,I1,17:00,Napoli,Bologna,H,D,2022/2023,80.0,6,60.0,11,3,73.68,2.4,52.63,2.4,1.0,0.8,1.6,16,1.89,1.53,1
2022-10-31,I1,19:45,Monza,Bologna,A,D,2022/2023,80.0,13,40.0,3,5,73.68,2.2,42.11,1.0,1.2,1.2,2.17,10,1.99,1.53,1
2022-11-09,I1,19:45,Inter,Bologna,H,H,2022/2023,100.0,10,60.0,7,4,73.68,3.0,47.37,2.6,1.4,0.6,1.7,10,1.97,1.53,1
2023-01-04,I1,15:30,Roma,Bologna,H,H,2022/2023,80.0,10,20.0,4,2,73.68,2.8,36.84,0.8,1.0,0.8,2.38,10,2.11,1.53,0
2023-01-15,I1,14:00,Udinese,Bologna,A,H,2022/2023,80.0,10,60.0,4,2,73.68,2.4,52.63,1.2,1.4,1.6,2.13,15,1.94,1.53,1
2023-02-05,I1,17:00,Fiorentina,Bologna,A,D,2022/2023,80.0,10,60.0,6,7,73.68,2.0,47.37,1.2,1.4,1.2,2.01,11,2.09,1.53,1
2023-02-18,I1,14:00,Sampdoria,Bologna,A,A,2022/2023,80.0,13,20.0,4,5,73.68,2.0,31.58,0.2,1.4,1.4,2.38,12,2.06,1.53,1
2023-03-06,I1,19:45,Torino,Bologna,H,H,2022/2023,60.0,9,20.0,5,1,73.68,1.0,21.05,1.0,1.2,0.8,2.84,11,1.9,1.53,0
2023-03-18,I1,17:00,Salernitana,Bologna,D,D,2022/2023,80.0,8,60.0,4,2,73.68,1.2,63.16,1.0,1.6,1.8,2.59,10,1.92,1.53,1
2023-04-08,I1,15:30,Atalanta,Bologna,A,D,2022/2023,60.0,6,40.0,6,6,73.68,1.0,57.89,1.0,1.6,1.0,1.94,13,2.01,1.53,0
2023-04-21,I1,19:45,Verona,Bologna,H,H,2022/2023,60.0,11,60.0,5,7,73.68,1.2,52.63,1.2,1.4,1.2,2.86,17,2.0,1.53,1
2023-05-04,I1,19:45,Empoli,Bologna,H,H,2022/2023,60.0,15,40.0,3,3,73.68,1.6,42.11,0.8,1.2,1.4,2.37,18,1.81,1.53,1
2023-05-08,I1,19:45,Sassuolo,Bologna,D,D,2022/2023,60.0,12,20.0,2,3,73.68,1.6,47.37,1.2,1.4,0.6,1.88,12,1.85,1.53,0
2023-05-20,I1,14:00,Cremonese,Bologna,A,A,2022/2023,60.0,7,40.0,2,9,73.68,1.4,42.11,1.2,2.0,1.8,2.16,19,2.11,1.53,1
2023-06-04,I1,20:00,Lecce,Bologna,A,H,2022/2023,80.0,11,20.0,7,7,73.68,1.8,36.84,0.8,2.2,1.0,2.06,11,1.88,1.53,1
2023-08-27,I1,17:30,Juventus,Bologna,D,A,2023/2024,0.0,14,0.0,3,4,47.37,1.0,26.32,1.0,1.0,1.0,2.04,9,2.06,1.11,0
2023-09-18,I1,19:45,Verona,Bologna,D,D,2023/2024,0.0,18,50.0,1,4,47.37,0.5,57.89,1.0,0.5,0.5,2.07,11,2.06,1.11,0
2023-09-28,I1,17:30,Monza,Bologna,D,D,2023/2024,0.0,9,0.0,3,5,47.37,0.33,42.11,1.0,0.33,0.33,2.07,7,1.8,1.11,0
2023-10-07,I1,14:00,Inter,Bologna,D,H,2023/2024,25.0,11,80.0,5,3,47.37,0.75,52.63,2.8,0.75,1.0,1.65,8,2.02,1.11,1
2023-10-28,I1,14:00,Sassuolo,Bologna,D,D,2023/2024,20.0,11,40.0,6,5,47.37,0.8,47.37,1.6,0.8,1.4,1.83,9,1.93,1.11,0
2023-11-12,I1,14:00,Fiorentina,Bologna,H,D,2023/2024,40.0,19,60.0,4,4,47.37,1.0,68.42,1.6,0.8,1.2,2.24,11,1.83,1.11,1
2023-12-03,I1,11:30,Lecce,Bologna,D,D,2023/2024,40.0,12,40.0,4,4,47.37,1.2,36.84,0.8,1.0,1.8,2.65,11,2.16,1.11,0
2023-12-10,I1,17:00,Salernitana,Bologna,A,A,2023/2024,60.0,20,80.0,2,5,47.37,1.4,68.42,1.0,1.4,2.2,2.35,10,1.82,1.11,1
2023-12-30,I1,14:00,Udinese,Bologna,H,H,2023/2024,60.0,15,60.0,7,5,47.37,1.6,47.37,2.0,1.0,1.4,2.63,14,1.93,1.11,1
2024-01-14,I1,14:00,Cagliari,Bologna,H,D,2023/2024,80.0,12,60.0,2,4,47.37,1.8,63.16,1.4,1.0,0.8,2.7,11,2.17,1.11,1
2024-01-27,I1,19:45,Milan,Bologna,D,D,2023/2024,80.0,16,80.0,4,4,47.37,1.8,52.63,2.4,1.2,0.8,2.2,15,1.98,1.11,1
2024-02-18,I1,11:30,Lazio,Bologna,A,D,2023/2024,100.0,5,40.0,7,3,47.37,1.8,26.32,1.0,1.4,1.0,2.7,11,1.88,1.11,1
2024-03-03,I1,17:00,Atalanta,Bologna,A,H,2023/2024,100.0,11,80.0,2,6,47.37,1.8,68.42,2.8,1.4,0.6,2.09,11,1.92,1.11,1
2024-03-15,I1,19:45,Empoli,Bologna,A,D,2023/2024,80.0,19,20.0,1,9,47.37,1.2,31.58,0.8,1.6,0.6,2.49,20,2.1,1.11,0
2024-04-07,I1,11:30,Frosinone,Bologna,D,D,2023/2024,60.0,10,60.0,5,5,47.37,0.8,73.68,1.0,1.4,2.0,2.06,13,1.91,1.11,0
2024-04-22,I1,17:30,Roma,Bologna,A,A,2023/2024,60.0,8,60.0,5,3,47.37,0.6,52.63,1.6,1.6,1.8,2.72,11,1.86,1.11,1
2024-05-03,I1,19:45,Torino,Bologna,D,D,2023/2024,40.0,14,0.0,1,1,47.37,0.4,26.32,0.2,1.2,0.0,2.87,5,1.98,1.11,0
2024-05-11,I1,17:00,Napoli,Bologna,A,A,2023/2024,20.0,15,60.0,6,4,47.37,0.2,63.16,1.0,1.2,2.0,2.02,11,2.01,1.11,0
2024-05-24,I1,19:45,Genoa,Bologna,H,H,2023/2024,20.0,11,40.0,3,1,47.37,0.6,42.11,1.6,1.0,0.6,2.01,11,1.89,1.11,0
2023-08-21,I1,17:30,Torino,Cagliari,D,D,2023/2024,0.0,8,0.0,2,2,52.63,0.0,26.32,0.0,0.0,0.0,2.21,8,2.04,0.74,0
2023-09-02,I1,17:30,Bologna,Cagliari,H,A,2023/2024,50.0,9,50.0,7,1,52.63,1.0,36.84,1.0,0.5,1.5,1.99,7,1.94,0.74,1
2023-09-24,I1,14:00,Atalanta,Cagliari,H,H,2023/2024,33.33,6,50.0,6,1,52.63,1.33,68.42,2.5,0.33,0.0,1.82,11,1.98,0.74,0
2023-10-02,I1,19:45,Fiorentina,Cagliari,H,H,2023/2024,50.0,10,100.0,2,4,52.63,1.75,68.42,2.67,0.25,1.33,1.98,6,2.03,0.74,1
2023-10-22,I1,14:00,Salernitana,Cagliari,D,D,2023/2024,60.0,11,60.0,2,6,52.63,1.8,68.42,0.8,0.6,2.2,2.16,13,1.91,0.74,1
2023-11-11,I1,17:00,Juventus,Cagliari,H,D,2023/2024,80.0,14,40.0,4,2,52.63,2.2,26.32,1.8,0.8,0.4,2.01,11,2.02,0.74,1
2023-12-02,I1,17:00,Lazio,Cagliari,H,H,2023/2024,60.0,11,20.0,5,2,52.63,2.0,26.32,1.4,0.6,0.4,2.07,9,2.09,0.74,0
2023-12-16,I1,17:00,Napoli,Cagliari,H,D,2023/2024,80.0,9,80.0,5,3,52.63,2.0,63.16,1.0,0.8,2.0,1.61,9,1.9,0.74,1
2023-12-23,I1,17:00,Verona,Cagliari,H,D,2023/2024,60.0,8,60.0,5,3,52.63,1.8,57.89,1.4,0.8,1.8,2.23,12,1.85,0.74,0
2024-01-06,I1,17:00,Lecce,Cagliari,D,H,2023/2024,40.0,20,40.0,2,2,52.63,1.6,36.84,1.2,0.6,1.2,2.32,14,1.98,0.74,0
2024-01-21,I1,11:30,Frosinone,Cagliari,H,A,2023/2024,40.0,11,80.0,7,4,52.63,1.8,73.68,1.6,0.6,1.4,1.98,9,1.85,0.74,1
2024-02-05,I1,19:45,Roma,Cagliari,H,H,2023/2024,60.0,8,40.0,6,3,52.63,2.4,52.63,2.0,0.6,0.6,1.88,12,2.12,0.74,1
2024-02-18,I1,14:00,Udinese,Cagliari,D,D,2023/2024,40.0,14,60.0,3,2,52.63,2.2,47.37,1.4,0.6,1.2,2.13,5,2.05,0.74,0
2024-03-03,I1,14:00,Empoli,Cagliari,A,D,2023/2024,40.0,11,40.0,3,4,52.63,1.8,31.58,0.8,0.8,1.0,2.13,8,2.06,0.74,0
2024-03-16,I1,14:00,Monza,Cagliari,H,H,2023/2024,40.0,11,40.0,3,0,52.63,1.8,42.11,1.4,0.6,1.2,2.0,10,1.83,0.74,0
2024-04-14,I1,19:45,Inter,Cagliari,D,H,2023/2024,40.0,5,60.0,7,6,52.63,1.6,52.63,2.2,0.8,0.8,1.56,11,1.98,0.74,1
2024-04-29,I1,19:45,Genoa,Cagliari,H,H,2023/2024,40.0,12,40.0,5,1,52.63,1.4,42.11,1.6,0.8,1.0,2.38,12,1.93,0.74,1
2024-05-11,I1,19:45,Milan,Cagliari,H,H,2023/2024,60.0,11,80.0,10,7,52.63,2.2,52.63,2.6,0.8,1.2,1.72,13,1.95,0.74,1
2024-05-19,I1,11:30,Sassuolo,Cagliari,A,D,2023/2024,60.0,14,40.0,0,3,52.63,2.2,47.37,1.0,1.0,1.8,2.06,13,1.85,0.74,0
2024-08-19,I1,19:45,Juventus,Como,H,H,2024/2025,100.0,12,100.0,9,1,100.0,3.0,100.0,3.0,0.0,0.0,2.05,1,1.86,0.0,1
2022-08-14,I1,17:30,Fiorentina,Cremonese,H,H,2022/2023,100.0,10,100.0,11,4,52.63,3.0,47.37,3.0,2.0,2.0,1.82,13,2.08,1.11,1
2022-08-22,I1,17:30,Roma,Cremonese,H,D,2022/2023,50.0,7,0.0,12,3,52.63,2.0,36.84,1.0,1.0,0.0,1.55,14,1.9,1.11,0
2022-08-30,I1,19:45,Inter,Cremonese,H,H,2022/2023,66.67,6,100.0,7,4,52.63,2.33,47.37,3.0,1.0,0.5,1.37,11,1.86,1.11,1
2022-09-11,I1,11:30,Atalanta,Cremonese,D,D,2022/2023,50.0,9,33.33,6,4,52.63,2.0,57.89,1.67,1.0,1.0,1.62,7,1.94,1.11,0
2022-10-02,I1,14:00,Lecce,Cremonese,D,D,2022/2023,40.0,11,25.0,1,4,52.63,1.8,36.84,1.0,1.0,1.25,2.07,13,1.83,1.11,0
2022-10-16,I1,14:00,Spezia,Cremonese,D,H,2022/2023,40.0,12,80.0,6,4,52.63,1.6,52.63,1.8,1.0,1.4,2.06,24,1.8,1.11,1
2022-11-05,I1,14:00,Salernitana,Cremonese,D,H,2022/2023,60.0,14,80.0,2,5,52.63,1.8,63.16,1.6,1.4,1.4,1.99,11,2.01,1.11,1
2022-11-11,I1,19:45,Empoli,Cremonese,H,D,2022/2023,40.0,9,20.0,6,5,52.63,1.6,42.11,1.0,1.2,1.0,2.11,19,2.08,1.11,0
2023-01-09,I1,17:30,Verona,Cremonese,H,H,2022/2023,40.0,16,60.0,4,5,52.63,1.8,52.63,1.0,1.0,1.6,2.38,15,1.85,1.11,0
2023-01-23,I1,17:30,Bologna,Cremonese,D,D,2022/2023,40.0,11,60.0,8,2,52.63,1.8,31.58,1.8,1.0,0.8,2.36,9,1.97,1.11,0
2023-02-12,I1,19:45,Napoli,Cremonese,H,H,2022/2023,40.0,7,80.0,10,1,52.63,2.0,52.63,3.0,0.6,0.8,1.56,6,1.94,1.11,1
2023-02-20,I1,19:45,Torino,Cremonese,D,H,2022/2023,40.0,9,20.0,6,2,52.63,2.0,21.05,1.2,0.6,0.8,2.47,11,2.03,1.11,1
2023-03-06,I1,17:30,Sassuolo,Cremonese,H,H,2022/2023,60.0,11,40.0,7,6,52.63,2.2,47.37,1.0,1.0,1.6,2.08,13,2.03,1.11,1
2023-03-18,I1,14:00,Monza,Cremonese,D,D,2022/2023,60.0,12,40.0,7,2,52.63,2.0,42.11,1.2,1.2,1.2,2.25,8,2.07,1.11,0
2023-04-08,I1,15:30,Sampdoria,Cremonese,A,D,2022/2023,80.0,14,60.0,9,4,52.63,2.2,31.58,1.2,1.6,1.2,2.35,17,1.86,1.11,1
2023-04-23,I1,14:00,Udinese,Cremonese,H,H,2022/2023,80.0,13,100.0,9,2,52.63,2.2,52.63,2.4,1.6,1.4,1.99,12,1.95,1.11,1
2023-05-03,I1,20:00,Milan,Cremonese,D,D,2022/2023,60.0,12,0.0,5,2,52.63,2.0,52.63,1.2,1.4,0.4,1.86,6,1.93,1.11,0
2023-05-14,I1,19:45,Juventus,Cremonese,H,D,2022/2023,40.0,15,40.0,7,2,52.63,1.8,47.37,1.8,1.0,0.8,1.92,3,1.81,1.11,0
2023-05-28,I1,17:00,Lazio,Cremonese,H,H,2022/2023,60.0,15,60.0,8,5,52.63,2.2,52.63,1.8,1.2,1.2,1.55,11,2.06,1.11,1
2022-08-14,I1,19:45,Spezia,Empoli,H,H,2022/2023,0.0,15,0.0,2,5,31.58,1.0,52.63,1.0,0.0,0.0,1.9,18,2.12,0.79,0
2022-08-28,I1,19:45,Lecce,Empoli,D,D,2022/2023,0.0,10,50.0,5,3,31.58,1.0,36.84,1.0,0.5,1.5,2.12,9,1.84,0.79,0
2022-09-05,I1,17:30,Salernitana,Empoli,D,D,2022/2023,33.33,7,66.67,4,5,31.58,1.33,63.16,2.0,1.0,1.0,2.03,11,1.96,0.79,1
2022-09-17,I1,14:00,Bologna,Empoli,A,D,2022/2023,25.0,11,25.0,3,5,31.58,1.0,31.58,1.0,1.0,1.0,1.91,12,2.05,0.79,0
2022-10-09,I1,11:30,Torino,Empoli,D,D,2022/2023,20.0,15,0.0,7,2,31.58,1.0,21.05,0.5,1.0,0.5,1.85,6,1.91,0.79,0
2022-10-21,I1,19:45,Juventus,Empoli,H,H,2022/2023,40.0,13,60.0,7,4,31.58,1.6,47.37,2.4,1.0,0.6,1.82,12,2.0,0.79,1
2022-11-08,I1,17:30,Napoli,Empoli,H,D,2022/2023,40.0,12,60.0,4,1,31.58,1.8,52.63,2.6,0.8,0.6,1.45,6,2.04,0.79,0
2023-01-04,I1,19:45,Udinese,Empoli,D,A,2022/2023,20.0,15,60.0,3,1,31.58,1.6,52.63,1.6,0.6,1.4,1.79,6,1.88,0.79,0
2023-01-08,I1,14:00,Lazio,Empoli,D,H,2022/2023,40.0,17,60.0,4,2,31.58,2.0,52.63,1.6,0.8,1.0,1.76,5,2.0,0.79,1
2023-01-23,I1,19:45,Inter,Empoli,A,D,2022/2023,40.0,13,40.0,1,8,31.58,1.8,47.37,2.2,0.8,0.4,1.56,13,2.08,0.79,0
2023-02-04,I1,17:00,Roma,Empoli,H,H,2022/2023,20.0,10,0.0,6,2,31.58,1.4,36.84,1.2,0.8,0.4,2.0,11,2.04,0.79,0
2023-02-19,I1,14:00,Fiorentina,Empoli,D,A,2022/2023,20.0,8,40.0,4,3,31.58,1.2,47.37,1.0,1.0,1.2,1.94,5,1.81,0.79,0
2023-03-04,I1,14:00,Monza,Empoli,H,H,2022/2023,40.0,10,60.0,3,3,31.58,1.4,42.11,1.4,1.0,1.4,2.26,18,1.81,0.79,1
2023-03-17,I1,19:45,Atalanta,Empoli,H,A,2022/2023,40.0,11,60.0,6,2,31.58,1.4,57.89,2.6,0.8,1.0,1.7,5,1.95,0.79,1
2023-04-07,I1,20:00,Milan,Empoli,D,D,2022/2023,40.0,11,20.0,4,1,31.58,1.4,52.63,1.2,0.6,1.2,1.94,2,2.06,0.79,0
2023-04-14,I1,17:30,Cremonese,Empoli,H,H,2022/2023,40.0,11,40.0,5,1,31.58,1.2,42.11,0.8,0.6,1.6,2.24,15,2.15,0.79,0
2023-04-30,I1,14:00,Sassuolo,Empoli,H,A,2022/2023,60.0,12,40.0,4,1,31.58,1.4,47.37,1.6,0.6,0.8,1.97,7,1.91,0.79,1
2023-05-15,I1,19:45,Sampdoria,Empoli,D,H,2022/2023,40.0,16,40.0,3,4,31.58,1.2,31.58,1.4,0.6,1.6,2.17,16,1.93,0.79,0
2023-05-28,I1,11:30,Verona,Empoli,D,D,2022/2023,20.0,14,60.0,4,3,31.58,1.0,52.63,1.0,0.6,2.0,1.99,13,1.99,0.79,0
2023-08-26,I1,17:30,Monza,Empoli,H,H,2023/2024,0.0,14,0.0,5,6,31.58,2.0,42.11,2.0,0.0,0.0,1.99,18,1.95,0.74,0
2023-09-17,I1,19:45,Roma,Empoli,H,H,2023/2024,50.0,15,100.0,9,2,31.58,4.5,52.63,3.33,0.0,1.33,1.85,8,1.87,0.74,1
2023-10-01,I1,11:30,Bologna,Empoli,H,H,2023/2024,66.67,11,50.0,9,4,31.58,4.0,36.84,1.25,0.0,0.75,1.95,12,2.01,0.74,1
2023-10-23,I1,19:45,Fiorentina,Empoli,A,A,2023/2024,50.0,13,75.0,7,3,31.58,3.0,68.42,2.0,0.5,1.5,1.66,7,1.93,0.74,0
2023-11-06,I1,17:30,Frosinone,Empoli,H,D,2023/2024,60.0,7,80.0,5,2,31.58,2.8,73.68,2.2,0.6,1.2,1.92,10,2.07,0.74,1
2023-11-12,I1,11:30,Napoli,Empoli,A,D,2023/2024,60.0,11,80.0,7,3,31.58,2.4,63.16,1.6,0.8,1.8,1.49,8,2.07,0.74,0
2023-12-02,I1,14:00,Genoa,Empoli,D,H,2023/2024,40.0,15,20.0,1,1,31.58,1.2,42.11,1.4,1.0,0.6,2.38,9,1.92,0.74,0
2023-12-16,I1,19:45,Torino,Empoli,H,H,2023/2024,20.0,15,60.0,3,2,31.58,0.8,26.32,1.2,1.0,0.8,2.26,7,1.83,0.74,0
2023-12-30,I1,14:00,Cagliari,Empoli,D,D,2023/2024,20.0,18,60.0,3,1,31.58,0.8,63.16,1.8,0.6,1.2,1.9,5,2.1,0.74,0
2024-01-13,I1,17:00,Verona,Empoli,H,H,2023/2024,20.0,20,40.0,7,1,31.58,0.8,57.89,1.4,0.6,1.0,2.24,14,1.97,0.74,1
2024-01-27,I1,17:00,Juventus,Empoli,D,D,2023/2024,20.0,11,20.0,3,5,31.58,1.0,26.32,1.4,0.6,0.4,1.96,16,1.92,0.74,0
2024-02-09,I1,19:45,Salernitana,Empoli,A,A,2023/2024,40.0,10,100.0,4,3,31.58,1.0,68.42,1.2,1.0,2.2,2.4,17,1.86,0.74,1
2024-02-24,I1,14:00,Sassuolo,Empoli,A,A,2023/2024,60.0,12,60.0,5,6,31.58,1.2,47.37,1.2,1.6,1.6,2.07,14,1.94,0.74,1
2024-03-10,I1,14:00,Milan,Empoli,H,H,2023/2024,60.0,18,40.0,5,2,31.58,1.4,52.63,1.6,1.6,0.8,1.94,5,1.88,0.74,0
2024-04-01,I1,19:45,Inter,Empoli,H,H,2023/2024,40.0,14,60.0,7,3,31.58,1.4,52.63,2.6,1.4,0.4,1.49,14,2.1,0.74,0
2024-04-13,I1,14:00,Lecce,Empoli,H,D,2023/2024,40.0,18,40.0,7,0,31.58,1.4,36.84,0.8,1.2,1.4,2.57,3,1.97,0.74,0
2024-04-28,I1,17:00,Atalanta,Empoli,H,H,2023/2024,20.0,19,80.0,5,2,31.58,1.6,68.42,2.2,0.6,1.0,1.83,11,1.9,0.74,0
2024-05-12,I1,11:30,Lazio,Empoli,H,H,2023/2024,0.0,18,40.0,5,3,31.58,1.6,26.32,1.8,0.0,0.6,2.06,16,1.82,0.74,0
2024-05-19,I1,14:00,Udinese,Empoli,D,D,2023/2024,0.0,14,40.0,2,1,31.58,1.6,47.37,0.8,0.2,1.6,2.53,4,1.85,0.74,0
2022-08-21,I1,17:30,Empoli,Fiorentina,D,D,2022/2023,0.0,13,0.0,2,2,36.84,0.0,42.11,0.0,0.0,0.0,1.72,19,1.95,1.21,0
2022-08-31,I1,17:30,Udinese,Fiorentina,H,H,2022/2023,0.0,13,0.0,3,2,36.84,0.5,52.63,0.5,0.0,0.0,1.85,12,1.93,1.21,0
2022-09-11,I1,14:00,Bologna,Fiorentina,H,D,2022/2023,33.33,8,33.33,4,2,36.84,1.0,31.58,1.33,0.33,1.0,1.96,13,2.14,1.21,1
2022-10-02,I1,17:00,Atalanta,Fiorentina,H,D,2022/2023,25.0,12,25.0,5,5,36.84,1.0,57.89,1.5,0.25,0.75,1.99,16,1.93,1.21,0
2022-10-17,I1,19:45,Lecce,Fiorentina,D,H,2022/2023,20.0,15,20.0,2,5,36.84,1.0,36.84,1.0,0.4,1.2,2.27,10,2.08,1.21,0
2022-10-30,I1,14:00,Spezia,Fiorentina,A,D,2022/2023,40.0,19,100.0,6,5,36.84,1.2,52.63,1.8,0.8,1.8,1.98,27,1.92,1.21,1
2022-11-06,I1,14:00,Sampdoria,Fiorentina,A,A,2022/2023,40.0,10,40.0,2,4,36.84,1.0,31.58,0.4,1.2,1.8,2.11,5,1.97,1.21,0
2022-11-13,I1,17:00,Milan,Fiorentina,H,D,2022/2023,40.0,13,80.0,3,5,36.84,1.0,52.63,2.2,1.2,1.0,1.92,11,1.98,1.21,1
2023-01-15,I1,19:45,Roma,Fiorentina,H,H,2022/2023,40.0,15,0.0,4,3,36.84,1.2,36.84,0.8,1.2,0.6,2.33,7,1.91,1.21,0
2023-01-29,I1,17:00,Lazio,Fiorentina,D,H,2022/2023,40.0,12,60.0,1,6,36.84,1.2,52.63,1.8,1.2,1.2,2.13,17,2.12,1.21,0
2023-02-12,I1,17:00,Juventus,Fiorentina,H,H,2022/2023,20.0,11,40.0,3,2,36.84,1.2,47.37,1.6,0.8,1.0,2.21,11,2.04,1.21,0
2023-02-27,I1,17:30,Verona,Fiorentina,A,A,2022/2023,40.0,15,20.0,3,7,36.84,1.2,52.63,1.2,1.0,0.8,2.4,16,1.99,1.21,1
2023-03-12,I1,14:00,Cremonese,Fiorentina,A,A,2022/2023,20.0,10,60.0,5,3,36.84,0.8,42.11,1.0,1.2,2.0,2.13,10,1.88,1.21,0
2023-04-01,I1,17:00,Inter,Fiorentina,A,D,2022/2023,20.0,8,20.0,3,3,36.84,0.4,47.37,1.2,1.4,0.6,2.13,19,1.88,1.21,0
2023-04-23,I1,14:00,Monza,Fiorentina,H,D,2022/2023,40.0,18,40.0,5,5,36.84,0.8,42.11,1.2,1.6,1.4,2.5,10,1.8,1.21,1
2023-05-03,I1,17:00,Salernitana,Fiorentina,D,D,2022/2023,60.0,18,80.0,3,3,36.84,1.2,63.16,2.4,2.2,1.2,1.98,12,2.02,1.21,1
2023-05-07,I1,17:00,Napoli,Fiorentina,H,D,2022/2023,40.0,12,20.0,3,3,36.84,1.4,52.63,0.8,1.6,1.0,1.97,15,2.02,1.21,0
2023-05-21,I1,14:00,Torino,Fiorentina,D,D,2022/2023,40.0,9,20.0,4,1,36.84,1.6,21.05,0.8,1.4,1.2,2.44,8,1.9,1.21,0
2023-06-02,I1,19:30,Sassuolo,Fiorentina,A,D,2022/2023,60.0,7,60.0,2,7,36.84,1.8,47.37,1.2,1.8,1.4,1.59,15,1.96,1.21,1
2023-08-19,I1,19:45,Genoa,Fiorentina,A,A,2023/2024,100.0,14,100.0,2,5,36.84,1.0,42.11,1.0,4.0,4.0,2.23,9,1.91,1.26,1
2023-09-03,I1,17:30,Inter,Fiorentina,H,H,2023/2024,100.0,13,50.0,11,2,36.84,2.5,52.63,3.0,2.0,0.0,1.8,6,2.08,1.26,1
2023-09-24,I1,14:00,Udinese,Fiorentina,A,A,2023/2024,66.67,13,33.33,8,2,36.84,1.67,47.37,0.0,2.0,1.67,2.24,6,2.04,1.26,0
2023-09-28,I1,17:30,Frosinone,Fiorentina,D,A,2023/2024,50.0,6,75.0,3,6,36.84,1.5,73.68,2.0,1.75,1.75,1.92,19,2.03,1.26,0
2023-10-08,I1,19:45,Napoli,Fiorentina,A,D,2023/2024,60.0,4,75.0,4,3,36.84,1.4,63.16,2.0,2.0,1.5,1.65,12,1.88,1.26,1
2023-10-30,I1,19:45,Lazio,Fiorentina,H,D,2023/2024,40.0,12,20.0,4,5,36.84,1.4,26.32,1.4,1.2,0.8,2.06,9,1.92,1.26,0
2023-11-25,I1,19:45,Milan,Fiorentina,H,H,2023/2024,20.0,9,0.0,6,4,36.84,0.8,52.63,0.8,1.2,0.4,2.46,20,2.06,1.26,0
2023-12-10,I1,19:45,Roma,Fiorentina,D,H,2023/2024,20.0,14,40.0,1,8,36.84,1.0,52.63,1.8,1.0,0.6,2.28,14,2.06,1.26,0
2023-12-22,I1,19:45,Monza,Fiorentina,A,A,2023/2024,20.0,12,20.0,2,5,36.84,0.8,42.11,0.8,1.0,1.0,2.1,14,1.85,1.26,0
2024-01-06,I1,19:45,Sassuolo,Fiorentina,H,H,2023/2024,0.0,10,60.0,1,3,36.84,0.8,47.37,1.2,0.4,1.4,1.82,9,1.93,1.26,0
2024-02-02,I1,19:45,Lecce,Fiorentina,H,H,2023/2024,20.0,13,60.0,8,3,36.84,1.2,36.84,1.4,0.8,1.6,2.35,10,1.85,1.26,1
2024-02-14,I1,18:00,Bologna,Fiorentina,H,H,2023/2024,20.0,11,40.0,7,3,36.84,1.4,36.84,2.4,0.8,0.6,2.51,12,1.86,1.26,0
2024-02-18,I1,14:00,Empoli,Fiorentina,D,A,2023/2024,20.0,15,40.0,4,4,36.84,1.4,31.58,0.8,0.8,1.2,2.36,9,1.85,1.26,0
2024-03-02,I1,19:45,Torino,Fiorentina,D,D,2023/2024,20.0,13,20.0,2,3,36.84,1.4,26.32,1.0,0.6,0.4,2.57,14,2.01,1.26,0
2024-04-07,I1,19:45,Juventus,Fiorentina,H,H,2023/2024,20.0,16,40.0,2,2,36.84,1.4,26.32,1.2,0.6,1.0,2.2,13,2.03,1.26,0
2024-04-21,I1,17:00,Salernitana,Fiorentina,A,D,2023/2024,0.0,13,40.0,1,7,36.84,0.8,68.42,0.6,0.6,2.0,1.79,12,1.88,1.26,0
2024-05-05,I1,14:00,Verona,Fiorentina,H,D,2023/2024,20.0,12,60.0,4,4,36.84,0.8,57.89,1.2,0.8,1.2,2.28,13,2.07,1.26,1
2024-05-23,I1,19:45,Cagliari,Fiorentina,A,A,2023/2024,40.0,13,60.0,6,5,36.84,1.0,63.16,1.6,1.2,1.6,1.78,11,1.85,1.26,1
2024-06-02,I1,17:00,Atalanta,Fiorentina,A,A,2023/2024,60.0,5,80.0,3,4,36.84,1.4,68.42,2.2,1.8,1.2,1.56,8,1.87,1.26,1
2024-08-17,I1,17:30,Parma,Fiorentina,D,H,2024/2025,0.0,15,0.0,5,7,0.0,1.0,0.0,1.0,1.0,1.0,1.99,14,1.94,1.0,0
2023-09-02,I1,17:30,Udinese,Frosinone,D,D,2023/2024,0.0,14,50.0,6,2,47.37,0.0,47.37,0.0,0.0,1.5,2.07,12,1.85,0.84,0
2023-09-22,I1,17:30,Salernitana,Frosinone,D,A,2023/2024,0.0,12,33.33,6,3,47.37,0.5,68.42,0.67,0.5,1.67,2.2,9,2.12,0.84,0
2023-10-01,I1,19:45,Roma,Frosinone,H,H,2023/2024,0.0,12,75.0,5,0,47.37,1.0,52.63,3.0,0.33,1.0,1.82,8,1.81,0.84,0
2023-10-22,I1,14:00,Bologna,Frosinone,H,H,2023/2024,25.0,10,60.0,6,5,47.37,1.25,36.84,1.4,0.5,0.8,1.95,12,1.93,0.84,1
2023-10-29,I1,11:30,Cagliari,Frosinone,H,A,2023/2024,40.0,8,60.0,6,6,47.37,1.8,63.16,1.2,1.0,2.4,1.98,10,1.88,0.84,1
2023-11-12,I1,19:45,Inter,Frosinone,H,H,2023/2024,40.0,7,60.0,6,3,47.37,2.2,52.63,2.2,1.0,1.0,1.42,12,2.02,0.84,0
2023-12-02,I1,19:45,Milan,Frosinone,H,H,2023/2024,60.0,11,20.0,3,3,47.37,2.6,52.63,1.2,1.0,0.6,1.7,15,1.88,0.84,1
2023-12-16,I1,14:00,Lecce,Frosinone,H,D,2023/2024,80.0,8,40.0,6,5,47.37,2.6,36.84,1.2,1.2,1.2,2.23,11,2.03,0.84,1
2023-12-29,I1,19:45,Lazio,Frosinone,H,D,2023/2024,80.0,18,20.0,5,2,47.37,2.8,26.32,1.0,1.2,0.6,2.03,11,2.05,0.84,1
2024-01-15,I1,19:45,Atalanta,Frosinone,H,H,2023/2024,80.0,11,80.0,9,5,47.37,3.0,68.42,2.8,0.6,1.0,1.68,8,1.91,0.84,1
2024-01-28,I1,14:00,Verona,Frosinone,D,H,2023/2024,80.0,17,20.0,5,6,47.37,2.8,57.89,1.2,0.8,0.8,2.19,11,1.82,0.84,0
2024-02-11,I1,11:30,Fiorentina,Frosinone,H,H,2023/2024,80.0,16,40.0,7,3,47.37,3.2,68.42,1.8,0.8,0.8,1.78,11,2.0,0.84,1
2024-02-25,I1,11:30,Juventus,Frosinone,H,D,2023/2024,80.0,12,40.0,5,3,47.37,3.4,26.32,1.6,1.0,0.8,1.7,7,1.93,0.84,1
2024-03-09,I1,14:00,Sassuolo,Frosinone,H,D,2023/2024,60.0,14,40.0,4,1,47.37,3.0,47.37,1.2,0.8,2.0,1.78,11,1.92,0.84,0
2024-03-30,I1,14:00,Genoa,Frosinone,D,D,2023/2024,40.0,16,60.0,3,3,47.37,2.2,42.11,1.6,1.0,1.8,2.08,15,1.94,0.84,0
2024-04-14,I1,11:30,Napoli,Frosinone,D,H,2023/2024,60.0,11,60.0,9,6,47.37,2.4,63.16,1.2,1.2,1.6,1.5,13,1.93,0.84,1
2024-04-21,I1,14:00,Torino,Frosinone,D,D,2023/2024,40.0,10,0.0,2,3,47.37,1.4,26.32,0.2,1.0,0.4,2.09,12,2.03,0.84,0
2024-05-05,I1,14:00,Empoli,Frosinone,D,D,2023/2024,20.0,15,20.0,1,5,47.37,0.8,31.58,0.8,0.6,0.8,2.14,17,1.84,0.84,0
2024-05-19,I1,14:00,Monza,Frosinone,A,A,2023/2024,20.0,14,60.0,2,5,47.37,0.6,42.11,1.2,0.8,1.8,1.74,16,2.06,0.84,0
2023-08-27,I1,19:45,Lazio,Genoa,A,A,2023/2024,0.0,9,0.0,2,3,42.11,0.0,26.32,0.0,1.0,1.0,1.98,5,1.85,0.95,0
2023-09-03,I1,17:30,Torino,Genoa,H,D,2023/2024,0.0,13,0.0,3,2,42.11,0.5,26.32,0.5,0.5,0.0,2.47,7,1.83,0.95,0
2023-09-22,I1,19:45,Lecce,Genoa,H,D,2023/2024,0.0,12,33.33,3,1,42.11,0.67,36.84,1.67,0.33,0.33,2.35,8,1.83,0.95,0
2023-10-01,I1,14:00,Udinese,Genoa,D,A,2023/2024,25.0,12,50.0,2,4,42.11,1.0,47.37,0.5,0.75,1.75,2.25,8,1.85,0.95,1
2023-10-22,I1,17:00,Atalanta,Genoa,H,D,2023/2024,20.0,17,25.0,8,4,42.11,1.2,68.42,1.75,0.6,0.0,1.92,15,1.94,0.95,0
2023-11-05,I1,14:00,Cagliari,Genoa,H,D,2023/2024,40.0,14,80.0,4,2,42.11,1.6,63.16,1.6,0.6,2.2,2.55,8,1.94,0.95,1
2023-11-26,I1,14:00,Frosinone,Genoa,H,D,2023/2024,60.0,5,80.0,5,3,42.11,1.8,73.68,2.2,0.8,1.2,2.5,13,1.79,0.95,1
2023-12-10,I1,14:00,Monza,Genoa,H,D,2023/2024,60.0,11,40.0,3,1,42.11,1.8,42.11,1.4,0.8,0.8,2.42,16,2.02,0.95,0
2023-12-22,I1,17:30,Sassuolo,Genoa,A,H,2023/2024,60.0,11,60.0,3,5,42.11,1.6,47.37,1.0,0.8,1.8,2.31,14,1.93,0.95,1
2024-01-05,I1,19:45,Bologna,Genoa,D,A,2023/2024,60.0,8,0.0,8,1,42.11,1.4,36.84,1.4,1.0,0.2,2.8,3,1.82,0.95,0
2024-01-21,I1,17:00,Salernitana,Genoa,A,D,2023/2024,60.0,7,100.0,2,5,42.11,1.2,68.42,1.4,1.2,1.8,2.75,5,1.87,0.95,1
2024-02-03,I1,14:00,Empoli,Genoa,D,D,2023/2024,40.0,11,40.0,4,2,42.11,0.8,31.58,0.8,1.0,1.2,2.81,10,1.83,0.95,0
2024-02-17,I1,14:00,Napoli,Genoa,D,D,2023/2024,40.0,9,60.0,7,4,42.11,0.8,63.16,1.4,1.2,0.8,2.25,6,2.09,0.95,0
2024-03-04,I1,19:45,Inter,Genoa,H,H,2023/2024,40.0,5,80.0,5,2,42.11,1.0,52.63,2.6,1.0,0.4,1.78,10,1.8,0.95,1
2024-03-17,I1,11:30,Juventus,Genoa,D,D,2023/2024,40.0,11,40.0,2,2,42.11,0.8,26.32,1.2,0.8,1.2,2.19,5,1.98,0.95,0
2024-04-07,I1,17:00,Verona,Genoa,A,D,2023/2024,40.0,14,60.0,3,5,42.11,0.8,57.89,1.2,0.8,1.6,2.86,11,2.05,0.95,1
2024-04-15,I1,17:30,Fiorentina,Genoa,D,A,2023/2024,40.0,8,80.0,3,3,42.11,1.0,68.42,2.2,1.0,1.4,2.27,7,1.98,0.95,0
2024-05-05,I1,17:00,Milan,Genoa,D,D,2023/2024,60.0,8,60.0,7,2,42.11,1.4,52.63,1.8,1.4,1.2,1.61,6,1.8,0.95,1
2024-05-19,I1,19:45,Roma,Genoa,H,D,2023/2024,40.0,10,20.0,6,4,42.11,1.2,52.63,1.0,1.2,0.8,1.81,11,2.09,0.95,0
2022-08-13,I1,19:45,Lecce,Inter,A,A,2022/2023,100.0,21,100.0,4,9,68.42,1.0,36.84,1.0,2.0,2.0,1.58,19,1.86,1.79,1
2022-08-26,I1,19:45,Lazio,Inter,H,H,2022/2023,100.0,5,100.0,7,7,68.42,2.0,52.63,2.5,1.5,1.0,1.75,19,1.92,1.79,1
2022-09-03,I1,17:00,Milan,Inter,H,D,2022/2023,100.0,10,66.67,5,5,68.42,2.33,52.63,3.0,1.67,1.33,1.99,16,1.88,1.79,1
2022-09-18,I1,11:30,Udinese,Inter,H,D,2022/2023,100.0,11,50.0,6,3,68.42,2.5,52.63,2.0,1.5,0.25,1.8,14,1.92,1.79,1
2022-10-08,I1,14:00,Sassuolo,Inter,A,A,2022/2023,100.0,14,60.0,3,4,68.42,2.2,47.37,1.6,1.6,1.0,1.71,16,1.92,1.79,1
2022-10-22,I1,19:45,Fiorentina,Inter,A,A,2022/2023,100.0,15,40.0,4,7,68.42,2.6,47.37,1.2,2.0,1.8,1.95,8,2.08,1.79,1
2022-11-06,I1,19:45,Juventus,Inter,H,D,2022/2023,80.0,16,60.0,3,4,68.42,2.4,47.37,2.6,1.8,0.4,2.09,14,2.09,1.79,0
2022-11-13,I1,11:30,Atalanta,Inter,A,D,2022/2023,80.0,10,60.0,7,3,68.42,2.2,57.89,1.2,2.0,1.6,1.7,14,1.98,1.79,1
2023-01-07,I1,19:45,Monza,Inter,D,A,2022/2023,80.0,14,60.0,4,3,68.42,2.0,42.11,2.0,2.2,0.8,1.83,11,1.97,1.79,1
2023-01-28,I1,17:00,Cremonese,Inter,A,D,2022/2023,80.0,7,40.0,4,10,68.42,2.0,42.11,0.6,2.2,1.2,1.85,30,1.84,1.79,1
2023-02-13,I1,19:45,Sampdoria,Inter,D,D,2022/2023,60.0,13,0.0,2,5,68.42,1.4,31.58,0.0,1.4,1.4,1.9,25,2.02,1.79,0
2023-02-26,I1,11:30,Bologna,Inter,H,D,2022/2023,60.0,7,20.0,5,4,68.42,1.2,31.58,1.0,1.4,0.8,2.02,13,1.95,1.79,0
2023-03-10,I1,19:45,Spezia,Inter,H,D,2022/2023,60.0,11,40.0,2,7,68.42,1.2,52.63,0.4,1.0,1.6,1.77,28,1.98,1.79,1
2023-04-07,I1,16:00,Salernitana,Inter,D,A,2022/2023,40.0,14,60.0,3,11,68.42,1.0,63.16,1.2,0.8,1.6,2.0,25,2.02,1.79,0
2023-04-23,I1,11:30,Empoli,Inter,A,D,2022/2023,40.0,6,40.0,3,4,68.42,0.8,42.11,0.6,1.0,1.6,2.0,16,1.88,1.79,1
2023-05-03,I1,20:00,Verona,Inter,A,A,2022/2023,60.0,4,80.0,2,10,68.42,0.8,52.63,1.0,2.2,2.4,2.13,20,1.88,1.79,1
2023-05-06,I1,17:00,Roma,Inter,A,A,2022/2023,60.0,8,60.0,3,4,68.42,0.6,36.84,2.0,2.6,1.4,2.44,10,2.11,1.79,0
2023-05-21,I1,17:00,Napoli,Inter,H,D,2022/2023,60.0,10,40.0,9,2,68.42,0.8,52.63,1.0,2.6,1.2,2.02,6,1.89,1.79,1
2023-06-03,I1,17:30,Torino,Inter,A,A,2022/2023,60.0,6,20.0,5,4,68.42,0.6,21.05,0.8,2.6,1.2,1.96,14,1.83,1.79,0
2023-08-28,I1,19:45,Cagliari,Inter,A,A,2023/2024,0.0,9,0.0,2,3,57.89,0.0,63.16,0.0,2.0,2.0,1.75,17,2.01,2.37,0
2023-09-24,I1,11:30,Empoli,Inter,A,D,2023/2024,0.0,15,0.0,1,6,57.89,0.0,31.58,0.0,1.5,1.33,1.6,23,1.98,2.37,0
2023-09-30,I1,19:45,Salernitana,Inter,A,D,2023/2024,33.33,12,50.0,3,6,57.89,0.0,68.42,0.5,2.33,2.25,1.72,16,1.93,2.37,1
2023-10-21,I1,17:00,Torino,Inter,A,D,2023/2024,50.0,13,20.0,3,4,57.89,0.0,26.32,0.4,2.5,0.8,2.13,14,1.96,2.37,1
2023-11-04,I1,17:00,Atalanta,Inter,A,A,2023/2024,60.0,13,40.0,4,4,57.89,0.2,68.42,1.6,2.4,0.4,2.0,10,1.89,2.37,1
2023-11-26,I1,19:45,Juventus,Inter,D,D,2023/2024,60.0,12,20.0,1,4,57.89,0.4,26.32,1.4,2.2,0.4,2.43,8,1.96,2.37,0
2023-12-03,I1,19:45,Napoli,Inter,A,A,2023/2024,80.0,2,80.0,4,4,57.89,0.4,63.16,1.4,2.6,2.0,1.86,11,2.12,2.37,1
2023-12-17,I1,19:45,Lazio,Inter,A,A,2023/2024,60.0,13,20.0,4,4,57.89,0.4,26.32,1.0,2.2,0.8,2.23,12,2.02,2.37,0
2023-12-29,I1,19:45,Genoa,Inter,D,D,2023/2024,40.0,13,0.0,4,6,57.89,0.6,42.11,1.0,1.8,0.6,2.47,16,1.9,2.37,0
2024-01-13,I1,19:45,Monza,Inter,A,A,2023/2024,40.0,6,40.0,2,7,57.89,0.6,42.11,0.8,2.4,1.8,1.74,20,1.83,2.37,1
2024-01-28,I1,19:45,Fiorentina,Inter,A,A,2023/2024,40.0,6,40.0,4,4,57.89,0.4,68.42,1.4,2.4,0.6,2.26,8,1.93,2.37,0
2024-02-10,I1,17:00,Roma,Inter,A,H,2023/2024,40.0,9,60.0,3,6,57.89,0.8,52.63,2.2,2.6,1.2,2.11,10,1.9,2.37,1
2024-02-25,I1,17:00,Lecce,Inter,A,A,2023/2024,60.0,13,80.0,2,7,57.89,0.8,36.84,1.2,3.0,2.2,1.97,11,1.99,2.37,1
2024-03-09,I1,17:00,Bologna,Inter,A,A,2023/2024,60.0,17,40.0,3,4,57.89,0.6,36.84,2.4,3.0,0.6,2.37,5,1.92,2.37,0
2024-04-08,I1,19:45,Udinese,Inter,A,H,2023/2024,60.0,11,20.0,1,6,57.89,0.6,47.37,0.6,2.4,1.2,1.78,23,1.79,2.37,1
2024-04-22,I1,19:45,Milan,Inter,A,A,2023/2024,80.0,19,40.0,6,3,57.89,0.8,52.63,1.4,2.6,0.6,1.9,11,1.97,2.37,1
2024-05-04,I1,19:45,Sassuolo,Inter,H,H,2023/2024,60.0,10,40.0,2,1,57.89,0.6,47.37,1.2,1.8,1.4,1.56,14,2.05,2.37,0
2024-05-10,I1,19:45,Frosinone,Inter,A,A,2023/2024,60.0,4,60.0,8,5,57.89,0.6,73.68,1.2,2.0,1.8,1.78,14,1.99,2.37,1
2024-05-26,I1,19:45,Verona,Inter,D,D,2023/2024,80.0,17,80.0,8,11,57.89,1.0,57.89,1.4,2.2,1.4,1.53,15,1.93,2.37,1
2024-08-17,I1,17:30,Genoa,Inter,D,D,2024/2025,100.0,15,100.0,6,9,100.0,2.0,100.0,2.0,2.0,2.0,1.92,14,1.95,2.0,1
2022-08-22,I1,19:45,Sampdoria,Juventus,D,D,2022/2023,0.0,8,0.0,1,4,21.05,0.0,31.58,0.0,0.0,1.0,2.03,10,2.08,0.95,0
2022-09-03,I1,14:00,Fiorentina,Juventus,D,D,2022/2023,0.0,13,33.33,5,1,21.05,0.5,47.37,1.33,0.5,1.0,2.26,4,2.12,0.95,0
2022-09-18,I1,14:00,Monza,Juventus,H,D,2022/2023,0.0,16,50.0,4,2,21.05,0.67,42.11,0.75,0.33,1.5,2.01,10,1.85,0.95,0
2022-10-08,I1,17:00,Milan,Juventus,H,H,2022/2023,0.0,7,60.0,3,3,21.05,1.0,52.63,2.4,0.25,1.2,2.3,10,2.12,0.95,0
2022-10-15,I1,17:00,Torino,Juventus,A,D,2022/2023,0.0,11,0.0,2,8,21.05,0.8,21.05,0.4,0.4,0.6,2.74,14,2.17,0.95,0
2022-10-29,I1,17:00,Lecce,Juventus,A,D,2022/2023,0.0,16,0.0,0,5,21.05,0.8,36.84,0.8,0.6,1.0,2.35,13,1.9,0.95,0
2022-11-10,I1,17:30,Verona,Juventus,A,D,2022/2023,0.0,14,80.0,2,3,21.05,0.6,52.63,1.0,0.6,1.8,2.0,11,1.92,0.95,0
2023-01-04,I1,17:30,Cremonese,Juventus,A,D,2022/2023,0.0,12,20.0,3,8,21.05,0.4,42.11,0.2,0.8,1.2,2.17,19,1.94,0.95,0
2023-01-13,I1,19:45,Napoli,Juventus,H,H,2022/2023,20.0,10,80.0,10,2,21.05,1.0,52.63,3.4,1.0,1.0,2.22,11,1.93,0.95,1
2023-02-07,I1,19:45,Salernitana,Juventus,A,A,2022/2023,40.0,9,60.0,1,5,21.05,1.0,63.16,0.8,1.4,2.0,2.02,17,1.86,0.95,1
2023-02-19,I1,17:00,Spezia,Juventus,A,A,2022/2023,40.0,8,40.0,7,3,21.05,1.0,52.63,0.4,1.6,1.8,2.15,15,1.82,0.95,0
2023-03-05,I1,19:45,Roma,Juventus,H,D,2022/2023,40.0,11,0.0,2,5,21.05,1.2,36.84,1.4,1.4,0.0,3.01,14,2.02,0.95,0
2023-03-19,I1,19:45,Inter,Juventus,A,A,2022/2023,40.0,6,20.0,3,3,21.05,1.2,47.37,1.2,1.4,0.6,2.38,7,1.9,0.95,0
2023-04-08,I1,19:45,Lazio,Juventus,H,D,2022/2023,40.0,11,20.0,4,4,21.05,0.6,52.63,1.0,1.4,0.8,2.83,11,2.0,0.95,1
2023-04-16,I1,17:00,Sassuolo,Juventus,H,D,2022/2023,20.0,10,20.0,4,3,21.05,0.8,47.37,1.2,0.8,1.0,2.04,13,2.08,0.95,0
2023-04-30,I1,19:45,Bologna,Juventus,D,H,2022/2023,20.0,12,20.0,6,5,21.05,1.0,31.58,1.2,0.6,0.4,2.65,14,1.92,0.95,0
2023-05-07,I1,11:30,Atalanta,Juventus,A,D,2022/2023,20.0,13,60.0,1,5,21.05,0.8,57.89,1.6,1.0,1.6,2.01,10,1.85,0.95,0
2023-05-22,I1,19:45,Empoli,Juventus,H,H,2022/2023,40.0,20,80.0,7,4,21.05,1.6,42.11,2.0,1.0,1.2,2.26,19,1.91,0.95,1
2023-06-04,I1,20:00,Udinese,Juventus,A,D,2022/2023,20.0,9,20.0,3,5,21.05,1.2,52.63,1.2,1.0,0.6,1.82,20,1.98,0.95,0
2023-08-20,I1,19:45,Udinese,Juventus,A,A,2023/2024,100.0,12,100.0,5,4,52.63,0.0,47.37,0.0,3.0,3.0,2.27,9,1.85,1.47,1
2023-09-03,I1,19:45,Empoli,Juventus,A,A,2023/2024,50.0,14,0.0,0,5,52.63,0.0,31.58,0.0,2.5,1.5,1.9,18,1.88,1.47,0
2023-09-23,I1,17:00,Sassuolo,Juventus,H,H,2023/2024,66.67,13,66.67,7,2,52.63,1.33,47.37,2.33,2.33,1.67,1.7,15,2.05,1.47,1
2023-10-01,I1,17:00,Atalanta,Juventus,D,D,2023/2024,50.0,13,33.33,2,3,52.63,1.0,68.42,1.67,1.75,0.0,2.23,5,2.02,1.47,0
2023-10-22,I1,19:45,Milan,Juventus,A,D,2023/2024,40.0,12,25.0,1,4,52.63,0.8,52.63,1.75,1.6,0.5,2.34,14,1.93,1.47,0
2023-11-05,I1,19:45,Fiorentina,Juventus,A,A,2023/2024,20.0,12,60.0,4,3,52.63,0.8,68.42,1.6,1.2,1.4,2.36,4,1.83,1.47,0
2023-12-01,I1,19:45,Monza,Juventus,A,A,2023/2024,40.0,12,40.0,1,7,52.63,1.0,42.11,1.2,1.2,0.8,2.31,18,2.03,1.47,1
2023-12-15,I1,19:45,Genoa,Juventus,D,A,2023/2024,20.0,14,0.0,3,4,52.63,0.4,42.11,0.8,1.0,0.6,3.22,11,1.93,1.47,0
2023-12-23,I1,11:30,Frosinone,Juventus,A,A,2023/2024,40.0,6,80.0,3,3,52.63,0.6,73.68,1.4,1.4,1.0,2.24,13,1.87,1.47,1
2024-01-07,I1,17:00,Salernitana,Juventus,A,H,2023/2024,60.0,9,80.0,3,3,52.63,0.8,68.42,1.2,1.6,1.8,2.11,18,1.95,1.47,1
2024-01-21,I1,19:45,Lecce,Juventus,A,D,2023/2024,80.0,8,60.0,3,8,52.63,0.8,36.84,1.2,2.0,1.6,2.56,15,1.87,1.47,1
2024-02-04,I1,19:45,Inter,Juventus,H,H,2023/2024,60.0,8,40.0,3,1,52.63,0.8,52.63,2.2,1.6,0.2,2.54,12,2.09,1.47,0
2024-02-17,I1,17:00,Verona,Juventus,D,D,2023/2024,80.0,8,40.0,9,4,52.63,1.0,57.89,1.4,1.8,1.0,2.5,18,1.93,1.47,1
2024-03-03,I1,19:45,Napoli,Juventus,H,H,2023/2024,80.0,6,60.0,7,4,52.63,1.2,63.16,1.4,1.6,0.8,2.41,18,1.85,1.47,1
2024-03-30,I1,17:00,Lazio,Juventus,H,D,2023/2024,60.0,12,40.0,4,3,52.63,1.2,26.32,0.6,1.2,1.0,2.56,9,2.12,1.47,0
2024-04-13,I1,17:00,Torino,Juventus,D,D,2023/2024,40.0,18,0.0,2,3,52.63,1.2,26.32,0.6,0.6,0.4,3.12,8,1.88,1.47,0
2024-04-19,I1,19:45,Cagliari,Juventus,D,H,2023/2024,60.0,16,60.0,4,3,52.63,1.4,63.16,2.0,1.0,1.4,2.4,11,2.06,1.47,1
2024-05-05,I1,19:45,Roma,Juventus,D,D,2023/2024,40.0,7,40.0,5,6,52.63,1.2,52.63,1.4,0.8,1.2,2.32,16,1.91,1.47,0
2024-05-20,I1,19:45,Bologna,Juventus,D,H,2023/2024,40.0,8,40.0,5,4,52.63,1.4,36.84,1.4,1.2,1.0,2.49,11,1.82,1.47,1
2022-08-20,I1,17:30,Torino,Lazio,D,D,2022/2023,0.0,11,0.0,1,2,31.58,0.0,21.05,0.0,0.0,0.0,1.97,7,2.09,1.47,0
2022-08-31,I1,17:30,Sampdoria,Lazio,D,A,2022/2023,0.0,10,0.0,3,6,31.58,0.5,31.58,0.33,0.5,1.0,1.88,13,1.91,1.47,0
2022-09-18,I1,14:00,Cremonese,Lazio,A,A,2022/2023,33.33,12,66.67,3,6,31.58,0.33,42.11,0.33,1.67,2.0,1.82,14,2.09,1.47,1
2022-10-10,I1,19:45,Fiorentina,Lazio,A,A,2022/2023,50.0,17,40.0,3,6,31.58,0.25,47.37,1.2,2.25,1.4,2.02,10,2.1,1.47,1
2022-10-23,I1,17:00,Atalanta,Lazio,A,A,2022/2023,40.0,15,40.0,0,5,31.58,0.2,57.89,1.4,2.2,1.0,1.8,12,1.93,1.47,0
2022-11-06,I1,17:00,Roma,Lazio,A,A,2022/2023,40.0,18,40.0,2,3,31.58,0.2,36.84,1.0,2.4,0.8,2.25,5,1.86,1.47,0
2022-11-13,I1,19:45,Juventus,Lazio,H,H,2022/2023,60.0,10,80.0,9,3,31.58,0.6,47.37,2.8,2.2,0.4,2.46,10,1.89,1.47,1
2023-01-04,I1,15:30,Lecce,Lazio,H,A,2022/2023,60.0,16,40.0,4,2,31.58,1.0,36.84,1.2,1.6,1.0,2.27,8,1.83,1.47,1
2023-01-15,I1,11:30,Sassuolo,Lazio,A,A,2022/2023,40.0,17,60.0,2,3,31.58,1.0,47.37,1.0,1.2,1.6,1.68,12,1.93,1.47,0
2023-02-06,I1,17:30,Verona,Lazio,D,A,2022/2023,40.0,16,20.0,4,2,31.58,1.2,52.63,1.2,1.0,0.8,2.38,9,2.03,1.47,0
2023-02-19,I1,14:00,Salernitana,Lazio,A,D,2022/2023,40.0,10,40.0,2,7,31.58,1.2,63.16,0.4,1.2,2.0,2.08,21,1.9,1.47,0
2023-03-03,I1,19:45,Napoli,Lazio,A,D,2022/2023,20.0,13,80.0,2,2,31.58,0.6,52.63,2.6,1.4,1.0,2.22,5,2.07,1.47,0
2023-03-11,I1,19:45,Bologna,Lazio,D,D,2022/2023,0.0,11,0.0,2,2,31.58,0.2,31.58,0.8,1.2,0.4,3.0,5,2.14,1.47,0
2023-04-02,I1,14:00,Monza,Lazio,A,A,2022/2023,0.0,13,40.0,3,4,31.58,0.2,42.11,1.0,1.2,1.4,2.45,8,2.11,1.47,0
2023-04-14,I1,19:45,Spezia,Lazio,A,A,2022/2023,20.0,12,40.0,2,7,31.58,0.0,52.63,0.6,1.6,1.4,2.25,13,1.98,1.47,1
2023-04-30,I1,11:30,Inter,Lazio,H,A,2022/2023,40.0,13,20.0,9,5,31.58,0.6,47.37,1.0,1.4,0.8,2.24,9,1.82,1.47,1
2023-05-06,I1,14:00,Milan,Lazio,H,H,2022/2023,40.0,10,0.0,3,0,31.58,1.0,52.63,1.2,1.2,0.4,2.33,8,1.94,1.47,0
2023-05-21,I1,19:45,Udinese,Lazio,A,D,2022/2023,40.0,15,40.0,2,4,31.58,1.0,52.63,1.6,1.4,0.8,2.05,14,2.02,1.47,0
2023-06-03,I1,20:00,Empoli,Lazio,A,D,2022/2023,40.0,7,80.0,1,11,31.58,1.0,42.11,1.8,1.4,1.6,1.72,21,1.82,1.47,0
2023-08-20,I1,19:45,Lecce,Lazio,H,A,2023/2024,100.0,12,100.0,7,4,52.63,2.0,36.84,2.0,1.0,1.0,2.38,10,1.83,1.37,1
2023-09-02,I1,19:45,Napoli,Lazio,A,D,2023/2024,100.0,8,50.0,4,2,52.63,1.5,63.16,1.5,1.5,1.0,1.81,6,2.15,1.37,1
2023-09-16,I1,14:00,Juventus,Lazio,H,H,2023/2024,100.0,13,50.0,7,5,52.63,2.0,26.32,2.0,1.33,1.0,2.17,16,1.96,1.37,1
2023-09-30,I1,17:00,Milan,Lazio,H,D,2023/2024,75.0,15,33.33,7,4,52.63,2.0,52.63,2.33,1.0,0.33,2.02,13,1.9,1.37,0
2023-10-21,I1,19:45,Sassuolo,Lazio,A,A,2023/2024,60.0,6,40.0,2,6,52.63,1.6,47.37,1.4,1.2,1.6,1.76,18,1.9,1.37,0
2023-11-03,I1,19:45,Bologna,Lazio,H,D,2023/2024,40.0,12,60.0,2,1,52.63,1.4,36.84,1.6,1.0,0.4,2.56,11,2.0,1.37,0
2023-11-25,I1,14:00,Salernitana,Lazio,H,A,2023/2024,40.0,11,60.0,6,2,52.63,1.6,68.42,1.0,0.8,2.0,2.35,13,2.05,1.37,1
2023-12-09,I1,14:00,Verona,Lazio,D,A,2023/2024,20.0,16,60.0,1,5,52.63,1.2,57.89,1.0,0.8,2.0,2.38,14,2.02,1.37,0
2023-12-22,I1,17:30,Empoli,Lazio,A,A,2023/2024,20.0,6,40.0,7,7,52.63,0.8,31.58,0.8,1.2,2.0,2.22,14,1.99,1.37,0
2024-01-07,I1,14:00,Udinese,Lazio,A,A,2023/2024,40.0,16,80.0,2,2,52.63,1.0,47.37,2.0,1.2,1.6,2.38,7,1.9,1.37,1
2024-02-04,I1,17:00,Atalanta,Lazio,H,H,2023/2024,60.0,13,60.0,5,1,52.63,1.4,68.42,3.0,1.4,0.4,2.33,7,1.79,1.37,1
2024-02-10,I1,14:00,Cagliari,Lazio,A,A,2023/2024,60.0,6,80.0,6,5,52.63,1.2,63.16,1.2,1.8,1.4,2.33,12,1.89,1.37,1
2024-02-22,I1,19:45,Torino,Lazio,A,D,2023/2024,60.0,11,20.0,4,4,52.63,1.0,26.32,1.2,2.0,0.6,2.89,7,1.81,1.37,0
2024-02-26,I1,19:45,Fiorentina,Lazio,H,A,2023/2024,80.0,15,60.0,7,1,52.63,1.4,68.42,2.0,1.8,1.0,2.2,5,1.93,1.37,1
2024-03-16,I1,19:45,Frosinone,Lazio,A,D,2023/2024,80.0,10,80.0,5,7,52.63,1.6,73.68,1.6,2.0,2.2,2.02,22,1.88,1.37,1
2024-04-06,I1,17:00,Roma,Lazio,H,H,2023/2024,60.0,14,60.0,3,1,52.63,1.2,52.63,2.2,1.8,1.2,2.28,11,2.0,1.37,0
2024-04-19,I1,17:30,Genoa,Lazio,A,D,2023/2024,40.0,7,40.0,2,1,52.63,1.0,42.11,1.2,1.4,1.8,2.49,13,2.11,1.37,0
2024-05-04,I1,17:00,Monza,Lazio,D,A,2023/2024,60.0,8,80.0,7,5,52.63,1.4,42.11,1.4,1.4,2.4,1.98,9,1.86,1.37,1
2024-05-19,I1,17:00,Inter,Lazio,D,A,2023/2024,40.0,10,20.0,7,3,52.63,1.2,52.63,1.6,1.4,0.8,1.7,8,2.05,1.37,0
2022-08-20,I1,19:45,Sassuolo,Lecce,H,H,2022/2023,0.0,14,0.0,3,1,26.32,1.0,47.37,1.0,0.0,0.0,1.54,7,1.88,0.79,0
2022-08-31,I1,19:45,Napoli,Lecce,D,D,2022/2023,0.0,1,50.0,7,4,26.32,1.0,52.63,2.5,0.5,0.5,1.59,9,1.94,0.79,0
2022-09-05,I1,19:45,Torino,Lecce,H,H,2022/2023,0.0,16,0.0,4,2,26.32,1.0,21.05,0.5,0.33,0.0,2.12,10,1.94,0.79,0
2022-09-16,I1,19:45,Salernitana,Lecce,A,A,2022/2023,25.0,9,75.0,4,4,26.32,1.0,63.16,1.75,0.75,1.25,2.14,13,1.95,0.79,1
2022-10-09,I1,19:45,Roma,Lecce,H,D,2022/2023,40.0,12,50.0,6,3,26.32,1.2,36.84,1.5,0.8,0.5,1.96,6,2.08,0.79,1
2022-10-23,I1,14:00,Bologna,Lecce,H,H,2022/2023,40.0,11,20.0,3,3,26.32,1.4,31.58,1.2,0.8,0.8,2.29,9,2.05,0.79,0
2022-11-04,I1,19:45,Udinese,Lecce,D,A,2022/2023,40.0,12,80.0,5,1,26.32,1.4,52.63,2.2,0.8,1.2,2.04,9,2.07,0.79,0
2022-11-12,I1,17:00,Sampdoria,Lecce,A,A,2022/2023,40.0,14,40.0,2,3,26.32,1.2,31.58,0.2,1.2,2.0,3.2,11,2.04,0.79,0
2023-01-08,I1,14:00,Spezia,Lecce,D,D,2022/2023,20.0,14,60.0,2,4,26.32,1.0,52.63,1.2,0.8,1.4,2.25,15,2.09,0.79,0
2023-01-21,I1,14:00,Verona,Lecce,H,H,2022/2023,0.0,15,40.0,4,3,26.32,1.0,52.63,1.2,0.6,1.2,2.63,9,1.86,0.79,0
2023-02-04,I1,14:00,Cremonese,Lecce,A,D,2022/2023,0.0,12,40.0,3,4,26.32,0.6,42.11,0.6,1.0,1.6,2.63,9,2.02,0.79,0
2023-02-19,I1,11:30,Atalanta,Lecce,A,A,2022/2023,20.0,10,80.0,10,2,26.32,0.6,57.89,2.8,1.2,1.8,1.86,4,2.05,0.79,1
2023-03-05,I1,17:00,Inter,Lecce,H,H,2022/2023,20.0,10,20.0,4,1,26.32,1.0,47.37,1.4,0.8,0.4,1.83,11,2.04,0.79,0
2023-03-19,I1,14:00,Fiorentina,Lecce,H,H,2022/2023,20.0,14,40.0,3,2,26.32,1.2,47.37,1.0,0.8,1.0,2.31,8,2.09,0.79,0
2023-04-03,I1,17:30,Empoli,Lecce,H,D,2022/2023,20.0,10,40.0,7,0,26.32,1.0,42.11,1.0,0.8,1.4,2.57,5,1.79,0.79,0
2023-04-23,I1,17:00,Milan,Lecce,H,H,2022/2023,20.0,6,0.0,5,4,26.32,1.4,52.63,1.2,0.4,0.2,2.36,9,2.02,0.79,0
2023-05-03,I1,17:00,Juventus,Lecce,H,H,2022/2023,20.0,11,60.0,4,5,26.32,1.6,47.37,2.2,0.2,1.2,2.58,14,1.82,0.79,1
2023-05-12,I1,19:45,Lazio,Lecce,D,D,2022/2023,40.0,11,40.0,6,4,26.32,1.6,52.63,1.4,0.6,0.8,2.35,13,1.96,0.79,1
2023-05-28,I1,14:00,Monza,Lecce,A,D,2022/2023,40.0,11,20.0,1,1,26.32,1.4,42.11,1.2,0.8,1.2,2.47,9,1.79,0.79,0
2023-08-27,I1,17:30,Fiorentina,Lecce,D,H,2023/2024,100.0,13,100.0,4,2,36.84,2.0,68.42,2.0,2.0,2.0,2.05,6,1.78,0.79,1
2023-09-17,I1,14:00,Monza,Lecce,D,D,2023/2024,50.0,17,0.0,6,3,36.84,1.5,42.11,1.5,1.5,0.5,2.24,4,2.09,0.79,0
2023-09-26,I1,19:45,Juventus,Lecce,H,D,2023/2024,33.33,14,33.33,5,0,36.84,1.33,26.32,1.67,1.0,0.67,2.0,2,2.06,0.79,0
2023-10-23,I1,17:30,Udinese,Lecce,D,D,2023/2024,25.0,11,40.0,6,1,36.84,1.25,47.37,0.6,1.0,1.6,2.38,12,2.04,0.79,0
2023-11-05,I1,17:00,Roma,Lecce,H,D,2023/2024,40.0,18,60.0,5,4,36.84,1.4,52.63,2.6,1.0,0.6,2.26,15,1.87,0.79,1
2023-11-27,I1,17:30,Verona,Lecce,D,D,2023/2024,40.0,15,60.0,11,5,36.84,1.4,57.89,0.8,1.0,1.8,2.7,14,2.03,0.79,1
2023-12-11,I1,17:30,Empoli,Lecce,D,D,2023/2024,40.0,14,40.0,6,5,36.84,1.4,31.58,1.0,1.0,1.6,2.32,14,1.74,0.79,0
2023-12-23,I1,17:00,Inter,Lecce,H,H,2023/2024,40.0,8,40.0,8,5,36.84,1.6,52.63,2.2,1.0,0.4,1.94,11,1.93,0.79,0
2023-12-30,I1,11:30,Atalanta,Lecce,H,D,2023/2024,40.0,10,80.0,4,2,36.84,1.6,68.42,2.0,0.8,1.4,1.86,15,1.87,0.79,0
2024-01-14,I1,11:30,Lazio,Lecce,H,D,2023/2024,20.0,14,20.0,2,3,36.84,1.4,26.32,1.0,0.6,0.6,2.29,11,2.02,0.79,0
2024-01-28,I1,11:30,Genoa,Lecce,H,A,2023/2024,20.0,12,20.0,7,5,36.84,1.4,42.11,1.0,0.4,0.8,2.84,19,1.82,0.79,1
2024-02-11,I1,14:00,Bologna,Lecce,H,H,2023/2024,40.0,10,40.0,6,3,36.84,2.0,36.84,2.4,0.2,0.6,2.29,14,1.97,0.79,1
2024-02-16,I1,18:00,Torino,Lecce,H,D,2023/2024,40.0,16,20.0,4,4,36.84,2.0,26.32,1.4,0.2,0.2,2.61,8,2.1,0.79,0
2024-03-03,I1,14:00,Frosinone,Lecce,D,H,2023/2024,40.0,11,80.0,7,4,36.84,2.0,73.68,1.6,0.4,2.2,2.0,11,1.9,0.79,0
2024-03-16,I1,17:00,Salernitana,Lecce,A,A,2023/2024,40.0,9,60.0,6,4,36.84,1.8,68.42,0.6,0.6,2.0,2.2,17,1.81,0.79,0
2024-04-06,I1,14:00,Milan,Lecce,H,H,2023/2024,40.0,8,40.0,8,7,36.84,2.0,52.63,1.6,0.4,0.6,1.75,12,2.06,0.79,1
2024-04-21,I1,11:30,Sassuolo,Lecce,A,A,2023/2024,40.0,10,60.0,3,8,36.84,1.2,47.37,1.2,1.0,2.6,2.13,14,1.89,0.79,1
2024-05-05,I1,11:30,Cagliari,Lecce,D,H,2023/2024,40.0,9,60.0,3,3,36.84,1.0,63.16,2.0,1.2,1.4,2.43,16,2.03,0.79,0
2024-05-26,I1,17:00,Napoli,Lecce,D,D,2023/2024,40.0,10,60.0,5,0,36.84,0.8,63.16,0.8,1.0,1.8,1.55,10,1.94,0.79,0
2022-08-21,I1,19:45,Atalanta,Milan,D,H,2022/2023,0.0,15,0.0,2,7,52.63,1.0,57.89,1.0,1.0,1.0,1.79,18,2.17,1.21,0
2022-08-30,I1,17:30,Sassuolo,Milan,D,D,2022/2023,0.0,14,0.0,3,2,52.63,0.5,47.37,0.5,0.5,0.0,1.59,10,2.01,1.21,0
2022-09-10,I1,19:45,Sampdoria,Milan,A,A,2022/2023,33.33,12,25.0,4,4,52.63,0.67,31.58,0.5,1.0,1.25,1.95,15,1.88,1.21,1
2022-10-01,I1,19:45,Empoli,Milan,A,D,2022/2023,50.0,15,50.0,4,6,52.63,0.75,42.11,0.75,1.5,1.5,1.84,19,2.07,1.21,1
2022-10-16,I1,19:45,Verona,Milan,A,D,2022/2023,60.0,7,80.0,5,6,52.63,0.8,52.63,1.2,1.6,2.2,1.78,16,1.98,1.21,1
2022-10-30,I1,19:45,Torino,Milan,H,H,2022/2023,80.0,11,20.0,4,1,52.63,1.0,21.05,0.8,1.6,0.8,2.25,12,1.85,1.21,1
2022-11-08,I1,19:45,Cremonese,Milan,D,D,2022/2023,80.0,16,40.0,1,5,52.63,1.0,42.11,0.2,1.6,1.8,1.95,16,1.99,1.21,0
2023-01-04,I1,11:30,Salernitana,Milan,A,A,2022/2023,80.0,21,80.0,1,10,52.63,1.0,63.16,1.4,1.6,1.4,1.74,16,2.12,1.21,1
2023-01-14,I1,17:00,Lecce,Milan,D,H,2022/2023,80.0,11,60.0,3,5,52.63,1.2,36.84,1.4,1.4,1.2,2.13,12,1.83,1.21,1
2023-01-24,I1,19:45,Lazio,Milan,H,H,2022/2023,80.0,14,60.0,5,3,52.63,1.8,52.63,1.6,1.0,1.0,2.09,10,1.96,1.21,1
2023-02-05,I1,19:45,Inter,Milan,H,H,2022/2023,60.0,13,20.0,4,0,52.63,1.6,47.37,1.8,0.8,0.4,2.32,4,1.92,1.21,0
2023-02-18,I1,17:00,Monza,Milan,A,A,2022/2023,60.0,10,60.0,5,8,52.63,1.6,42.11,1.6,1.0,1.2,2.16,14,1.82,1.21,0
2023-03-04,I1,19:45,Fiorentina,Milan,H,D,2022/2023,60.0,12,60.0,8,6,52.63,1.8,47.37,1.2,0.8,1.2,2.28,8,1.85,1.21,1
2023-03-18,I1,19:45,Udinese,Milan,H,H,2022/2023,60.0,16,80.0,5,6,52.63,2.0,52.63,1.8,0.6,1.6,2.2,10,1.87,1.21,1
2023-04-02,I1,19:45,Napoli,Milan,A,A,2022/2023,60.0,11,60.0,4,8,52.63,1.2,52.63,1.4,1.4,1.2,2.25,14,1.88,1.21,1
2023-04-15,I1,14:00,Bologna,Milan,D,D,2022/2023,60.0,12,20.0,2,5,52.63,1.2,31.58,1.0,1.6,0.4,2.67,19,2.12,1.21,0
2023-04-29,I1,17:00,Roma,Milan,D,D,2022/2023,60.0,9,60.0,1,1,52.63,1.4,36.84,2.2,1.6,1.0,2.8,11,1.97,1.21,0
2023-05-13,I1,17:00,Spezia,Milan,H,D,2022/2023,40.0,15,40.0,4,3,52.63,1.4,52.63,1.0,1.4,1.4,2.19,14,1.94,1.21,0
2023-05-28,I1,19:45,Juventus,Milan,A,A,2022/2023,20.0,12,20.0,3,3,52.63,0.8,47.37,1.0,1.4,0.6,2.18,9,1.84,1.21,0
2023-08-21,I1,19:45,Bologna,Milan,A,A,2023/2024,0.0,10,0.0,5,6,78.95,0.0,36.84,0.0,2.0,2.0,2.13,10,2.01,2.0,0
2023-09-01,I1,19:45,Roma,Milan,A,A,2023/2024,50.0,14,100.0,2,4,78.95,0.5,52.63,1.5,2.0,2.0,2.58,9,1.92,2.0,1
2023-09-16,I1,17:00,Inter,Milan,H,H,2023/2024,66.67,16,66.67,7,2,78.95,2.0,52.63,3.67,1.67,0.33,1.93,9,2.06,2.0,1
2023-09-27,I1,17:30,Cagliari,Milan,A,A,2023/2024,75.0,13,33.33,6,6,78.95,1.75,63.16,0.33,2.0,1.67,2.37,17,1.88,2.0,1
2023-10-07,I1,19:45,Genoa,Milan,A,D,2023/2024,60.0,10,75.0,1,3,78.95,1.4,42.11,1.75,1.8,2.0,2.35,12,1.95,2.0,0
2023-10-29,I1,19:45,Napoli,Milan,D,A,2023/2024,80.0,14,80.0,4,6,78.95,1.8,63.16,2.0,1.8,1.6,2.04,20,1.93,2.0,1
2023-11-11,I1,14:00,Lecce,Milan,D,A,2023/2024,80.0,12,40.0,5,6,78.95,2.0,36.84,0.8,1.8,1.6,2.27,10,1.97,2.0,1
2023-12-09,I1,17:00,Atalanta,Milan,H,D,2023/2024,80.0,11,60.0,7,4,78.95,1.6,68.42,1.4,2.0,1.2,2.13,14,2.06,2.0,1
2023-12-22,I1,19:45,Salernitana,Milan,D,D,2023/2024,80.0,16,80.0,7,9,78.95,1.8,68.42,1.4,1.8,1.8,1.72,21,1.96,2.0,1
2024-01-07,I1,11:30,Empoli,Milan,A,A,2023/2024,100.0,9,60.0,2,6,78.95,1.8,31.58,0.8,2.2,2.6,1.84,13,1.83,2.0,1
2024-01-20,I1,19:45,Udinese,Milan,A,D,2023/2024,100.0,12,100.0,6,7,78.95,1.8,47.37,2.2,2.4,2.0,1.95,15,1.91,2.0,1
2024-02-03,I1,17:00,Frosinone,Milan,A,D,2023/2024,100.0,10,80.0,4,5,78.95,1.8,73.68,1.6,2.6,1.8,1.72,13,1.83,2.0,1
2024-02-18,I1,19:45,Monza,Milan,H,H,2023/2024,100.0,11,40.0,6,6,78.95,2.0,42.11,1.2,2.6,1.6,2.06,16,2.05,2.0,1
2024-03-01,I1,19:45,Lazio,Milan,A,D,2023/2024,80.0,17,40.0,3,5,78.95,1.6,26.32,1.0,2.4,0.8,2.18,14,1.89,2.0,0
2024-03-17,I1,14:00,Verona,Milan,A,A,2023/2024,80.0,9,60.0,4,6,78.95,1.8,57.89,1.4,2.4,1.4,2.02,18,1.95,2.0,1
2024-03-30,I1,19:45,Fiorentina,Milan,A,D,2023/2024,80.0,8,80.0,7,10,78.95,1.6,68.42,2.0,2.2,1.4,1.96,14,1.85,2.0,1
2024-04-14,I1,14:00,Sassuolo,Milan,D,H,2023/2024,80.0,12,60.0,5,7,78.95,1.8,47.37,1.6,2.2,2.6,1.7,23,2.03,2.0,1
2024-04-27,I1,17:00,Juventus,Milan,D,D,2023/2024,60.0,10,40.0,7,0,78.95,1.0,26.32,1.2,1.8,0.8,2.05,9,2.11,2.0,0
2024-05-18,I1,19:45,Torino,Milan,H,H,2023/2024,80.0,15,20.0,5,4,78.95,1.6,26.32,0.8,1.8,0.2,2.27,16,1.88,2.0,1
2022-08-21,I1,17:30,Napoli,Monza,H,H,2022/2023,100.0,11,100.0,5,1,47.37,4.0,52.63,4.0,0.0,0.0,1.48,4,1.95,1.21,1
2022-08-30,I1,19:45,Roma,Monza,H,H,2022/2023,100.0,10,50.0,7,1,47.37,3.5,36.84,2.0,0.0,0.0,1.6,13,2.05,1.21,1
2022-09-11,I1,14:00,Lecce,Monza,D,A,2022/2023,66.67,18,33.33,3,1,47.37,2.67,36.84,1.0,0.33,1.33,2.13,2,1.9,1.21,0
2022-10-02,I1,14:00,Sampdoria,Monza,A,A,2022/2023,75.0,16,40.0,1,6,47.37,2.0,31.58,0.4,1.0,1.6,2.07,13,1.88,1.21,1
2022-10-15,I1,14:00,Empoli,Monza,H,H,2022/2023,60.0,17,40.0,5,4,47.37,1.8,42.11,0.8,0.8,1.2,1.99,16,2.08,1.21,0
2022-10-22,I1,17:00,Milan,Monza,H,H,2022/2023,60.0,18,60.0,7,6,47.37,1.8,52.63,2.4,1.0,1.0,1.79,16,1.99,1.21,1
2022-11-10,I1,19:45,Lazio,Monza,H,D,2022/2023,40.0,15,40.0,4,0,47.37,1.4,52.63,1.6,1.0,0.6,2.04,8,1.85,1.21,0
2023-01-04,I1,17:30,Fiorentina,Monza,D,H,2022/2023,40.0,11,60.0,6,3,47.37,1.4,47.37,1.6,1.0,2.0,2.12,10,1.99,1.21,0
2023-01-14,I1,14:00,Cremonese,Monza,A,A,2022/2023,40.0,12,20.0,7,3,47.37,1.8,42.11,0.4,1.0,1.0,2.24,8,1.86,1.21,1
2023-01-29,I1,14:00,Juventus,Monza,A,A,2022/2023,40.0,12,40.0,8,3,47.37,1.6,47.37,1.8,1.4,1.0,2.04,3,1.97,1.21,0
2023-02-12,I1,14:00,Bologna,Monza,A,A,2022/2023,20.0,15,40.0,3,4,47.37,0.8,31.58,1.4,1.4,0.8,2.31,5,1.99,1.21,0
2023-02-26,I1,14:00,Salernitana,Monza,H,D,2022/2023,40.0,12,40.0,5,3,47.37,1.2,63.16,0.8,1.4,1.6,2.16,14,1.82,1.21,1
2023-03-12,I1,14:00,Verona,Monza,D,D,2022/2023,40.0,17,20.0,3,3,47.37,1.2,52.63,1.0,1.4,1.0,2.47,9,1.75,1.21,0
2023-04-08,I1,11:30,Udinese,Monza,D,H,2022/2023,40.0,12,80.0,5,5,47.37,1.2,52.63,2.0,1.2,1.6,2.2,12,1.82,1.21,1
2023-04-15,I1,19:45,Inter,Monza,A,D,2022/2023,40.0,13,20.0,6,2,47.37,1.2,47.37,1.0,1.0,0.8,1.94,7,1.87,1.21,0
2023-04-28,I1,19:45,Spezia,Monza,A,A,2022/2023,40.0,10,40.0,4,4,47.37,1.2,52.63,0.6,1.2,1.4,2.28,8,1.9,1.21,0
2023-05-07,I1,14:00,Torino,Monza,D,D,2022/2023,20.0,16,40.0,5,8,47.37,0.8,21.05,0.6,1.4,1.8,2.45,10,1.93,1.21,0
2023-05-19,I1,19:45,Sassuolo,Monza,A,H,2022/2023,40.0,10,40.0,4,5,47.37,0.8,47.37,1.2,1.6,1.0,1.76,16,2.0,1.21,1
2023-06-04,I1,20:00,Atalanta,Monza,H,H,2022/2023,40.0,13,80.0,10,4,47.37,1.4,57.89,2.8,1.6,1.6,1.56,8,1.91,1.21,1
2023-08-19,I1,19:45,Inter,Monza,H,H,2023/2024,0.0,8,0.0,3,2,36.84,2.0,52.63,2.0,0.0,0.0,1.63,12,2.07,0.84,0
2023-09-02,I1,19:45,Atalanta,Monza,H,H,2023/2024,50.0,11,100.0,8,2,36.84,2.5,68.42,3.0,0.0,0.0,1.71,8,1.82,0.84,1
2023-09-23,I1,19:45,Lazio,Monza,D,D,2023/2024,33.33,13,0.0,1,4,36.84,2.0,26.32,0.5,0.33,1.0,1.81,16,1.88,0.84,0
2023-10-02,I1,17:30,Sassuolo,Monza,A,D,2023/2024,25.0,8,50.0,7,4,36.84,1.5,47.37,1.75,0.5,1.5,1.68,13,1.93,0.84,0
2023-10-22,I1,11:30,Roma,Monza,H,D,2023/2024,20.0,11,60.0,4,4,36.84,1.4,52.63,2.6,0.4,0.8,2.0,11,1.95,0.84,0
2023-11-05,I1,11:30,Verona,Monza,A,A,2023/2024,40.0,6,60.0,5,6,36.84,1.2,57.89,0.8,1.0,1.6,2.35,12,2.05,0.84,1
2023-11-26,I1,11:30,Cagliari,Monza,D,H,2023/2024,20.0,10,80.0,6,4,36.84,0.8,63.16,1.8,1.2,2.4,2.05,12,1.86,0.84,0
2023-12-17,I1,11:30,Milan,Monza,H,H,2023/2024,40.0,8,40.0,9,4,36.84,1.2,52.63,1.4,1.0,0.6,1.82,21,1.82,0.84,1
2023-12-29,I1,17:30,Napoli,Monza,D,D,2023/2024,40.0,10,60.0,9,3,36.84,1.2,63.16,0.8,0.8,1.4,1.76,8,1.85,0.84,0
2024-01-06,I1,14:00,Frosinone,Monza,A,A,2023/2024,60.0,11,80.0,5,2,36.84,1.4,73.68,1.4,1.4,1.4,1.97,7,1.96,0.84,1
2024-01-21,I1,14:00,Empoli,Monza,H,H,2023/2024,60.0,15,60.0,5,5,36.84,1.8,31.58,1.4,0.8,2.0,2.16,15,1.85,0.84,1
2024-02-03,I1,14:00,Udinese,Monza,D,D,2023/2024,60.0,12,80.0,6,2,36.84,1.6,47.37,1.6,0.6,1.4,2.29,3,1.93,0.84,0
2024-02-24,I1,17:00,Salernitana,Monza,A,D,2023/2024,40.0,6,80.0,3,7,36.84,1.0,68.42,0.8,1.0,2.2,2.2,17,1.81,0.84,0
2024-03-09,I1,19:45,Genoa,Monza,A,A,2023/2024,60.0,11,60.0,6,5,36.84,1.4,42.11,1.4,1.6,1.6,2.47,9,2.07,0.84,1
2024-03-30,I1,14:00,Torino,Monza,H,D,2023/2024,40.0,9,0.0,6,2,36.84,1.2,26.32,0.6,1.0,0.4,2.42,9,2.06,0.84,0
2024-04-13,I1,19:45,Bologna,Monza,D,D,2023/2024,20.0,13,20.0,7,0,36.84,0.6,36.84,1.4,1.0,0.2,2.14,4,1.93,0.84,0
2024-04-27,I1,14:00,Lecce,Monza,D,D,2023/2024,20.0,13,20.0,4,1,36.84,0.8,36.84,0.4,1.2,1.2,2.33,9,1.85,0.84,0
2024-05-13,I1,19:45,Fiorentina,Monza,H,D,2023/2024,40.0,9,80.0,8,2,36.84,1.2,68.42,2.2,1.0,1.4,1.7,5,1.91,0.84,1
2024-05-25,I1,17:00,Juventus,Monza,H,H,2023/2024,20.0,15,0.0,4,4,36.84,1.2,26.32,0.8,0.4,0.2,1.63,12,1.92,0.84,0
2024-08-17,I1,19:45,Empoli,Monza,D,D,2024/2025,0.0,16,0.0,1,1,0.0,0.0,0.0,0.0,0.0,0.0,2.35,4,1.79,0.0,0
2022-08-15,I1,17:30,Verona,Napoli,A,A,2022/2023,100.0,15,100.0,3,8,47.37,2.0,52.63,2.0,5.0,5.0,1.79,25,1.81,1.95,1
2022-08-28,I1,19:45,Fiorentina,Napoli,D,D,2022/2023,50.0,12,50.0,5,2,47.37,1.0,47.37,1.5,2.5,1.0,1.79,13,1.88,1.95,0
2022-09-03,I1,19:45,Lazio,Napoli,A,D,2022/2023,66.67,12,100.0,2,7,47.37,1.0,52.63,2.0,2.33,1.33,1.78,19,2.09,1.95,1
2022-09-18,I1,19:45,Milan,Napoli,A,D,2022/2023,75.0,18,75.0,5,4,47.37,1.0,52.63,2.5,2.25,1.5,2.1,9,2.05,1.95,1
2022-10-09,I1,17:00,Cremonese,Napoli,A,A,2022/2023,80.0,18,75.0,1,10,47.37,1.0,42.11,0.5,2.6,2.5,1.64,21,2.05,1.95,1
2022-10-23,I1,19:45,Roma,Napoli,A,D,2022/2023,60.0,14,40.0,0,5,47.37,0.6,36.84,1.2,1.8,0.6,1.94,12,2.13,1.95,0
2022-11-05,I1,17:00,Atalanta,Napoli,A,A,2022/2023,80.0,10,40.0,4,5,47.37,0.8,57.89,1.0,2.2,1.2,1.78,7,1.84,1.95,1
2023-01-04,I1,19:45,Inter,Napoli,H,D,2022/2023,60.0,12,60.0,1,2,47.37,0.8,47.37,2.6,1.8,0.6,1.8,9,1.89,1.95,0
2023-01-08,I1,17:00,Sampdoria,Napoli,A,A,2022/2023,40.0,15,20.0,2,8,47.37,0.6,31.58,0.0,1.8,2.0,1.81,24,1.9,1.95,0
2023-01-21,I1,17:00,Salernitana,Napoli,A,A,2022/2023,20.0,14,40.0,2,4,47.37,0.4,63.16,1.0,1.4,1.4,1.58,9,1.93,1.95,0
2023-02-05,I1,11:30,Spezia,Napoli,A,D,2022/2023,40.0,19,40.0,3,5,47.37,0.4,52.63,0.6,1.8,1.6,1.76,12,2.06,1.95,1
2023-02-17,I1,19:45,Sassuolo,Napoli,A,A,2022/2023,20.0,12,20.0,2,4,47.37,0.2,47.37,0.6,1.8,1.4,1.78,15,2.08,1.95,0
2023-02-25,I1,17:00,Empoli,Napoli,A,A,2022/2023,20.0,10,40.0,2,6,47.37,0.0,42.11,1.4,2.2,1.2,1.74,19,2.04,1.95,0
2023-03-19,I1,14:00,Torino,Napoli,A,A,2022/2023,40.0,14,40.0,2,6,47.37,0.0,21.05,0.8,2.6,1.4,2.55,12,2.06,1.95,1
2023-04-07,I1,18:00,Lecce,Napoli,A,A,2022/2023,60.0,12,40.0,3,3,47.37,0.2,36.84,0.6,2.6,1.6,2.53,9,1.9,1.95,1
2023-04-23,I1,19:45,Juventus,Napoli,A,D,2022/2023,40.0,15,40.0,4,6,47.37,0.2,47.37,2.0,2.2,1.0,2.52,17,1.87,1.95,0
2023-05-04,I1,19:45,Udinese,Napoli,D,H,2022/2023,40.0,15,80.0,3,4,47.37,0.4,52.63,2.2,2.0,1.2,2.05,7,1.99,1.95,0
2023-05-14,I1,14:00,Monza,Napoli,H,H,2022/2023,40.0,11,20.0,4,7,47.37,0.8,42.11,1.4,1.6,1.2,1.99,20,1.97,1.95,0
2023-05-28,I1,14:00,Bologna,Napoli,D,A,2022/2023,40.0,17,40.0,6,8,47.37,1.2,31.58,1.4,1.2,0.8,1.97,11,1.88,1.95,1
2023-08-19,I1,17:30,Frosinone,Napoli,A,A,2023/2024,100.0,14,100.0,1,8,47.37,1.0,73.68,1.0,3.0,3.0,1.83,19,2.09,1.63,1
2023-09-16,I1,19:45,Genoa,Napoli,D,H,2023/2024,100.0,14,100.0,3,4,47.37,1.5,42.11,1.5,2.5,3.0,2.06,12,1.85,1.63,1
2023-09-24,I1,17:00,Bologna,Napoli,D,D,2023/2024,66.67,16,33.33,2,4,47.37,1.0,36.84,0.67,1.67,1.0,1.89,12,2.06,1.63,0
2023-09-30,I1,14:00,Lecce,Napoli,A,A,2023/2024,75.0,11,50.0,4,6,47.37,0.75,36.84,1.25,2.25,1.25,2.09,15,1.98,1.63,1
2023-10-21,I1,14:00,Verona,Napoli,A,A,2023/2024,80.0,12,50.0,9,10,47.37,0.8,57.89,0.75,2.4,1.25,1.9,22,1.85,1.63,1
2023-11-04,I1,14:00,Salernitana,Napoli,A,A,2023/2024,60.0,15,60.0,3,8,47.37,0.6,68.42,0.6,2.2,2.4,1.62,21,1.97,1.63,0
2023-11-25,I1,17:00,Atalanta,Napoli,A,A,2023/2024,60.0,15,40.0,5,4,47.37,0.4,68.42,1.2,2.2,0.8,1.86,11,1.93,1.63,1
2023-12-08,I1,19:45,Juventus,Napoli,H,D,2023/2024,60.0,11,20.0,2,1,47.37,0.6,26.32,1.4,2.2,0.4,2.23,13,1.93,1.63,0
2023-12-23,I1,19:45,Roma,Napoli,H,D,2023/2024,40.0,19,40.0,4,2,47.37,1.0,52.63,1.8,1.4,0.6,2.3,7,1.79,1.63,0
2024-01-07,I1,14:00,Torino,Napoli,H,H,2023/2024,40.0,7,60.0,6,3,47.37,1.4,26.32,2.0,0.8,0.4,2.43,10,1.83,1.63,1
2024-01-28,I1,17:00,Lazio,Napoli,D,D,2023/2024,40.0,11,20.0,1,0,47.37,1.4,26.32,1.0,0.4,0.6,2.64,5,1.94,1.63,0
2024-02-11,I1,19:45,Milan,Napoli,H,H,2023/2024,20.0,9,60.0,6,2,47.37,1.4,52.63,2.0,0.0,0.6,2.1,12,1.94,1.63,0
2024-02-25,I1,14:00,Cagliari,Napoli,D,D,2023/2024,20.0,12,60.0,3,4,47.37,1.4,63.16,1.0,0.2,1.4,1.85,9,1.88,1.63,0
2024-02-28,I1,17:00,Sassuolo,Napoli,A,A,2023/2024,40.0,3,60.0,2,9,47.37,1.2,47.37,1.2,1.4,2.4,1.75,27,2.04,1.63,1
2024-03-17,I1,19:45,Inter,Napoli,D,H,2023/2024,20.0,19,60.0,6,3,47.37,0.8,52.63,2.4,1.6,0.4,1.79,11,1.93,1.63,0
2024-04-07,I1,14:00,Monza,Napoli,A,H,2023/2024,40.0,10,60.0,2,8,47.37,1.2,42.11,1.6,2.4,2.0,1.87,19,1.87,1.63,1
2024-04-20,I1,17:00,Empoli,Napoli,H,H,2023/2024,40.0,14,20.0,1,1,47.37,1.2,31.58,1.0,2.4,1.0,1.85,9,1.88,1.63,0
2024-05-06,I1,19:45,Udinese,Napoli,D,D,2023/2024,40.0,13,40.0,2,4,47.37,1.2,47.37,0.8,2.4,1.6,1.86,12,2.01,1.63,0
2024-05-17,I1,19:45,Fiorentina,Napoli,D,H,2023/2024,40.0,16,80.0,5,3,47.37,1.4,68.42,2.2,1.6,1.4,1.84,15,1.9,1.63,1
2024-08-18,I1,17:30,Verona,Napoli,H,D,2024/2025,100.0,15,100.0,5,5,100.0,3.0,100.0,3.0,0.0,0.0,1.95,15,2.02,0.0,1
2022-08-14,I1,19:45,Salernitana,Roma,A,A,2022/2023,0.0,18,0.0,2,5,47.37,0.0,63.16,0.0,1.0,1.0,1.81,20,1.83,1.16,0
2022-08-27,I1,17:30,Juventus,Roma,D,H,2022/2023,0.0,16,50.0,3,4,47.37,0.5,47.37,2.0,1.0,0.5,2.32,8,1.83,1.16,0
2022-09-04,I1,19:45,Udinese,Roma,H,H,2022/2023,33.33,16,33.33,5,2,47.37,1.67,52.63,1.67,0.67,0.0,2.07,12,1.96,1.16,1
2022-09-12,I1,19:45,Empoli,Roma,A,D,2022/2023,50.0,13,33.33,3,7,47.37,1.5,42.11,0.67,1.0,1.0,1.98,13,1.99,1.16,1
2022-10-01,I1,17:00,Inter,Roma,A,D,2022/2023,60.0,15,75.0,2,3,47.37,1.4,47.37,2.0,1.2,0.75,1.97,10,1.84,1.16,1
2022-10-17,I1,17:30,Sampdoria,Roma,A,A,2022/2023,60.0,20,40.0,1,4,47.37,1.4,31.58,0.4,1.2,1.4,2.04,7,1.97,1.16,0
2022-10-31,I1,17:30,Verona,Roma,A,D,2022/2023,80.0,9,80.0,3,6,47.37,1.4,52.63,1.0,1.6,1.8,2.07,14,1.9,1.16,1
2022-11-09,I1,17:30,Sassuolo,Roma,D,D,2022/2023,60.0,11,80.0,6,4,47.37,0.8,47.37,2.0,1.8,1.4,1.92,10,1.83,1.16,0
2023-01-08,I1,19:45,Milan,Roma,D,H,2022/2023,60.0,19,80.0,5,3,47.37,1.0,52.63,2.4,1.8,1.0,1.98,12,2.04,1.16,1
2023-01-22,I1,17:00,Spezia,Roma,A,A,2022/2023,40.0,17,40.0,0,3,47.37,0.8,52.63,0.8,1.8,1.4,2.31,13,1.85,1.16,0
2023-01-29,I1,19:45,Napoli,Roma,H,H,2022/2023,60.0,8,80.0,6,3,47.37,1.2,52.63,3.2,1.8,0.8,2.2,11,1.92,1.16,1
2023-02-11,I1,17:00,Lecce,Roma,D,D,2022/2023,40.0,24,80.0,3,5,47.37,1.2,36.84,1.6,1.4,1.4,2.69,12,2.0,1.16,0
2023-02-28,I1,17:30,Cremonese,Roma,H,H,2022/2023,60.0,17,60.0,2,3,47.37,1.4,42.11,1.0,1.4,1.8,2.51,10,2.08,1.16,1
2023-03-19,I1,17:00,Lazio,Roma,H,D,2022/2023,40.0,18,20.0,5,3,47.37,1.2,52.63,1.4,1.0,0.6,3.2,8,1.9,1.16,0
2023-04-08,I1,17:30,Torino,Roma,A,A,2022/2023,40.0,10,40.0,1,1,47.37,1.2,21.05,0.8,0.8,1.4,3.06,9,2.04,1.16,0
2023-04-24,I1,19:45,Atalanta,Roma,H,H,2022/2023,40.0,15,60.0,4,1,47.37,1.4,57.89,1.2,0.8,1.2,2.38,14,1.88,1.16,1
2023-05-03,I1,20:00,Monza,Roma,D,D,2022/2023,40.0,13,40.0,4,8,47.37,1.4,42.11,1.4,0.8,1.4,2.58,14,1.88,1.16,0
2023-05-14,I1,17:00,Bologna,Roma,D,D,2022/2023,20.0,12,20.0,3,2,47.37,1.0,31.58,1.0,0.6,0.4,2.54,7,2.13,1.16,0
2023-05-27,I1,17:00,Fiorentina,Roma,H,A,2022/2023,40.0,11,40.0,5,4,47.37,1.2,47.37,2.2,0.8,0.6,2.36,8,2.14,1.16,1
2023-08-26,I1,19:45,Verona,Roma,H,H,2023/2024,100.0,17,100.0,3,7,68.42,2.0,57.89,2.0,1.0,1.0,2.63,23,1.87,1.42,1
2023-09-24,I1,19:45,Torino,Roma,D,D,2023/2024,50.0,4,0.0,4,3,68.42,1.5,26.32,0.67,1.0,0.33,2.74,11,2.21,1.42,0
2023-09-28,I1,19:45,Genoa,Roma,H,H,2023/2024,66.67,7,100.0,4,3,68.42,2.33,42.11,2.33,1.0,2.33,2.53,13,1.83,1.42,1
2023-10-08,I1,17:00,Cagliari,Roma,A,A,2023/2024,75.0,15,50.0,2,5,68.42,2.0,63.16,0.5,1.75,2.25,2.33,11,1.85,1.42,1
2023-10-29,I1,17:00,Inter,Roma,H,D,2023/2024,60.0,14,80.0,3,1,68.42,1.8,52.63,2.6,1.4,1.0,2.01,3,2.1,1.42,0
2023-11-12,I1,17:00,Lazio,Roma,D,D,2023/2024,40.0,12,20.0,2,1,68.42,1.4,26.32,1.4,1.2,0.6,2.76,8,1.82,1.42,0
2023-12-03,I1,17:00,Sassuolo,Roma,A,H,2023/2024,60.0,10,40.0,2,7,68.42,1.4,47.37,0.8,1.4,1.6,2.0,15,1.96,1.42,1
2023-12-17,I1,17:00,Bologna,Roma,H,H,2023/2024,40.0,16,40.0,2,3,68.42,1.0,36.84,2.0,1.2,0.2,3.08,8,1.84,1.42,0
2023-12-30,I1,19:45,Juventus,Roma,H,D,2023/2024,20.0,15,20.0,4,2,68.42,1.0,26.32,1.2,0.4,0.4,2.98,11,2.13,1.42,0
2024-01-14,I1,19:45,Milan,Roma,H,H,2023/2024,40.0,12,60.0,5,5,68.42,1.4,52.63,2.2,0.6,0.4,2.35,12,2.04,1.42,1
2024-01-29,I1,19:45,Salernitana,Roma,A,D,2023/2024,60.0,12,100.0,7,2,68.42,1.6,68.42,1.2,1.0,2.0,2.11,5,1.83,1.42,1
2024-02-18,I1,17:00,Frosinone,Roma,A,A,2023/2024,60.0,10,100.0,7,5,68.42,1.4,73.68,1.6,1.2,2.4,1.8,13,1.94,1.42,1
2024-03-02,I1,17:00,Monza,Roma,A,A,2023/2024,80.0,11,60.0,5,6,68.42,1.2,42.11,1.4,2.0,2.2,2.06,12,2.08,1.42,1
2024-03-10,I1,19:45,Fiorentina,Roma,D,H,2023/2024,100.0,10,80.0,5,5,68.42,1.4,68.42,2.2,2.4,1.4,2.21,10,1.99,1.42,1
2024-04-01,I1,17:00,Lecce,Roma,D,D,2023/2024,80.0,9,60.0,6,3,68.42,0.8,36.84,0.6,2.2,2.0,2.56,10,1.93,1.42,0
2024-04-25,I1,19:00,Udinese,Roma,A,H,2023/2024,80.0,15,40.0,3,5,68.42,0.8,47.37,0.8,2.2,1.6,2.02,19,1.97,1.42,1
2024-04-28,I1,17:00,Napoli,Roma,D,D,2023/2024,80.0,11,80.0,9,4,68.42,1.2,63.16,1.4,2.0,1.8,1.9,10,1.9,1.42,1
2024-05-12,I1,19:45,Atalanta,Roma,H,H,2023/2024,80.0,11,80.0,7,6,68.42,1.4,68.42,2.0,1.4,1.0,1.74,9,1.88,1.42,1
2024-05-26,I1,19:45,Empoli,Roma,H,D,2023/2024,80.0,18,40.0,7,3,68.42,1.4,31.58,1.2,1.2,0.8,1.86,15,1.88,1.42,1
2024-08-18,I1,19:45,Cagliari,Roma,D,D,2024/2025,0.0,15,0.0,2,3,0.0,0.0,0.0,0.0,0.0,0.0,1.93,13,1.99,0.0,0
2022-08-20,I1,17:30,Udinese,Salernitana,D,D,2022/2023,0.0,9,0.0,2,6,47.37,0.0,52.63,0.0,0.0,0.0,1.76,17,1.93,0.95,0
2022-09-01,I1,19:45,Bologna,Salernitana,D,D,2022/2023,0.0,10,0.0,4,4,47.37,0.5,31.58,1.0,0.5,1.0,1.97,20,2.01,0.95,0
2022-09-11,I1,19:45,Juventus,Salernitana,D,A,2022/2023,33.33,13,50.0,7,5,47.37,1.0,47.37,2.0,1.0,0.75,1.96,11,1.94,0.95,1
2022-10-02,I1,14:00,Sassuolo,Salernitana,H,H,2022/2023,50.0,10,50.0,11,1,47.37,2.0,47.37,1.75,0.75,0.75,1.77,6,1.81,0.95,1
2022-10-16,I1,11:30,Inter,Salernitana,H,H,2022/2023,40.0,12,60.0,6,3,47.37,2.0,47.37,2.0,0.6,0.6,1.41,8,2.06,0.95,0
2022-10-30,I1,17:00,Lazio,Salernitana,A,H,2022/2023,60.0,10,60.0,4,6,47.37,2.2,52.63,1.6,1.2,1.0,1.79,10,2.13,0.95,1
2022-11-09,I1,19:45,Fiorentina,Salernitana,H,H,2022/2023,80.0,10,60.0,7,1,47.37,2.4,47.37,1.6,1.2,2.0,1.81,4,1.97,0.95,1
2022-11-13,I1,14:00,Monza,Salernitana,H,H,2022/2023,80.0,9,40.0,7,0,47.37,2.6,42.11,1.8,0.8,0.4,2.11,5,2.1,0.95,1
2023-01-15,I1,17:00,Atalanta,Salernitana,H,H,2022/2023,80.0,10,80.0,13,2,47.37,3.2,57.89,2.6,1.2,2.0,1.62,7,2.07,0.95,1
2023-01-27,I1,19:45,Lecce,Salernitana,A,A,2022/2023,100.0,14,80.0,5,6,47.37,3.0,36.84,1.4,1.6,1.4,2.2,10,2.09,0.95,1
2023-02-13,I1,17:30,Verona,Salernitana,H,H,2022/2023,80.0,14,20.0,4,3,47.37,3.0,52.63,1.4,1.0,0.6,2.06,8,2.06,0.95,0
2023-03-05,I1,14:00,Sampdoria,Salernitana,D,D,2022/2023,60.0,18,20.0,3,4,47.37,2.6,31.58,0.2,0.8,1.0,2.38,10,1.89,0.95,0
2023-03-13,I1,19:45,Milan,Salernitana,D,H,2022/2023,40.0,15,40.0,4,3,47.37,2.2,52.63,1.6,1.0,1.6,1.76,6,1.84,0.95,0
2023-04-02,I1,14:00,Spezia,Salernitana,D,A,2022/2023,20.0,12,40.0,3,2,47.37,0.8,52.63,0.6,0.8,1.4,2.36,12,1.85,0.95,0
2023-04-16,I1,14:00,Torino,Salernitana,D,A,2022/2023,0.0,14,40.0,5,1,47.37,0.8,21.05,0.8,0.6,1.6,2.16,8,1.93,0.95,0
2023-04-30,I1,14:00,Napoli,Salernitana,D,D,2022/2023,0.0,13,20.0,8,2,47.37,0.8,52.63,0.6,0.8,1.2,1.56,5,2.01,0.95,0
2023-05-08,I1,17:30,Empoli,Salernitana,H,H,2022/2023,20.0,10,60.0,4,2,47.37,1.2,42.11,1.2,1.0,1.2,2.19,13,2.0,0.95,1
2023-05-22,I1,17:30,Roma,Salernitana,D,A,2022/2023,40.0,9,60.0,5,3,47.37,1.4,36.84,1.8,1.2,1.0,2.21,8,2.04,0.95,1
2023-06-03,I1,20:00,Cremonese,Salernitana,H,H,2022/2023,40.0,15,20.0,4,1,47.37,1.6,42.11,1.4,1.0,1.2,1.82,11,1.93,0.95,0
2023-08-20,I1,17:30,Roma,Salernitana,D,D,2023/2024,100.0,12,100.0,3,2,63.16,2.0,52.63,2.0,2.0,2.0,2.28,3,1.98,0.79,1
2023-09-03,I1,19:45,Lecce,Salernitana,H,H,2023/2024,50.0,17,50.0,6,4,63.16,2.0,36.84,2.0,1.0,0.5,2.38,11,1.85,0.79,0
2023-09-27,I1,17:30,Empoli,Salernitana,H,H,2023/2024,33.33,18,0.0,6,2,63.16,1.67,31.58,0.25,0.67,1.0,2.21,14,1.87,0.79,0
2023-10-08,I1,11:30,Monza,Salernitana,H,H,2023/2024,50.0,8,25.0,7,5,63.16,2.0,42.11,1.5,0.5,0.25,1.89,8,2.05,0.79,1
2023-10-27,I1,19:45,Genoa,Salernitana,H,H,2023/2024,40.0,11,60.0,4,2,63.16,1.8,42.11,1.6,0.4,1.6,2.21,7,1.92,0.79,0
2023-11-10,I1,17:30,Sassuolo,Salernitana,D,A,2023/2024,40.0,12,40.0,9,2,63.16,1.8,47.37,1.4,0.4,1.6,1.75,9,2.03,0.79,1
2023-12-03,I1,14:00,Fiorentina,Salernitana,H,H,2023/2024,60.0,13,60.0,9,1,63.16,2.0,68.42,1.6,0.4,0.8,1.9,11,1.9,0.79,1
2023-12-18,I1,19:45,Atalanta,Salernitana,H,A,2023/2024,80.0,9,80.0,11,3,63.16,2.6,68.42,2.2,0.6,1.4,1.62,10,2.01,0.79,1
2023-12-30,I1,17:00,Verona,Salernitana,A,D,2023/2024,60.0,14,40.0,0,3,63.16,2.0,57.89,1.2,0.8,1.4,2.26,9,1.93,0.79,0
2024-01-13,I1,14:00,Napoli,Salernitana,H,D,2023/2024,80.0,15,60.0,7,2,63.16,2.2,63.16,0.8,1.0,1.2,1.74,6,1.93,0.79,1
2024-02-04,I1,11:30,Torino,Salernitana,D,D,2023/2024,60.0,11,40.0,1,1,63.16,1.8,26.32,1.6,0.6,0.2,2.2,3,1.99,0.79,0
2024-02-16,I1,20:00,Inter,Salernitana,H,H,2023/2024,60.0,9,60.0,10,0,63.16,2.0,52.63,2.6,0.6,0.2,1.47,1,1.91,0.79,1
2024-03-02,I1,14:00,Udinese,Salernitana,D,D,2023/2024,40.0,13,40.0,5,1,63.16,1.4,47.37,1.0,0.6,1.4,2.1,17,2.03,0.79,0
2024-03-09,I1,14:00,Cagliari,Salernitana,H,H,2023/2024,60.0,16,80.0,7,5,63.16,2.2,63.16,1.8,0.8,1.8,2.13,12,2.06,0.79,1
2024-04-01,I1,11:30,Bologna,Salernitana,H,H,2023/2024,60.0,11,40.0,3,2,63.16,2.4,36.84,2.2,0.6,0.2,1.82,8,1.95,0.79,1
2024-04-12,I1,19:45,Lazio,Salernitana,H,H,2023/2024,80.0,15,60.0,6,5,63.16,3.2,26.32,1.4,0.8,1.2,1.8,8,2.08,0.79,1
2024-04-26,I1,19:45,Frosinone,Salernitana,H,H,2023/2024,80.0,13,60.0,4,2,63.16,3.0,73.68,1.2,0.8,1.4,1.6,17,2.01,0.79,1
2024-05-12,I1,17:00,Juventus,Salernitana,D,A,2023/2024,80.0,15,20.0,6,4,63.16,3.0,26.32,0.8,0.8,0.6,1.41,13,1.86,0.79,0
2024-05-25,I1,19:45,Milan,Salernitana,D,H,2023/2024,80.0,6,100.0,11,6,63.16,2.8,52.63,3.0,1.0,1.8,1.25,14,1.92,0.79,1
2022-08-28,I1,17:30,Salernitana,Sampdoria,H,H,2022/2023,100.0,19,50.0,6,6,52.63,4.0,63.16,2.0,0.0,0.5,2.13,17,1.81,0.63,1
2022-09-04,I1,17:00,Verona,Sampdoria,H,H,2022/2023,100.0,16,66.67,9,3,52.63,3.0,52.63,1.33,0.5,2.33,2.02,11,1.84,0.63,1
2022-09-17,I1,17:00,Spezia,Sampdoria,H,D,2022/2023,100.0,17,75.0,3,8,52.63,2.67,52.63,1.75,0.67,1.25,2.13,11,1.97,0.63,1
2022-10-08,I1,19:45,Bologna,Sampdoria,D,H,2022/2023,75.0,17,20.0,3,3,52.63,2.25,31.58,1.0,0.75,1.0,2.25,9,1.83,0.63,0
2022-10-24,I1,17:30,Cremonese,Sampdoria,A,D,2022/2023,60.0,16,60.0,4,4,52.63,1.8,42.11,0.4,0.8,2.2,2.13,8,1.81,0.63,0
2022-10-29,I1,19:45,Inter,Sampdoria,H,H,2022/2023,60.0,5,60.0,8,2,52.63,1.6,47.37,2.0,0.8,0.6,1.54,9,1.96,0.63,1
2022-11-09,I1,19:45,Torino,Sampdoria,H,H,2022/2023,40.0,14,20.0,5,1,52.63,1.6,21.05,1.0,0.6,0.8,2.58,11,2.11,0.63,0
2023-01-04,I1,11:30,Sassuolo,Sampdoria,A,A,2022/2023,40.0,16,80.0,4,4,52.63,1.4,47.37,2.0,0.8,1.2,2.12,9,1.92,0.63,1
2023-01-16,I1,19:45,Empoli,Sampdoria,H,D,2022/2023,40.0,15,0.0,5,7,52.63,1.4,42.11,1.0,0.6,0.4,2.23,16,1.99,0.63,0
2023-01-28,I1,19:45,Atalanta,Sampdoria,H,H,2022/2023,40.0,17,60.0,5,5,52.63,1.8,57.89,2.6,0.4,1.8,1.64,15,1.9,0.63,0
2023-02-06,I1,19:45,Monza,Sampdoria,D,D,2022/2023,40.0,12,60.0,5,6,52.63,1.6,42.11,2.0,0.8,1.0,2.34,11,2.09,0.63,1
2023-02-27,I1,19:45,Lazio,Sampdoria,H,D,2022/2023,40.0,10,40.0,4,2,52.63,1.4,52.63,1.6,0.8,1.0,2.17,8,1.88,0.63,0
2023-03-12,I1,19:45,Juventus,Sampdoria,H,D,2022/2023,40.0,10,60.0,8,3,52.63,2.0,47.37,2.4,0.8,1.8,2.2,9,2.03,0.63,1
2023-04-02,I1,17:00,Roma,Sampdoria,H,D,2022/2023,60.0,11,40.0,11,3,52.63,2.4,36.84,2.0,0.8,0.8,2.07,6,1.83,0.63,1
2023-04-16,I1,11:30,Lecce,Sampdoria,D,H,2022/2023,60.0,16,20.0,11,2,52.63,2.2,36.84,0.6,1.0,1.4,2.5,8,1.93,0.63,0
2023-04-30,I1,17:00,Fiorentina,Sampdoria,H,H,2022/2023,60.0,14,40.0,10,1,52.63,2.8,47.37,2.0,0.6,0.6,1.66,4,1.93,0.63,1
2023-05-08,I1,17:30,Udinese,Sampdoria,H,H,2022/2023,60.0,15,60.0,6,3,52.63,3.0,52.63,2.2,0.6,0.8,1.89,11,2.01,0.63,0
2023-05-20,I1,19:45,Milan,Sampdoria,H,H,2022/2023,60.0,9,20.0,9,3,52.63,3.2,52.63,2.0,0.4,0.4,1.49,6,1.87,0.63,1
2023-06-04,I1,17:30,Napoli,Sampdoria,H,D,2022/2023,40.0,7,20.0,9,4,52.63,3.0,52.63,1.4,0.4,0.4,1.3,6,1.99,0.63,0
2022-08-15,I1,19:45,Juventus,Sassuolo,H,H,2022/2023,100.0,7,100.0,4,7,68.42,3.0,47.37,3.0,0.0,0.0,1.58,19,1.88,1.21,1
2022-08-27,I1,19:45,Spezia,Sassuolo,D,H,2022/2023,100.0,17,50.0,2,8,68.42,2.5,52.63,1.5,1.0,1.0,1.73,21,2.0,1.21,1
2022-09-04,I1,11:30,Cremonese,Sassuolo,D,D,2022/2023,66.67,16,50.0,0,7,68.42,1.67,42.11,0.5,0.67,1.0,1.7,17,2.04,1.21,0
2022-09-17,I1,19:45,Torino,Sassuolo,A,D,2022/2023,50.0,13,0.0,3,5,68.42,1.25,21.05,0.33,0.75,0.33,2.01,10,2.08,1.21,0
2022-10-15,I1,19:45,Atalanta,Sassuolo,H,D,2022/2023,60.0,10,40.0,4,3,68.42,1.4,57.89,1.6,0.8,0.8,1.7,11,2.05,1.21,1
2022-10-29,I1,14:00,Napoli,Sassuolo,H,H,2022/2023,60.0,5,60.0,6,6,68.42,1.6,52.63,2.4,0.8,0.8,1.42,10,1.87,1.21,1
2022-11-05,I1,14:00,Empoli,Sassuolo,H,D,2022/2023,40.0,11,40.0,1,3,68.42,1.4,42.11,0.8,0.4,1.4,1.74,10,1.86,1.21,0
2022-11-12,I1,19:45,Bologna,Sassuolo,H,H,2022/2023,60.0,12,40.0,4,3,68.42,2.0,31.58,1.6,0.4,0.6,1.97,9,1.88,1.21,1
2023-01-07,I1,14:00,Fiorentina,Sassuolo,H,D,2022/2023,80.0,14,80.0,5,4,68.42,2.4,47.37,1.6,0.4,2.2,1.7,17,1.97,1.21,1
2023-01-22,I1,14:00,Monza,Sassuolo,D,A,2022/2023,60.0,17,60.0,3,1,68.42,2.2,42.11,1.8,0.4,1.0,1.8,13,1.99,1.21,0
2023-01-29,I1,11:30,Milan,Sassuolo,A,A,2022/2023,60.0,13,100.0,5,7,68.42,1.8,52.63,2.4,1.4,2.0,1.63,9,1.85,1.21,1
2023-02-12,I1,11:30,Udinese,Sassuolo,D,D,2022/2023,80.0,12,40.0,8,1,68.42,2.0,52.63,1.2,1.8,1.4,1.92,6,1.83,1.21,1
2023-02-25,I1,19:45,Lecce,Sassuolo,A,D,2022/2023,60.0,17,60.0,0,3,68.42,1.4,36.84,1.2,2.0,1.4,2.31,7,2.08,1.21,0
2023-03-12,I1,17:00,Roma,Sassuolo,A,A,2022/2023,60.0,11,20.0,7,10,68.42,1.6,36.84,1.8,2.6,0.8,2.19,19,1.98,1.21,1
2023-04-08,I1,17:30,Verona,Sassuolo,H,A,2022/2023,80.0,12,40.0,3,5,68.42,1.8,52.63,1.0,2.6,1.2,2.11,17,1.99,1.21,1
2023-04-22,I1,14:00,Salernitana,Sassuolo,H,H,2022/2023,80.0,11,60.0,5,2,68.42,2.0,63.16,1.8,1.6,1.0,1.91,11,2.0,1.21,1
2023-05-03,I1,20:00,Lazio,Sassuolo,H,H,2022/2023,60.0,13,20.0,5,2,68.42,2.0,52.63,1.2,1.2,0.4,1.86,13,2.02,1.21,0
2023-05-13,I1,19:45,Inter,Sassuolo,H,H,2022/2023,80.0,12,40.0,3,5,68.42,2.8,47.37,1.4,1.4,1.2,1.7,16,2.03,1.21,1
2023-05-26,I1,19:45,Sampdoria,Sassuolo,D,A,2022/2023,80.0,14,40.0,3,8,68.42,2.6,31.58,1.2,1.0,1.8,1.64,22,1.88,1.21,1
2023-08-27,I1,19:45,Napoli,Sassuolo,H,H,2023/2024,0.0,9,0.0,5,1,63.16,2.0,63.16,2.0,0.0,0.0,1.48,6,1.97,1.05,0
2023-09-17,I1,14:00,Frosinone,Sassuolo,H,A,2023/2024,50.0,10,100.0,6,7,63.16,3.0,73.68,2.33,1.0,2.0,1.73,18,1.86,1.05,1
2023-09-27,I1,19:45,Inter,Sassuolo,A,H,2023/2024,66.67,10,75.0,3,6,63.16,2.33,52.63,3.0,1.33,0.75,1.36,13,2.02,1.05,1
2023-10-06,I1,19:45,Lecce,Sassuolo,D,A,2023/2024,50.0,9,40.0,4,1,63.16,2.0,36.84,1.2,1.25,1.2,2.12,14,2.03,1.05,0
2023-11-06,I1,19:45,Torino,Sassuolo,H,D,2023/2024,60.0,9,40.0,9,2,63.16,2.0,26.32,0.8,1.2,1.0,2.11,5,2.02,1.05,1
2023-11-26,I1,14:00,Empoli,Sassuolo,A,D,2023/2024,80.0,20,40.0,9,9,63.16,2.2,31.58,0.8,2.0,1.6,1.7,17,1.85,1.05,1
2023-12-11,I1,19:45,Cagliari,Sassuolo,H,A,2023/2024,80.0,15,80.0,6,4,63.16,1.8,63.16,2.0,1.8,2.0,1.83,8,1.87,1.05,1
2023-12-17,I1,14:00,Udinese,Sassuolo,D,H,2023/2024,80.0,13,60.0,7,7,63.16,2.0,47.37,1.8,1.8,1.8,1.92,21,1.93,1.05,1
2023-12-30,I1,17:00,Milan,Sassuolo,H,D,2023/2024,80.0,8,40.0,2,6,63.16,2.0,52.63,1.6,1.6,0.4,1.51,12,1.9,1.05,0
2024-01-16,I1,19:45,Juventus,Sassuolo,H,H,2023/2024,80.0,9,40.0,5,4,63.16,2.2,26.32,1.6,1.4,0.4,1.75,8,1.96,1.05,1
2024-01-28,I1,14:00,Monza,Sassuolo,H,H,2023/2024,60.0,8,40.0,1,3,63.16,1.8,42.11,0.8,0.6,1.6,1.99,14,1.86,1.05,0
2024-02-03,I1,19:45,Bologna,Sassuolo,H,A,2023/2024,60.0,12,20.0,4,4,63.16,2.2,36.84,2.0,0.8,0.6,2.11,12,1.93,1.05,1
2024-02-17,I1,19:45,Atalanta,Sassuolo,H,H,2023/2024,60.0,10,60.0,13,4,63.16,2.4,68.42,2.8,0.4,0.2,1.53,12,1.92,1.05,1
2024-03-03,I1,11:30,Verona,Sassuolo,H,D,2023/2024,60.0,23,40.0,5,2,63.16,2.4,57.89,1.2,0.4,1.0,2.0,13,1.91,1.05,0
2024-03-17,I1,17:00,Roma,Sassuolo,H,D,2023/2024,40.0,11,80.0,4,2,63.16,2.0,52.63,2.4,0.4,1.4,1.84,8,2.04,1.05,0
2024-04-05,I1,19:45,Salernitana,Sassuolo,D,A,2023/2024,60.0,10,60.0,2,5,63.16,2.2,68.42,0.8,0.8,2.0,1.9,16,1.96,1.05,1
2024-04-28,I1,19:45,Fiorentina,Sassuolo,H,H,2023/2024,60.0,9,80.0,10,2,63.16,2.4,68.42,2.2,0.6,1.4,1.79,7,1.97,1.05,1
2024-05-12,I1,14:00,Genoa,Sassuolo,H,A,2023/2024,60.0,13,60.0,2,4,63.16,2.2,42.11,1.6,0.8,1.2,2.11,12,1.93,1.05,1
2024-05-26,I1,19:45,Lazio,Sassuolo,D,D,2023/2024,60.0,15,20.0,6,3,63.16,2.2,26.32,1.8,1.0,0.4,1.62,8,1.9,1.05,0
2022-08-20,I1,19:45,Inter,Spezia,H,H,2022/2023,100.0,11,100.0,8,0,42.11,3.0,47.37,3.0,0.0,0.0,1.36,2,1.89,0.68,1
2022-08-31,I1,19:45,Juventus,Spezia,H,H,2022/2023,50.0,1,33.33,3,0,42.11,2.5,47.37,2.0,0.0,0.33,1.77,9,2.04,0.68,0
2022-09-10,I1,14:00,Napoli,Spezia,H,D,2022/2023,33.33,6,33.33,6,1,42.11,2.0,52.63,2.0,0.0,0.33,1.62,10,2.0,0.68,0
2022-10-02,I1,11:30,Lazio,Spezia,H,H,2022/2023,50.0,3,80.0,6,2,42.11,2.5,52.63,2.4,0.0,0.8,1.68,14,2.01,0.68,1
2022-10-09,I1,14:00,Monza,Spezia,H,H,2022/2023,40.0,10,40.0,4,1,42.11,2.4,42.11,1.0,0.0,1.2,1.99,9,1.98,0.68,0
2022-10-22,I1,14:00,Salernitana,Spezia,H,D,2022/2023,20.0,9,80.0,4,2,42.11,2.0,63.16,2.0,0.0,1.0,2.05,14,1.89,0.68,0
2022-11-05,I1,19:45,Milan,Spezia,H,H,2022/2023,40.0,12,80.0,11,5,42.11,2.0,52.63,2.4,0.2,1.2,1.54,13,1.98,0.68,1
2022-11-13,I1,14:00,Verona,Spezia,A,H,2022/2023,60.0,13,80.0,5,9,42.11,2.0,52.63,0.8,0.6,2.0,1.92,16,2.09,0.68,1
2023-01-15,I1,14:00,Torino,Spezia,A,A,2022/2023,40.0,13,20.0,4,5,42.11,1.2,21.05,1.0,0.8,0.8,2.25,13,2.1,0.68,0
2023-01-27,I1,17:30,Bologna,Spezia,H,H,2022/2023,40.0,8,60.0,6,4,42.11,1.2,31.58,1.8,0.8,0.8,2.4,6,2.03,0.68,0
2023-02-11,I1,14:00,Empoli,Spezia,D,A,2022/2023,60.0,10,40.0,8,3,42.11,1.4,42.11,1.6,1.2,0.8,2.17,9,1.86,0.68,1
2023-02-26,I1,17:00,Udinese,Spezia,D,D,2022/2023,60.0,11,60.0,6,2,42.11,1.4,52.63,1.4,1.4,1.6,1.99,9,1.98,0.68,1
2023-03-17,I1,17:30,Sassuolo,Spezia,H,D,2022/2023,40.0,10,20.0,6,1,42.11,1.4,47.37,1.0,1.0,1.2,1.78,11,1.88,0.68,0
2023-04-08,I1,13:30,Fiorentina,Spezia,D,D,2022/2023,40.0,12,40.0,4,3,42.11,1.6,47.37,1.2,1.0,1.0,1.79,4,1.92,0.68,0
2023-04-22,I1,19:45,Sampdoria,Spezia,D,H,2022/2023,40.0,9,60.0,3,7,42.11,1.4,31.58,1.4,1.2,1.4,2.21,19,2.08,0.68,0
2023-05-03,I1,17:00,Atalanta,Spezia,H,D,2022/2023,40.0,8,60.0,6,4,42.11,1.6,57.89,1.6,1.2,1.2,1.66,9,2.05,0.68,1
2023-05-06,I1,19:45,Cremonese,Spezia,H,H,2022/2023,20.0,9,20.0,4,8,42.11,1.6,42.11,1.0,0.8,1.2,2.13,18,1.87,0.68,0
2023-05-21,I1,11:30,Lecce,Spezia,D,D,2022/2023,20.0,15,20.0,1,0,42.11,1.4,36.84,0.6,0.8,0.8,2.38,14,1.98,0.68,0
2023-06-04,I1,20:00,Roma,Spezia,H,D,2022/2023,40.0,14,60.0,5,2,42.11,1.6,36.84,1.6,0.8,1.2,2.17,8,1.9,0.68,1
2022-08-13,I1,19:45,Monza,Torino,A,A,2022/2023,100.0,6,100.0,4,6,47.37,1.0,42.11,1.0,2.0,2.0,2.19,13,2.06,1.42,1
2022-08-27,I1,17:30,Cremonese,Torino,A,A,2022/2023,100.0,9,100.0,6,5,47.37,1.0,42.11,1.0,2.0,2.0,2.11,14,1.98,1.42,1
2022-09-01,I1,19:45,Atalanta,Torino,H,H,2022/2023,100.0,14,50.0,5,2,47.37,1.67,57.89,2.0,1.67,1.0,1.86,8,2.01,1.42,1
2022-09-10,I1,17:00,Inter,Torino,H,D,2022/2023,75.0,8,66.67,3,7,47.37,1.5,47.37,2.33,1.25,0.33,1.78,9,1.91,1.42,0
2022-10-01,I1,14:00,Napoli,Torino,H,H,2022/2023,80.0,4,50.0,7,3,47.37,1.8,52.63,2.25,1.2,0.5,2.07,16,1.85,1.42,1
2022-10-23,I1,11:30,Udinese,Torino,A,D,2022/2023,80.0,12,80.0,4,4,47.37,1.8,52.63,2.2,1.2,1.0,2.16,15,1.88,1.42,1
2022-11-06,I1,11:30,Bologna,Torino,H,A,2022/2023,80.0,14,40.0,5,2,47.37,2.0,31.58,1.4,1.0,0.8,2.38,7,2.17,1.42,1
2022-11-13,I1,14:00,Roma,Torino,D,D,2022/2023,60.0,13,20.0,4,2,47.37,1.6,36.84,0.6,1.0,1.0,2.43,10,1.97,1.42,0
2023-01-08,I1,11:30,Salernitana,Torino,D,A,2022/2023,60.0,10,60.0,4,8,47.37,1.6,63.16,1.4,1.2,1.2,2.21,23,1.86,1.42,0
2023-01-21,I1,19:45,Fiorentina,Torino,A,A,2022/2023,40.0,9,60.0,5,3,47.37,1.0,47.37,1.6,1.2,1.6,2.34,9,2.09,1.42,0
2023-01-28,I1,14:00,Empoli,Torino,D,H,2022/2023,40.0,12,20.0,4,4,47.37,1.2,42.11,1.2,1.2,0.8,2.26,16,2.08,1.42,1
2023-02-10,I1,19:45,Milan,Torino,H,D,2022/2023,20.0,10,80.0,4,2,47.37,1.0,52.63,1.8,1.0,1.8,2.21,12,2.1,1.42,0
2023-02-28,I1,19:45,Juventus,Torino,H,D,2022/2023,40.0,5,40.0,6,3,47.37,1.6,47.37,1.8,1.2,1.4,2.61,8,1.86,1.42,1
2023-03-12,I1,11:30,Lecce,Torino,A,A,2022/2023,40.0,16,40.0,1,2,47.37,1.4,36.84,0.8,1.4,1.6,3.27,4,1.85,1.42,0
2023-04-03,I1,19:45,Sassuolo,Torino,D,H,2022/2023,40.0,12,20.0,4,2,47.37,1.6,47.37,1.2,1.4,1.0,2.26,16,1.79,1.42,0
2023-04-22,I1,17:00,Lazio,Torino,A,A,2022/2023,20.0,13,20.0,5,3,47.37,1.2,52.63,0.8,1.2,0.8,2.66,7,2.04,1.42,0
2023-05-03,I1,17:00,Sampdoria,Torino,A,A,2022/2023,20.0,13,40.0,0,4,47.37,1.0,31.58,1.2,1.6,1.4,2.47,12,1.92,1.42,0
2023-05-14,I1,11:30,Verona,Torino,A,A,2022/2023,0.0,8,60.0,4,8,47.37,0.2,52.63,1.0,1.4,2.0,2.65,15,1.87,1.42,0
2023-05-27,I1,14:00,Spezia,Torino,A,A,2022/2023,20.0,14,40.0,1,4,47.37,0.2,52.63,0.6,1.8,2.0,2.59,11,1.83,1.42,1
2023-08-26,I1,19:45,Milan,Torino,H,H,2023/2024,100.0,13,100.0,7,1,36.84,4.0,52.63,4.0,1.0,1.0,2.32,8,2.01,0.95,1
2023-09-18,I1,17:30,Salernitana,Torino,A,A,2023/2024,100.0,12,50.0,4,3,36.84,2.0,68.42,0.5,2.0,2.0,2.61,11,1.88,0.95,1
2023-09-27,I1,19:45,Lazio,Torino,H,D,2023/2024,66.67,12,0.0,3,2,36.84,2.0,26.32,1.0,1.33,0.67,2.37,7,2.06,0.95,0
2023-10-07,I1,17:00,Juventus,Torino,H,D,2023/2024,50.0,10,25.0,6,1,36.84,2.0,26.32,1.75,1.0,0.5,2.75,10,1.96,0.95,0
2023-10-28,I1,17:00,Lecce,Torino,A,A,2023/2024,40.0,17,20.0,6,2,36.84,1.6,36.84,0.8,1.0,1.2,2.83,10,2.0,0.95,0
2023-11-11,I1,19:45,Monza,Torino,D,D,2023/2024,20.0,11,20.0,5,5,36.84,1.0,42.11,1.2,1.0,0.6,2.41,12,1.79,0.95,0
2023-11-27,I1,19:45,Bologna,Torino,H,D,2023/2024,0.0,16,40.0,2,3,36.84,1.4,36.84,1.6,0.4,0.2,2.7,9,1.88,0.95,0
2023-12-10,I1,11:30,Frosinone,Torino,D,D,2023/2024,0.0,13,60.0,5,3,36.84,1.0,73.68,1.4,0.4,0.8,2.23,16,1.93,0.95,0
2023-12-29,I1,17:30,Fiorentina,Torino,H,D,2023/2024,0.0,11,40.0,3,3,36.84,0.8,68.42,1.4,0.4,0.4,2.49,6,2.04,0.95,0
2024-01-13,I1,14:00,Genoa,Torino,D,D,2023/2024,0.0,11,0.0,6,0,36.84,0.8,42.11,0.8,0.2,0.6,3.06,6,1.84,0.95,0
2024-01-26,I1,19:45,Cagliari,Torino,A,A,2023/2024,20.0,12,60.0,10,6,36.84,0.8,63.16,1.2,0.4,1.0,2.75,16,1.92,0.95,1
2024-02-10,I1,19:45,Sassuolo,Torino,D,D,2023/2024,20.0,12,60.0,4,2,36.84,0.6,47.37,1.2,0.6,1.4,2.21,13,1.95,0.95,0
2024-02-26,I1,17:30,Roma,Torino,H,D,2023/2024,40.0,12,80.0,3,6,36.84,1.2,52.63,2.4,1.0,1.6,2.58,14,1.92,0.95,1
2024-03-08,I1,19:45,Napoli,Torino,D,D,2023/2024,40.0,9,60.0,8,2,36.84,1.2,63.16,1.6,1.2,1.0,2.32,11,1.88,0.95,0
2024-03-16,I1,14:00,Udinese,Torino,A,A,2023/2024,40.0,11,20.0,1,5,36.84,1.2,47.37,0.8,1.6,1.4,2.58,12,1.91,0.95,0
2024-04-06,I1,19:45,Empoli,Torino,H,H,2023/2024,40.0,13,20.0,3,5,36.84,1.6,31.58,0.8,1.6,1.0,2.58,19,1.95,0.95,1
2024-04-28,I1,11:30,Inter,Torino,H,D,2023/2024,40.0,6,40.0,5,3,36.84,1.8,52.63,1.8,1.4,0.8,2.09,11,1.96,0.95,0
2024-05-12,I1,14:00,Verona,Torino,A,D,2023/2024,40.0,19,80.0,5,2,36.84,1.4,57.89,1.2,1.4,1.6,2.78,6,1.76,0.95,1
2024-05-26,I1,17:00,Atalanta,Torino,H,H,2023/2024,60.0,18,80.0,7,1,36.84,1.8,68.42,2.0,1.2,1.0,1.78,8,1.85,0.95,1
2024-08-17,I1,19:45,Milan,Torino,D,A,2024/2025,100.0,10,100.0,6,3,100.0,2.0,100.0,2.0,2.0,2.0,1.9,6,2.11,2.0,1
2022-08-13,I1,17:30,Milan,Udinese,H,D,2022/2023,100.0,16,100.0,5,4,47.37,4.0,52.63,4.0,2.0,2.0,1.82,9,1.94,0.89,1
2022-08-26,I1,17:30,Monza,Udinese,A,D,2022/2023,100.0,16,100.0,5,4,47.37,2.5,42.11,1.0,2.0,2.0,1.83,15,2.01,0.89,1
2022-09-11,I1,14:00,Sassuolo,Udinese,A,H,2022/2023,100.0,7,33.33,2,4,47.37,2.0,47.37,0.67,2.33,1.0,1.92,17,1.93,0.89,1
2022-10-03,I1,19:45,Verona,Udinese,A,H,2022/2023,100.0,15,75.0,2,8,47.37,1.75,52.63,1.25,2.25,2.25,1.83,21,1.98,0.89,1
2022-10-16,I1,14:00,Lazio,Udinese,D,D,2022/2023,80.0,8,60.0,3,2,47.37,1.4,52.63,2.0,1.8,0.6,1.71,12,2.02,0.89,0
2022-10-30,I1,14:00,Cremonese,Udinese,D,D,2022/2023,60.0,8,40.0,2,3,47.37,0.6,42.11,0.2,1.4,1.8,1.82,13,1.9,0.89,0
2022-11-08,I1,17:30,Spezia,Udinese,D,D,2022/2023,40.0,12,80.0,6,2,47.37,0.6,52.63,1.6,1.2,1.6,1.99,10,1.99,0.89,0
2022-11-12,I1,14:00,Napoli,Udinese,H,H,2022/2023,40.0,12,80.0,5,4,47.37,1.0,52.63,3.0,1.0,1.0,1.61,10,1.83,0.89,1
2023-01-07,I1,17:00,Juventus,Udinese,H,D,2022/2023,20.0,16,60.0,4,3,47.37,1.0,47.37,2.6,0.6,0.0,2.12,11,1.91,0.89,0
2023-01-22,I1,11:30,Sampdoria,Udinese,A,D,2022/2023,20.0,15,0.0,1,5,47.37,1.0,31.58,0.0,0.8,1.6,2.13,14,1.85,0.89,0
2023-02-05,I1,14:00,Torino,Udinese,H,D,2022/2023,20.0,13,20.0,3,3,47.37,1.2,21.05,1.2,0.8,0.6,2.46,11,1.91,0.89,0
2023-02-18,I1,19:45,Inter,Udinese,H,D,2022/2023,40.0,15,20.0,7,1,47.37,1.6,47.37,1.2,0.8,0.4,1.74,9,2.02,0.89,1
2023-03-04,I1,17:00,Atalanta,Udinese,D,D,2022/2023,20.0,12,60.0,5,1,47.37,1.0,57.89,2.6,0.4,1.4,1.76,5,2.04,0.89,0
2023-03-11,I1,14:00,Empoli,Udinese,A,D,2022/2023,20.0,12,40.0,3,4,47.37,0.8,42.11,1.0,0.6,1.4,1.95,14,2.12,0.89,0
2023-04-02,I1,11:30,Bologna,Udinese,H,H,2022/2023,40.0,17,20.0,4,5,47.37,1.4,31.58,1.2,0.4,0.2,2.38,15,1.93,0.89,1
2023-04-16,I1,19:45,Roma,Udinese,H,H,2022/2023,60.0,18,60.0,7,2,47.37,1.8,36.84,2.2,0.4,0.8,2.78,10,2.0,0.89,1
2023-04-28,I1,17:30,Lecce,Udinese,H,D,2022/2023,40.0,21,20.0,3,3,47.37,1.4,36.84,0.6,0.2,1.2,2.66,10,1.82,0.89,0
2023-05-14,I1,14:00,Fiorentina,Udinese,H,H,2022/2023,40.0,15,20.0,3,1,47.37,1.8,47.37,2.0,0.2,0.4,1.95,5,1.87,0.89,0
2023-05-27,I1,14:00,Salernitana,Udinese,H,A,2022/2023,60.0,12,60.0,3,4,47.37,2.4,63.16,2.2,0.4,1.2,2.07,10,1.88,0.89,1
2023-08-28,I1,17:30,Salernitana,Udinese,D,D,2023/2024,0.0,12,0.0,4,6,26.32,1.0,68.42,1.0,1.0,1.0,2.23,14,1.92,0.84,0
2023-09-17,I1,11:30,Cagliari,Udinese,D,D,2023/2024,0.0,12,0.0,1,1,26.32,0.5,63.16,0.0,0.5,1.0,2.3,11,1.87,0.84,0
2023-09-27,I1,19:45,Napoli,Udinese,H,H,2023/2024,33.33,11,66.67,10,3,26.32,1.67,63.16,2.33,0.67,1.0,1.69,13,2.03,0.84,1
2023-10-06,I1,17:30,Empoli,Udinese,D,D,2023/2024,25.0,11,0.0,3,1,26.32,1.25,31.58,0.2,0.5,0.8,2.01,11,2.07,0.84,0
2023-10-29,I1,14:00,Monza,Udinese,D,H,2023/2024,20.0,15,20.0,4,3,26.32,1.2,42.11,1.4,0.6,0.4,2.05,10,2.07,0.84,0
2023-11-04,I1,19:45,Milan,Udinese,A,D,2023/2024,20.0,13,20.0,5,2,26.32,1.0,52.63,1.4,0.6,0.6,1.94,12,1.86,0.84,0
2023-11-26,I1,17:00,Roma,Udinese,H,H,2023/2024,40.0,8,60.0,5,2,26.32,1.6,52.63,3.0,0.8,0.4,2.24,6,2.1,0.84,1
2023-12-09,I1,19:45,Inter,Udinese,H,H,2023/2024,40.0,9,60.0,8,1,26.32,1.6,52.63,2.0,0.6,0.8,1.62,11,1.85,0.84,1
2023-12-23,I1,14:00,Torino,Udinese,D,D,2023/2024,40.0,10,60.0,4,4,26.32,1.8,26.32,1.4,0.8,1.0,2.35,10,1.87,0.84,0
2024-01-14,I1,17:00,Fiorentina,Udinese,D,A,2023/2024,60.0,14,60.0,3,6,26.32,2.0,68.42,1.8,1.0,0.6,2.26,12,2.04,0.84,1
2024-01-27,I1,14:00,Atalanta,Udinese,H,H,2023/2024,60.0,8,60.0,11,5,26.32,2.4,68.42,3.0,0.8,0.6,1.76,13,2.06,0.84,0
2024-02-12,I1,19:45,Juventus,Udinese,A,A,2023/2024,40.0,15,20.0,6,1,26.32,1.8,26.32,1.2,0.8,0.4,2.2,8,1.88,0.84,0
2024-02-24,I1,19:45,Genoa,Udinese,H,H,2023/2024,20.0,9,40.0,4,1,26.32,1.4,42.11,1.2,0.8,1.2,2.8,5,1.91,0.84,0
2024-03-11,I1,19:45,Lazio,Udinese,A,D,2023/2024,40.0,9,40.0,6,5,26.32,1.4,26.32,0.6,1.0,1.0,2.28,14,1.94,0.84,1
2024-04-01,I1,14:00,Sassuolo,Udinese,D,D,2023/2024,20.0,7,40.0,5,3,26.32,1.2,47.37,1.2,0.8,2.2,2.13,12,1.84,0.84,0
2024-04-20,I1,19:45,Verona,Udinese,H,D,2023/2024,20.0,18,60.0,4,1,26.32,1.0,57.89,1.2,0.8,1.4,2.73,18,2.12,0.84,0
2024-04-28,I1,14:00,Bologna,Udinese,D,A,2023/2024,20.0,11,20.0,4,4,26.32,1.2,36.84,1.2,0.8,0.4,2.31,11,2.11,0.84,0
2024-05-13,I1,17:30,Lecce,Udinese,A,A,2023/2024,20.0,12,0.0,2,3,26.32,0.8,36.84,0.4,1.2,0.8,2.52,16,2.01,0.84,0
2024-05-26,I1,19:45,Frosinone,Udinese,A,D,2023/2024,0.0,6,60.0,5,5,26.32,0.6,73.68,1.0,1.0,1.8,2.2,10,1.81,0.84,0
2024-08-18,I1,17:30,Bologna,Udinese,D,D,2024/2025,0.0,15,0.0,7,2,0.0,1.0,0.0,1.0,1.0,1.0,2.44,4,1.94,1.0,0
2024-08-18,I1,19:45,Lazio,Venezia,H,H,2024/2025,100.0,14,100.0,6,3,100.0,3.0,100.0,3.0,1.0,1.0,1.94,11,1.83,1.0,1
2022-08-21,I1,19:45,Bologna,Verona,D,D,2022/2023,0.0,10,0.0,5,3,26.32,1.0,31.58,1.0,1.0,1.0,1.82,19,1.99,0.58,0
2022-08-31,I1,17:30,Empoli,Verona,D,H,2022/2023,0.0,5,0.0,4,3,26.32,1.0,42.11,0.5,1.0,0.5,2.04,9,1.93,0.58,0
2022-09-11,I1,17:00,Lazio,Verona,H,D,2022/2023,0.0,5,75.0,6,1,26.32,1.33,52.63,2.0,0.67,1.0,1.7,7,1.91,0.58,0
2022-09-18,I1,14:00,Fiorentina,Verona,H,H,2022/2023,0.0,18,25.0,9,1,26.32,1.5,47.37,1.5,0.5,0.75,2.12,8,1.85,0.58,0
2022-10-09,I1,14:00,Salernitana,Verona,H,H,2022/2023,20.0,9,80.0,4,2,26.32,1.6,63.16,1.8,0.6,1.2,1.95,12,2.14,0.58,1
2022-10-24,I1,19:45,Sassuolo,Verona,H,D,2022/2023,40.0,7,80.0,3,5,26.32,1.8,47.37,1.8,0.6,1.2,1.77,13,1.93,0.58,1
2022-11-06,I1,14:00,Monza,Verona,H,D,2022/2023,40.0,10,20.0,3,2,26.32,2.0,42.11,1.2,0.4,0.8,1.91,7,1.99,0.58,0
2023-01-04,I1,13:30,Torino,Verona,D,A,2022/2023,40.0,7,20.0,3,2,26.32,1.8,21.05,1.2,0.6,0.8,2.21,10,2.08,0.58,0
2023-01-14,I1,19:45,Inter,Verona,H,H,2022/2023,40.0,11,40.0,3,1,26.32,1.6,47.37,2.6,0.6,0.2,1.74,6,1.83,0.58,0
2023-01-30,I1,19:45,Udinese,Verona,D,D,2022/2023,20.0,9,40.0,8,2,26.32,1.4,52.63,1.0,0.6,1.4,2.26,10,2.04,0.58,0
2023-02-19,I1,19:45,Roma,Verona,H,H,2022/2023,0.0,15,0.0,5,1,26.32,1.2,36.84,1.4,0.4,0.2,2.6,7,2.07,0.58,0
2023-03-05,I1,11:30,Spezia,Verona,D,D,2022/2023,0.0,6,20.0,4,3,26.32,0.8,52.63,0.0,0.4,1.4,2.28,11,2.01,0.58,0
2023-03-19,I1,11:30,Sampdoria,Verona,H,H,2022/2023,20.0,10,40.0,4,6,26.32,1.2,31.58,0.8,0.4,0.8,2.73,16,1.79,0.58,1
2023-04-01,I1,19:45,Juventus,Verona,H,D,2022/2023,20.0,14,40.0,2,3,26.32,1.2,47.37,2.0,0.4,1.2,2.43,9,1.85,0.58,0
2023-04-15,I1,17:00,Napoli,Verona,D,D,2022/2023,20.0,11,40.0,1,2,26.32,1.0,52.63,1.0,0.2,1.0,2.28,5,1.99,0.58,0
2023-04-30,I1,14:00,Cremonese,Verona,D,H,2022/2023,20.0,10,40.0,5,6,26.32,1.0,42.11,1.0,0.4,1.4,2.47,14,2.1,0.58,0
2023-05-07,I1,19:45,Lecce,Verona,A,D,2022/2023,20.0,11,20.0,2,3,26.32,1.0,36.84,0.6,0.6,1.2,2.67,9,2.01,0.58,0
2023-05-20,I1,17:00,Atalanta,Verona,H,D,2022/2023,20.0,9,60.0,5,2,26.32,1.0,57.89,1.8,0.6,1.6,1.81,10,1.91,0.58,1
2023-06-04,I1,20:00,Milan,Verona,H,H,2022/2023,40.0,5,40.0,5,1,26.32,1.4,52.63,2.6,0.8,0.6,2.06,6,1.86,0.58,1
2023-08-19,I1,17:30,Empoli,Verona,A,D,2023/2024,0.0,17,0.0,4,4,42.11,0.0,31.58,0.0,1.0,1.0,2.13,10,1.94,0.79,0
2023-09-01,I1,17:30,Sassuolo,Verona,H,H,2023/2024,50.0,8,50.0,7,3,42.11,1.5,47.37,1.5,1.0,1.5,1.88,11,1.88,0.79,1
2023-09-23,I1,14:00,Milan,Verona,H,H,2023/2024,33.33,13,50.0,4,2,42.11,1.33,52.63,2.5,0.67,0.5,1.9,10,2.02,0.79,0
2023-10-02,I1,17:30,Torino,Verona,D,D,2023/2024,25.0,6,0.0,2,2,42.11,1.0,26.32,0.5,0.5,0.25,2.65,5,2.01,0.79,0
2023-10-08,I1,14:00,Frosinone,Verona,H,H,2023/2024,40.0,9,80.0,2,4,42.11,1.2,73.68,2.0,0.6,1.6,2.07,16,1.83,0.79,1
2023-10-28,I1,19:45,Juventus,Verona,H,D,2023/2024,40.0,13,20.0,6,1,42.11,1.4,26.32,1.6,0.4,0.4,2.02,7,2.08,0.79,0
2023-11-10,I1,19:45,Genoa,Verona,H,H,2023/2024,20.0,9,40.0,6,1,42.11,1.0,42.11,1.6,0.2,0.8,2.71,7,1.98,0.79,0
2023-12-03,I1,14:00,Udinese,Verona,D,H,2023/2024,40.0,16,40.0,6,4,42.11,1.4,47.37,1.4,0.8,1.8,2.13,13,1.94,0.79,1
2023-12-17,I1,14:00,Fiorentina,Verona,H,D,2023/2024,40.0,11,40.0,3,7,42.11,1.6,68.42,1.2,0.8,0.8,1.94,19,1.94,0.79,0
2024-01-06,I1,11:30,Inter,Verona,H,H,2023/2024,40.0,16,40.0,6,3,42.11,1.6,52.63,2.2,0.8,0.2,1.54,8,1.97,0.79,1
2024-01-20,I1,17:00,Roma,Verona,H,H,2023/2024,60.0,14,40.0,2,3,42.11,1.8,52.63,1.8,1.0,0.8,2.08,12,2.13,0.79,1
2024-02-04,I1,14:00,Napoli,Verona,H,D,2023/2024,80.0,11,80.0,8,2,42.11,2.0,63.16,1.2,1.2,1.2,2.02,12,1.92,0.79,1
2024-02-11,I1,14:00,Monza,Verona,D,D,2023/2024,60.0,19,20.0,1,1,42.11,1.4,42.11,0.6,0.6,1.2,2.38,10,2.1,0.79,0
2024-02-23,I1,19:45,Bologna,Verona,H,H,2023/2024,60.0,12,40.0,3,3,42.11,1.6,36.84,2.6,0.6,0.6,2.28,7,1.85,0.79,0
2024-03-10,I1,11:30,Lecce,Verona,A,A,2023/2024,40.0,15,60.0,3,4,42.11,1.2,36.84,0.8,0.6,2.2,2.53,13,1.93,0.79,0
2024-04-01,I1,14:00,Cagliari,Verona,D,A,2023/2024,20.0,11,60.0,2,5,42.11,1.0,63.16,1.6,0.6,1.8,2.33,8,2.04,0.79,0
2024-04-15,I1,19:45,Atalanta,Verona,D,H,2023/2024,20.0,6,80.0,9,5,42.11,1.0,68.42,2.2,0.8,1.0,1.73,13,1.83,0.79,1
2024-04-27,I1,19:45,Lazio,Verona,H,D,2023/2024,20.0,13,40.0,5,1,42.11,1.2,26.32,1.4,0.8,0.8,2.05,7,2.06,0.79,0
2024-05-20,I1,17:30,Salernitana,Verona,A,A,2023/2024,40.0,14,60.0,1,5,42.11,1.0,68.42,0.8,1.2,1.8,1.87,17,1.92,0.79,1
