Date,Div,Time,HomeTeam,AwayTeam,FTR,HTR,Season,Last5AwayOver2.5Perc,AHCh,Last5HomeOver2.5Perc,HST,AwayOver2.5Perc,AST,HomeOver2.5Perc,AvgLast5HomeGoalsScored,AvgLast5AwayGoalsConceded,AvgLast5AwayGoalsScored,AvgC>2.5,AvgLast5HomeGoalsConceded,PC<2.5,AR,AvgHomeGoalsScored,Over2.5
2023-08-14,SP1,18:30,Cadiz,Alaves,H,H,2023/2024,0.0,-0.25,0.0,3,31.58,2,26.32,1.0,1.0,0.0,2.86,0.0,1.41,0,0.84,0
2023-08-28,SP1,18:30,Getafe,Alaves,H,D,2023/2024,0.0,-0.25,0.0,4,31.58,2,31.58,0.5,1.0,0.0,3.78,0.0,1.27,0,1.05,0
2023-09-15,SP1,20:00,Vallecano,Alaves,H,H,2023/2024,0.0,-0.5,50.0,11,31.58,1,36.84,1.0,1.33,0.0,2.61,3.5,1.52,0,0.95,0
2023-09-28,SP1,18:00,Celta,Alaves,D,H,2023/2024,0.0,-0.75,0.0,0,31.58,11,42.11,0.25,1.25,0.25,2.23,1.25,1.74,0,1.11,0
2023-10-22,SP1,17:30,Villarreal,Alaves,D,D,2023/2024,0.0,-0.5,80.0,3,31.58,7,73.68,1.6,1.2,0.4,2.06,2.0,1.79,0,1.89,0
2023-10-29,SP1,20:00,Ath Madrid,Alaves,H,H,2023/2024,20.0,-1.25,100.0,7,31.58,1,78.95,2.6,1.4,0.6,1.92,1.2,1.91,0,2.21,1
2023-11-12,SP1,15:15,Barcelona,Alaves,H,A,2023/2024,40.0,-1.75,60.0,6,31.58,1,57.89,1.6,1.6,0.8,1.6,1.0,2.41,0,2.26,1
2023-12-03,SP1,13:00,Mallorca,Alaves,D,D,2023/2024,40.0,0.0,20.0,3,31.58,4,26.32,0.8,1.2,0.8,2.86,0.8,1.42,0,0.89,0
2023-12-18,SP1,20:00,Girona,Alaves,H,H,2023/2024,60.0,-1.0,60.0,4,31.58,2,68.42,2.4,1.6,0.6,1.77,0.8,2.08,0,2.79,1
2024-01-02,SP1,18:15,Sociedad,Alaves,D,D,2023/2024,60.0,-1.0,20.0,6,31.58,2,31.58,0.8,1.6,0.6,2.32,0.6,1.63,0,1.37,0
2024-01-12,SP1,20:00,Sevilla,Alaves,A,A,2023/2024,60.0,-0.5,40.0,4,31.58,8,57.89,0.8,1.6,1.0,2.38,2.0,1.59,0,1.42,1
2024-01-26,SP1,20:00,Almeria,Alaves,A,A,2023/2024,60.0,0.0,40.0,7,31.58,3,68.42,0.2,1.2,1.4,2.34,1.2,1.62,0,1.16,1
2024-02-18,SP1,20:00,Betis,Alaves,D,D,2023/2024,60.0,-0.25,20.0,2,31.58,4,36.84,1.0,1.2,1.4,2.45,1.2,1.55,0,1.42,0
2024-03-04,SP1,20:00,Osasuna,Alaves,H,D,2023/2024,40.0,-0.25,40.0,4,31.58,4,26.32,1.4,0.8,1.4,2.68,1.0,1.49,0,1.0,0
2024-03-16,SP1,20:00,Ath Bilbao,Alaves,H,H,2023/2024,40.0,-1.0,60.0,4,31.58,3,57.89,2.2,1.0,1.2,2.29,0.6,1.65,0,2.21,0
2024-04-14,SP1,15:15,Granada,Alaves,H,H,2023/2024,20.0,0.0,20.0,3,31.58,3,47.37,1.2,1.0,0.6,2.38,1.2,1.6,0,1.26,0
2024-05-05,SP1,17:30,Valencia,Alaves,A,D,2023/2024,0.0,-0.25,40.0,1,31.58,4,36.84,0.8,1.0,0.2,2.55,1.0,1.54,0,1.05,0
2024-05-14,SP1,20:30,Real Madrid,Alaves,H,H,2023/2024,20.0,-2.0,80.0,11,31.58,10,57.89,3.4,2.0,0.2,1.46,0.4,2.79,0,2.53,1
2024-05-26,SP1,15:15,Las Palmas,Alaves,D,D,2023/2024,20.0,-0.25,20.0,4,31.58,4,31.58,0.6,2.0,0.4,1.88,1.6,2.06,0,1.05,0
2024-08-16,SP1,18:00,Celta,Alaves,H,A,2024/2025,100.0,-0.25,100.0,4,80.0,2,60.0,2.0,2.0,1.0,2.31,1.0,1.63,0,1.8,1
2024-08-28,SP1,20:30,Sociedad,Alaves,A,D,2024/2025,100.0,-0.75,100.0,1,80.0,5,75.0,1.0,1.5,1.5,2.32,2.0,1.63,0,1.25,1
2024-09-14,SP1,15:15,Espanol,Alaves,H,D,2024/2025,100.0,0.0,66.67,4,80.0,6,75.0,1.67,2.0,1.67,2.63,1.33,1.51,0,1.5,1
2024-09-24,SP1,20:00,Real Madrid,Alaves,H,H,2024/2025,100.0,-2.0,75.0,4,80.0,3,75.0,3.0,2.25,1.75,1.47,0.75,2.73,0,3.0,1
2024-09-28,SP1,13:00,Getafe,Alaves,H,H,2024/2025,80.0,-0.25,0.0,8,80.0,1,0.0,0.75,2.2,1.4,3.33,0.25,1.31,0,0.75,0
2022-08-22,SP1,19:00,Elche,Almeria,D,D,2022/2023,0.0,-0.25,0.0,3,63.16,7,36.84,1.0,1.0,1.0,2.2,1.0,1.74,1,0.95,0
2022-09-05,SP1,20:00,Valladolid,Almeria,H,D,2022/2023,0.0,-0.25,50.0,6,63.16,1,47.37,0.5,1.0,0.5,1.95,1.5,1.93,0,1.11,0
2022-09-17,SP1,13:00,Mallorca,Almeria,H,H,2022/2023,0.0,-0.5,33.33,2,63.16,3,21.05,1.0,1.0,0.33,2.26,1.0,1.71,0,1.16,0
2022-09-30,SP1,20:00,Ath Bilbao,Almeria,H,H,2022/2023,25.0,-1.25,40.0,4,63.16,2,31.58,1.6,1.75,0.25,1.72,0.6,2.17,0,1.16,1
2022-10-16,SP1,20:00,Betis,Almeria,H,H,2022/2023,40.0,-1.0,60.0,6,63.16,5,47.37,2.0,2.0,0.4,1.87,0.4,1.99,0,1.37,1
2022-10-23,SP1,17:30,Villarreal,Almeria,H,A,2022/2023,60.0,-1.5,50.0,5,63.16,4,52.63,2.25,2.2,0.4,1.61,0.5,2.49,0,1.89,1
2022-11-05,SP1,20:00,Barcelona,Almeria,H,D,2022/2023,60.0,-2.5,60.0,13,63.16,1,47.37,2.6,2.4,0.4,1.26,0.0,3.38,0,1.95,0
2022-12-30,SP1,18:15,Cadiz,Almeria,D,A,2022/2023,60.0,-0.25,40.0,6,63.16,9,31.58,1.2,2.4,0.6,2.07,1.0,1.85,0,1.0,0
2023-01-23,SP1,20:00,Valencia,Almeria,D,D,2022/2023,60.0,-1.0,60.0,6,63.16,3,47.37,1.2,2.0,1.0,1.78,1.2,2.11,0,1.42,1
2023-02-06,SP1,20:00,Vallecano,Almeria,H,D,2022/2023,40.0,-0.5,40.0,11,63.16,5,63.16,1.2,1.8,0.8,2.13,1.2,1.72,0,1.47,0
2023-02-17,SP1,20:00,Girona,Almeria,H,H,2022/2023,40.0,-0.5,60.0,8,63.16,4,63.16,2.2,2.6,1.0,1.9,1.2,2.03,0,1.84,1
2023-03-12,SP1,15:15,Sevilla,Almeria,H,D,2022/2023,60.0,-0.75,60.0,5,63.16,5,52.63,2.0,2.6,1.2,1.72,0.8,2.21,0,1.26,1
2023-04-02,SP1,13:00,Celta,Almeria,D,D,2022/2023,80.0,-1.0,60.0,5,63.16,3,52.63,1.8,2.8,1.4,1.68,0.6,2.22,0,1.37,1
2023-04-16,SP1,17:30,Ath Madrid,Almeria,H,H,2022/2023,80.0,-2.0,60.0,7,63.16,0,57.89,2.6,2.8,1.2,1.44,0.4,2.86,0,2.16,1
2023-04-26,SP1,18:30,Getafe,Almeria,A,A,2022/2023,100.0,-0.5,40.0,9,63.16,11,42.11,1.4,2.6,1.6,2.26,0.8,1.68,0,1.11,1
2023-04-29,SP1,17:30,Real Madrid,Almeria,H,H,2022/2023,100.0,-2.5,80.0,12,63.16,3,57.89,3.4,2.2,1.6,1.23,1.2,3.41,0,2.32,1
2023-05-13,SP1,15:15,Osasuna,Almeria,H,D,2022/2023,100.0,-0.5,80.0,7,63.16,3,47.37,1.6,2.4,1.6,1.74,1.8,2.17,0,1.26,1
2023-05-23,SP1,18:30,Sociedad,Almeria,H,H,2022/2023,80.0,-1.25,40.0,2,63.16,2,31.58,1.8,2.2,1.2,1.59,0.6,2.42,1,1.37,0
2023-06-04,SP1,20:00,Espanol,Almeria,D,D,2022/2023,80.0,-0.25,60.0,8,63.16,4,63.16,1.8,2.4,1.6,1.49,2.0,2.7,0,1.42,1
2023-08-26,SP1,18:00,Cadiz,Almeria,D,D,2023/2024,0.0,-0.25,0.0,3,63.16,2,26.32,1.0,1.0,1.0,2.1,0.5,1.83,1,0.84,0
2023-09-17,SP1,15:15,Villarreal,Almeria,H,D,2023/2024,50.0,-1.25,100.0,4,63.16,7,73.68,2.0,1.5,1.0,1.38,2.33,3.07,0,1.89,1
2023-09-26,SP1,18:00,Sevilla,Almeria,H,H,2023/2024,66.67,-0.75,75.0,9,63.16,1,57.89,2.0,2.67,1.0,1.77,1.25,2.11,0,1.42,1
2023-10-06,SP1,20:00,Ath Bilbao,Almeria,H,H,2023/2024,75.0,-1.5,80.0,9,63.16,1,57.89,2.4,2.75,0.75,1.53,1.2,2.54,0,2.21,1
2023-10-22,SP1,15:15,Girona,Almeria,H,H,2023/2024,80.0,-1.25,80.0,8,63.16,5,68.42,2.8,3.2,1.0,1.54,1.6,2.6,0,2.79,1
2023-11-05,SP1,13:00,Alaves,Almeria,H,D,2023/2024,80.0,-0.75,0.0,3,63.16,3,26.32,0.6,3.2,0.8,1.96,1.0,1.91,0,1.21,0
2023-11-25,SP1,17:30,Getafe,Almeria,H,H,2023/2024,80.0,-0.75,40.0,5,63.16,4,31.58,1.4,3.2,0.8,2.08,0.8,1.79,0,1.05,1
2023-12-10,SP1,13:00,Ath Madrid,Almeria,H,H,2023/2024,80.0,-2.0,80.0,4,63.16,5,78.95,2.0,2.6,0.8,1.37,0.8,3.15,0,2.21,1
2023-12-20,SP1,18:00,Barcelona,Almeria,H,D,2023/2024,80.0,-2.25,80.0,11,63.16,5,57.89,1.8,2.6,1.2,1.28,1.8,3.52,0,2.26,1
2024-01-04,SP1,16:00,Osasuna,Almeria,H,H,2023/2024,60.0,-0.75,20.0,2,63.16,0,26.32,1.2,1.8,0.8,1.92,1.2,1.93,0,1.0,0
2024-01-21,SP1,15:15,Real Madrid,Almeria,H,A,2023/2024,80.0,-2.5,60.0,6,63.16,2,57.89,3.0,2.2,1.2,1.3,0.8,3.55,0,2.53,1
2024-02-03,SP1,13:00,Valencia,Almeria,H,H,2023/2024,80.0,-0.75,40.0,2,63.16,5,36.84,1.4,2.2,1.2,2.01,0.6,1.85,0,1.05,1
2024-02-18,SP1,15:15,Granada,Almeria,D,A,2023/2024,60.0,-0.25,20.0,7,63.16,3,47.37,0.8,2.0,1.2,2.07,1.2,1.81,0,1.26,0
2024-03-01,SP1,20:00,Celta,Almeria,H,D,2023/2024,40.0,-0.75,40.0,6,63.16,0,42.11,0.8,1.6,0.8,1.87,1.0,1.98,1,1.11,0
2024-03-17,SP1,15:15,Las Palmas,Almeria,A,A,2023/2024,40.0,-0.75,20.0,6,63.16,2,31.58,0.8,1.4,1.0,1.75,1.2,2.18,0,1.05,0
2024-04-14,SP1,20:00,Sociedad,Almeria,D,D,2023/2024,40.0,-1.5,40.0,4,63.16,3,31.58,1.0,1.2,1.0,1.68,1.2,2.25,0,1.37,1
2024-05-05,SP1,20:00,Vallecano,Almeria,A,A,2023/2024,20.0,-0.75,20.0,10,63.16,2,36.84,1.0,0.8,1.0,1.98,0.6,1.88,0,0.95,0
2024-05-12,SP1,20:00,Betis,Almeria,H,H,2023/2024,40.0,-1.25,80.0,7,63.16,7,36.84,2.2,1.2,1.2,1.52,1.6,2.62,0,1.42,1
2024-05-19,SP1,18:00,Mallorca,Almeria,D,D,2023/2024,60.0,-1.25,20.0,8,63.16,3,26.32,0.8,1.4,1.6,2.09,0.8,1.77,0,0.89,1
2022-08-29,SP1,19:00,Cadiz,Ath Bilbao,A,A,2022/2023,100.0,0.25,50.0,3,57.89,8,31.58,0.0,0.0,4.0,2.44,2.5,1.6,0,1.0,1
2022-09-11,SP1,15:15,Elche,Ath Bilbao,A,A,2022/2023,100.0,0.75,33.33,2,57.89,8,36.84,0.67,0.5,4.0,2.1,2.0,1.8,0,0.95,1
2022-10-08,SP1,17:30,Sevilla,Ath Bilbao,D,H,2022/2023,66.67,0.25,25.0,3,57.89,4,52.63,0.5,0.67,3.0,1.92,1.75,1.94,1,1.26,0
2022-10-18,SP1,19:00,Getafe,Ath Bilbao,D,D,2022/2023,75.0,0.5,60.0,4,57.89,4,42.11,1.2,1.0,2.75,2.54,1.4,1.55,0,1.11,1
2022-10-23,SP1,20:00,Barcelona,Ath Bilbao,H,H,2022/2023,80.0,-1.25,80.0,7,57.89,3,47.37,3.0,1.6,2.2,1.59,0.0,2.4,0,1.95,1
2022-11-04,SP1,20:00,Girona,Ath Bilbao,H,D,2022/2023,80.0,0.5,60.0,10,57.89,7,63.16,1.8,2.0,1.6,1.98,1.8,1.88,0,1.84,1
2022-12-29,SP1,18:15,Betis,Ath Bilbao,D,D,2022/2023,60.0,0.25,60.0,5,57.89,0,47.37,1.4,1.8,0.8,2.02,1.0,1.84,0,1.37,0
2023-01-14,SP1,20:00,Sociedad,Ath Bilbao,H,H,2022/2023,80.0,-0.25,20.0,5,57.89,2,31.58,1.4,2.2,0.8,2.73,0.8,1.47,1,1.37,1
2023-01-29,SP1,17:30,Celta,Ath Bilbao,H,D,2022/2023,60.0,0.25,20.0,3,57.89,0,52.63,1.0,2.0,0.4,2.68,1.0,1.51,0,1.37,0
2023-02-11,SP1,20:00,Valencia,Ath Bilbao,A,D,2022/2023,60.0,0.25,60.0,8,57.89,3,47.37,1.2,1.4,0.8,2.29,1.2,1.65,0,1.42,1
2023-02-19,SP1,17:30,Ath Madrid,Ath Bilbao,H,D,2022/2023,40.0,-0.5,20.0,5,57.89,2,57.89,1.4,1.2,0.6,2.36,0.4,1.63,0,2.16,0
2023-03-05,SP1,17:30,Vallecano,Ath Bilbao,D,D,2022/2023,40.0,0.0,20.0,2,57.89,3,63.16,0.8,1.2,0.6,2.53,1.0,1.55,1,1.47,0
2023-03-17,SP1,20:00,Valladolid,Ath Bilbao,A,A,2022/2023,40.0,0.5,40.0,3,57.89,6,47.37,0.8,0.8,1.0,2.03,1.0,1.81,0,1.11,1
2023-04-08,SP1,15:15,Espanol,Ath Bilbao,A,A,2022/2023,60.0,0.5,80.0,2,57.89,7,63.16,1.4,0.8,1.4,2.44,2.0,1.56,0,1.42,1
2023-04-22,SP1,15:15,Almeria,Ath Bilbao,A,A,2022/2023,60.0,0.75,40.0,4,57.89,3,57.89,1.0,0.8,1.4,1.84,1.2,2.05,0,1.53,1
2023-05-01,SP1,18:00,Mallorca,Ath Bilbao,D,D,2022/2023,60.0,0.25,20.0,2,57.89,6,21.05,1.0,0.8,1.6,3.04,0.8,1.38,0,1.16,0
2023-05-13,SP1,17:30,Villarreal,Ath Bilbao,H,H,2022/2023,80.0,-0.25,80.0,11,57.89,5,52.63,3.0,1.8,1.8,1.76,1.2,2.12,0,1.89,1
2023-05-25,SP1,20:30,Osasuna,Ath Bilbao,H,D,2022/2023,60.0,0.25,60.0,3,57.89,5,47.37,2.0,2.0,1.2,2.08,1.2,1.79,0,1.26,0
2023-06-04,SP1,17:30,Real Madrid,Ath Bilbao,D,D,2022/2023,40.0,-0.75,40.0,2,57.89,9,57.89,2.0,2.0,1.0,1.54,0.8,2.53,0,2.32,0
2023-08-19,SP1,20:30,Osasuna,Ath Bilbao,A,A,2023/2024,0.0,0.0,0.0,7,26.32,2,26.32,0.0,0.0,2.0,2.59,2.0,1.52,1,1.0,0
2023-09-03,SP1,15:15,Mallorca,Ath Bilbao,D,D,2023/2024,0.0,0.25,0.0,2,26.32,3,26.32,0.0,0.0,1.0,2.72,0.5,1.48,0,0.89,0
2023-09-22,SP1,20:00,Alaves,Ath Bilbao,A,A,2023/2024,0.0,0.5,33.33,5,26.32,3,26.32,1.67,0.0,1.33,2.7,1.67,1.49,0,1.21,0
2023-09-30,SP1,20:00,Sociedad,Ath Bilbao,H,H,2023/2024,25.0,-0.25,60.0,5,26.32,3,31.58,2.8,0.75,1.0,2.52,1.6,1.55,0,1.37,1
2023-10-22,SP1,20:00,Barcelona,Ath Bilbao,H,D,2023/2024,20.0,-0.5,40.0,7,26.32,3,57.89,2.4,0.8,0.8,1.72,0.4,2.16,0,2.26,0
2023-11-05,SP1,17:30,Villarreal,Ath Bilbao,A,A,2023/2024,40.0,0.5,80.0,6,26.32,7,73.68,1.4,1.2,1.0,1.68,1.8,2.33,0,1.89,1
2023-11-27,SP1,20:00,Girona,Ath Bilbao,D,D,2023/2024,40.0,-0.25,60.0,2,26.32,6,68.42,2.4,1.4,1.2,1.67,1.8,2.2,0,2.79,0
2023-12-11,SP1,20:00,Granada,Ath Bilbao,D,A,2023/2024,40.0,0.5,40.0,4,26.32,4,47.37,1.4,1.6,1.0,1.81,1.6,2.03,0,1.26,0
2024-01-04,SP1,18:15,Sevilla,Ath Bilbao,A,A,2023/2024,20.0,0.25,20.0,2,26.32,6,57.89,0.6,1.0,1.4,2.05,1.6,1.8,0,1.42,0
2024-01-20,SP1,17:30,Valencia,Ath Bilbao,H,D,2023/2024,20.0,0.25,20.0,1,26.32,3,36.84,1.2,1.0,1.4,2.35,0.4,1.62,0,1.05,0
2024-01-28,SP1,15:15,Cadiz,Ath Bilbao,D,D,2023/2024,0.0,0.5,40.0,2,26.32,0,26.32,0.4,0.6,0.8,2.35,1.6,1.6,0,0.84,0
2024-02-12,SP1,20:00,Almeria,Ath Bilbao,D,D,2023/2024,0.0,0.75,20.0,4,26.32,4,68.42,0.0,0.4,0.6,2.07,0.6,1.77,0,1.16,0
2024-02-25,SP1,15:15,Betis,Ath Bilbao,H,H,2023/2024,20.0,0.5,40.0,5,26.32,1,36.84,1.4,0.8,0.6,2.18,1.2,1.71,1,1.42,1
2024-03-10,SP1,15:15,Las Palmas,Ath Bilbao,A,A,2023/2024,20.0,0.5,40.0,2,26.32,2,31.58,1.4,0.8,0.6,2.14,1.0,1.75,0,1.05,0
2024-03-31,SP1,20:00,Real Madrid,Ath Bilbao,H,H,2023/2024,20.0,-1.0,40.0,4,26.32,3,57.89,2.4,1.0,0.6,1.76,0.2,2.13,0,2.53,0
2024-04-27,SP1,20:00,Ath Madrid,Ath Bilbao,H,D,2023/2024,40.0,-0.5,100.0,3,26.32,1,78.95,2.6,1.6,0.8,2.07,1.2,1.79,0,2.21,1
2024-05-03,SP1,20:00,Getafe,Ath Bilbao,A,A,2023/2024,40.0,0.25,20.0,9,26.32,2,31.58,1.0,1.6,1.2,2.48,1.4,1.53,2,1.05,0
2024-05-15,SP1,21:00,Celta,Ath Bilbao,H,A,2023/2024,40.0,-0.25,60.0,4,26.32,2,42.11,2.0,1.4,1.2,2.12,0.8,1.71,0,1.11,1
2024-05-25,SP1,17:30,Vallecano,Ath Bilbao,A,D,2023/2024,40.0,0.25,40.0,4,26.32,1,36.84,0.8,1.4,1.0,2.16,0.8,1.73,0,0.95,0
2024-08-24,SP1,18:00,Barcelona,Ath Bilbao,H,D,2024/2025,100.0,-1.0,100.0,5,66.67,2,66.67,2.0,2.0,1.0,1.64,1.0,2.32,0,3.33,1
2024-09-15,SP1,17:30,Las Palmas,Ath Bilbao,A,A,2024/2025,100.0,0.5,66.67,6,66.67,4,50.0,1.67,2.0,2.0,2.17,2.0,1.72,1,1.5,1
2024-09-19,SP1,18:00,Leganes,Ath Bilbao,A,D,2024/2025,66.67,0.25,33.33,3,66.67,4,33.33,0.67,1.33,2.0,2.81,1.33,1.43,0,0.67,0
2022-08-15,SP1,18:30,Getafe,Ath Madrid,A,A,2022/2023,100.0,0.5,100.0,0,36.84,5,42.11,0.0,0.0,3.0,3.06,3.0,1.41,0,1.11,1
2022-08-29,SP1,21:00,Valencia,Ath Madrid,A,D,2022/2023,50.0,0.5,0.0,2,36.84,7,47.37,0.5,0.0,2.0,2.2,0.5,1.7,0,1.42,0
2022-09-03,SP1,17:30,Sociedad,Ath Madrid,D,A,2022/2023,33.33,0.0,50.0,5,36.84,7,31.58,1.0,0.33,1.67,2.38,2.5,1.61,0,1.37,0
2022-10-01,SP1,17:30,Sevilla,Ath Madrid,A,A,2022/2023,25.0,0.25,33.33,3,36.84,6,52.63,0.33,0.25,1.75,2.38,2.0,1.62,0,1.26,0
2022-10-15,SP1,20:00,Ath Bilbao,Ath Madrid,A,D,2022/2023,20.0,-0.25,40.0,3,36.84,1,31.58,1.6,0.2,1.6,2.28,0.8,1.66,0,1.16,0
2022-10-23,SP1,15:15,Betis,Ath Madrid,A,D,2022/2023,20.0,0.25,60.0,4,36.84,3,47.37,1.6,0.4,1.4,2.36,0.8,1.61,0,1.37,1
2022-10-29,SP1,15:15,Cadiz,Ath Madrid,H,H,2022/2023,40.0,0.75,60.0,7,36.84,7,31.58,1.0,1.0,1.6,2.27,1.6,1.65,0,1.0,1
2022-11-09,SP1,20:30,Mallorca,Ath Madrid,H,H,2022/2023,40.0,0.25,0.0,3,36.84,5,21.05,0.6,1.0,1.4,3.02,0.6,1.4,0,1.16,0
2023-01-15,SP1,15:15,Almeria,Ath Madrid,D,D,2022/2023,40.0,0.75,40.0,3,36.84,6,57.89,1.6,1.2,1.2,1.97,1.2,1.94,1,1.53,0
2023-01-29,SP1,15:15,Osasuna,Ath Madrid,A,D,2022/2023,40.0,0.5,20.0,4,36.84,5,47.37,1.0,1.2,1.2,2.61,0.6,1.52,0,1.26,0
2023-02-12,SP1,15:15,Celta,Ath Madrid,A,D,2022/2023,20.0,0.25,20.0,3,36.84,2,52.63,0.8,1.0,1.0,2.42,1.0,1.62,1,1.37,0
2023-02-25,SP1,17:30,Real Madrid,Ath Madrid,D,D,2022/2023,0.0,-0.5,40.0,7,36.84,2,57.89,1.8,0.6,0.8,2.19,0.4,1.68,1,2.32,0
2023-03-13,SP1,20:00,Girona,Ath Madrid,A,D,2022/2023,0.0,0.5,40.0,4,36.84,4,63.16,1.8,0.4,1.0,2.08,1.0,1.84,0,1.84,0
2023-04-09,SP1,20:00,Vallecano,Ath Madrid,A,A,2022/2023,20.0,0.5,40.0,3,36.84,4,63.16,1.2,0.4,1.2,2.44,1.0,1.59,0,1.47,1
2023-04-23,SP1,15:15,Barcelona,Ath Madrid,H,H,2022/2023,20.0,-0.5,20.0,4,36.84,3,47.37,1.2,0.6,1.0,2.1,0.2,1.75,0,1.95,0
2023-04-30,SP1,20:00,Valladolid,Ath Madrid,A,A,2022/2023,40.0,0.75,80.0,6,36.84,6,47.37,1.8,1.0,1.8,1.79,2.4,2.07,0,1.11,1
2023-05-14,SP1,15:15,Elche,Ath Madrid,H,H,2022/2023,40.0,1.25,40.0,4,36.84,4,36.84,1.2,1.0,1.6,1.6,1.4,2.53,0,0.95,0
2023-05-24,SP1,21:00,Espanol,Ath Madrid,D,A,2022/2023,60.0,0.25,60.0,13,36.84,7,63.16,1.4,1.6,2.0,1.77,1.8,2.08,0,1.42,1
2023-06-04,SP1,17:30,Villarreal,Ath Madrid,D,D,2022/2023,60.0,0.0,80.0,7,36.84,3,52.63,3.2,1.8,2.0,1.44,1.2,2.94,1,1.89,1
2023-08-20,SP1,20:30,Betis,Ath Madrid,D,D,2023/2024,0.0,0.5,0.0,0,42.11,1,36.84,0.0,0.0,0.0,2.0,0.0,1.92,0,1.42,0
2023-08-28,SP1,20:30,Vallecano,Ath Madrid,A,A,2023/2024,50.0,0.5,100.0,3,42.11,10,36.84,0.0,0.0,3.5,2.25,7.0,1.67,0,0.95,1
2023-09-16,SP1,15:15,Valencia,Ath Madrid,H,H,2023/2024,66.67,0.25,66.67,8,42.11,3,36.84,1.67,1.0,2.33,2.23,0.67,1.66,0,1.05,1
2023-09-28,SP1,20:30,Osasuna,Ath Madrid,A,A,2023/2024,50.0,0.5,25.0,2,42.11,3,26.32,0.25,0.75,2.25,2.21,1.5,1.69,1,1.0,0
2023-10-21,SP1,20:00,Celta,Ath Madrid,A,A,2023/2024,60.0,0.25,40.0,3,42.11,7,42.11,0.6,0.6,2.4,1.93,1.6,1.93,0,1.11,1
2023-11-03,SP1,20:00,Las Palmas,Ath Madrid,H,D,2023/2024,80.0,0.75,40.0,3,42.11,5,31.58,1.0,1.0,2.6,2.12,0.6,1.75,0,1.05,1
2023-12-03,SP1,20:00,Barcelona,Ath Madrid,H,H,2023/2024,60.0,-0.5,40.0,2,42.11,4,57.89,1.2,1.2,1.2,1.67,0.6,2.31,0,2.26,0
2023-12-16,SP1,15:15,Ath Bilbao,Ath Madrid,H,D,2023/2024,40.0,0.0,80.0,7,42.11,3,57.89,3.0,1.0,1.2,1.87,1.0,1.99,0,2.21,0
2024-01-03,SP1,20:30,Girona,Ath Madrid,H,H,2023/2024,60.0,0.0,60.0,9,42.11,12,68.42,2.2,1.8,1.4,1.61,1.0,2.43,0,2.79,1
2024-01-22,SP1,20:00,Granada,Ath Madrid,A,D,2023/2024,40.0,1.0,20.0,2,42.11,5,47.37,0.8,1.8,1.0,1.74,1.2,2.15,0,1.26,0
2024-02-04,SP1,20:00,Real Madrid,Ath Madrid,D,H,2023/2024,20.0,-0.75,40.0,4,42.11,5,57.89,2.2,1.6,1.0,1.61,0.8,2.35,0,2.53,0
2024-02-11,SP1,17:30,Sevilla,Ath Madrid,H,H,2023/2024,20.0,0.5,40.0,6,42.11,5,57.89,0.8,1.6,1.0,1.84,1.8,2.05,0,1.42,0
2024-02-24,SP1,20:00,Almeria,Ath Madrid,D,D,2023/2024,40.0,0.75,40.0,4,42.11,9,68.42,0.4,1.6,1.4,1.82,1.0,2.06,0,1.16,1
2024-03-09,SP1,15:15,Cadiz,Ath Madrid,H,H,2023/2024,20.0,0.75,40.0,3,42.11,4,26.32,1.0,1.2,0.8,2.05,1.6,1.81,0,0.84,0
2024-04-01,SP1,20:00,Villarreal,Ath Madrid,A,A,2023/2024,40.0,0.25,40.0,2,42.11,8,73.68,1.6,1.4,1.0,1.72,0.8,2.13,0,1.89,1
2024-04-21,SP1,17:30,Alaves,Ath Madrid,H,H,2023/2024,40.0,0.75,0.0,3,42.11,4,26.32,1.0,1.6,0.8,2.29,0.6,1.65,0,1.21,0
2024-05-04,SP1,20:00,Mallorca,Ath Madrid,A,A,2023/2024,40.0,0.25,20.0,4,42.11,4,26.32,0.6,1.4,1.0,2.61,0.8,1.49,0,0.89,0
2024-05-15,SP1,21:00,Getafe,Ath Madrid,A,A,2023/2024,40.0,0.75,20.0,3,42.11,3,31.58,0.4,1.0,1.2,2.01,1.4,1.88,0,1.05,1
2024-05-25,SP1,15:15,Sociedad,Ath Madrid,A,A,2023/2024,40.0,0.0,20.0,4,42.11,4,31.58,1.0,0.6,1.6,1.89,1.0,1.96,1,1.37,0
2024-08-19,SP1,20:30,Villarreal,Ath Madrid,D,D,2024/2025,100.0,0.25,100.0,3,25.0,5,100.0,2.0,2.0,2.0,1.78,2.0,2.06,0,2.5,1
2024-08-31,SP1,18:00,Ath Bilbao,Ath Madrid,A,D,2024/2025,50.0,0.0,0.0,1,25.0,2,20.0,0.67,1.0,1.5,2.06,0.67,1.79,0,1.2,0
2024-09-22,SP1,20:00,Vallecano,Ath Madrid,D,H,2024/2025,33.33,0.75,66.67,3,25.0,5,50.0,1.67,1.0,1.33,2.19,1.33,1.68,0,1.5,0
2024-09-26,SP1,20:00,Celta,Ath Madrid,A,D,2024/2025,25.0,0.5,75.0,4,25.0,2,60.0,2.0,0.75,1.25,1.91,1.0,1.92,0,1.8,0
2022-08-21,SP1,21:00,Sociedad,Barcelona,A,D,2022/2023,100.0,0.25,100.0,5,57.89,7,31.58,1.0,1.0,4.0,1.88,4.0,1.95,0,1.37,1
2022-09-03,SP1,20:00,Sevilla,Barcelona,A,A,2022/2023,100.0,0.75,50.0,4,57.89,7,52.63,0.5,0.5,3.5,1.76,2.0,2.1,0,1.26,1
2022-09-10,SP1,17:30,Cadiz,Barcelona,A,D,2022/2023,100.0,1.5,66.67,0,57.89,8,31.58,0.0,0.33,3.67,1.68,3.0,2.27,0,1.0,1
2022-10-01,SP1,20:00,Mallorca,Barcelona,A,A,2022/2023,75.0,1.5,25.0,3,57.89,3,21.05,0.75,0.25,3.0,1.68,1.0,2.23,0,1.16,0
2022-10-16,SP1,15:15,Real Madrid,Barcelona,H,H,2022/2023,80.0,-0.25,75.0,4,57.89,5,57.89,2.5,0.8,2.6,1.5,1.0,2.58,0,2.32,1
2022-10-29,SP1,20:00,Valencia,Barcelona,A,D,2022/2023,60.0,1.0,80.0,2,57.89,2,47.37,2.2,0.6,2.0,1.54,1.2,2.56,0,1.42,0
2022-11-08,SP1,20:30,Osasuna,Barcelona,A,H,2022/2023,60.0,1.0,40.0,3,57.89,3,47.37,1.0,0.8,1.8,1.72,1.2,2.17,2,1.26,1
2023-01-08,SP1,20:00,Ath Madrid,Barcelona,A,A,2022/2023,40.0,0.25,20.0,5,57.89,2,57.89,1.2,0.8,1.2,2.25,0.8,1.67,1,2.16,0
2023-01-28,SP1,15:15,Girona,Barcelona,A,D,2022/2023,40.0,1.0,60.0,2,57.89,3,63.16,1.4,0.8,1.2,1.76,1.2,2.11,0,1.84,0
2023-02-01,SP1,20:00,Betis,Barcelona,A,D,2022/2023,40.0,0.75,60.0,1,57.89,3,47.37,1.2,0.4,1.4,1.98,1.2,1.88,0,1.37,1
2023-02-12,SP1,20:00,Villarreal,Barcelona,A,A,2022/2023,40.0,0.75,40.0,2,57.89,4,52.63,1.0,0.4,1.4,1.99,0.8,1.9,0,1.89,0
2023-02-26,SP1,17:30,Almeria,Barcelona,H,H,2022/2023,20.0,1.25,40.0,4,57.89,1,57.89,1.4,0.4,1.0,1.57,1.4,2.41,0,1.53,0
2023-03-12,SP1,20:00,Ath Bilbao,Barcelona,A,A,2022/2023,20.0,0.25,40.0,5,57.89,2,31.58,1.2,0.4,1.0,2.15,1.4,1.76,0,1.16,0
2023-04-01,SP1,20:00,Elche,Barcelona,A,A,2022/2023,40.0,1.5,60.0,2,57.89,6,36.84,1.2,0.4,1.6,1.7,2.0,2.24,0,0.95,1
2023-04-16,SP1,15:15,Getafe,Barcelona,D,D,2022/2023,20.0,0.75,20.0,1,57.89,3,42.11,1.4,0.2,1.2,2.32,0.6,1.64,0,1.11,0
2023-04-26,SP1,21:00,Vallecano,Barcelona,H,H,2022/2023,40.0,0.75,80.0,6,57.89,5,63.16,1.4,0.6,1.2,1.89,1.2,1.97,0,1.47,1
2023-05-14,SP1,20:00,Espanol,Barcelona,A,A,2022/2023,60.0,1.0,60.0,7,57.89,5,63.16,1.0,0.8,2.0,1.68,1.8,2.19,0,1.42,1
2023-05-23,SP1,21:00,Valladolid,Barcelona,H,H,2022/2023,80.0,0.5,80.0,4,57.89,6,47.37,1.8,1.4,2.0,1.67,2.4,2.16,0,1.11,1
2023-06-04,SP1,20:00,Celta,Barcelona,H,H,2022/2023,80.0,0.0,40.0,9,57.89,2,52.63,1.0,1.8,1.4,1.91,1.0,1.91,0,1.37,1
2023-08-13,SP1,20:30,Getafe,Barcelona,D,D,2023/2024,0.0,1.0,0.0,2,63.16,4,31.58,0.0,0.0,0.0,2.23,0.0,1.68,1,1.05,0
2023-08-27,SP1,16:30,Villarreal,Barcelona,A,D,2023/2024,50.0,0.5,100.0,6,63.16,11,73.68,2.0,1.5,2.0,1.64,3.0,2.39,0,1.89,1
2023-09-03,SP1,20:00,Osasuna,Barcelona,A,A,2023/2024,66.67,1.0,50.0,3,63.16,4,26.32,0.5,1.33,2.0,1.69,2.0,2.25,0,1.0,1
2023-09-26,SP1,20:30,Mallorca,Barcelona,D,H,2023/2024,75.0,1.25,33.33,5,63.16,4,26.32,0.67,1.5,2.0,1.88,1.0,1.97,0,0.89,1
2023-10-08,SP1,20:00,Granada,Barcelona,D,H,2023/2024,80.0,1.25,60.0,2,63.16,10,47.37,1.6,1.6,2.0,1.45,2.2,2.76,0,1.26,1
2023-11-04,SP1,20:00,Sociedad,Barcelona,A,D,2023/2024,80.0,0.25,60.0,6,63.16,4,31.58,2.6,1.6,2.2,2.05,1.4,1.79,0,1.37,0
2023-11-25,SP1,13:00,Vallecano,Barcelona,D,H,2023/2024,60.0,0.75,60.0,4,63.16,4,36.84,1.4,1.2,1.6,1.66,1.6,2.31,0,0.95,0
2023-12-16,SP1,20:00,Valencia,Barcelona,D,D,2023/2024,40.0,1.0,0.0,4,63.16,8,36.84,0.8,1.2,1.4,1.6,0.4,2.44,0,1.05,0
2024-01-04,SP1,20:30,Las Palmas,Barcelona,A,H,2023/2024,40.0,1.25,40.0,3,63.16,5,31.58,1.2,1.0,1.4,1.6,1.0,2.44,0,1.05,1
2024-01-21,SP1,17:30,Betis,Barcelona,A,A,2023/2024,40.0,0.75,20.0,5,63.16,4,36.84,1.2,1.0,1.8,1.56,1.2,2.52,0,1.42,1
2024-02-03,SP1,17:30,Alaves,Barcelona,A,A,2023/2024,60.0,0.5,40.0,2,63.16,5,26.32,1.0,1.2,2.2,1.92,1.2,1.93,1,1.21,1
2024-02-17,SP1,17:30,Celta,Barcelona,A,A,2023/2024,80.0,0.5,40.0,4,63.16,4,42.11,0.8,1.2,2.4,1.7,1.0,2.15,0,1.11,1
2024-03-03,SP1,20:00,Ath Bilbao,Barcelona,D,D,2023/2024,80.0,0.25,60.0,2,63.16,2,57.89,2.0,1.0,2.2,1.84,0.6,2.06,0,2.21,0
2024-03-17,SP1,20:00,Ath Madrid,Barcelona,A,A,2023/2024,80.0,-0.25,80.0,3,63.16,5,78.95,2.2,0.8,2.4,1.68,1.0,2.22,0,2.21,1
2024-04-13,SP1,20:00,Cadiz,Barcelona,A,A,2023/2024,60.0,0.5,20.0,3,63.16,2,26.32,1.0,0.4,1.8,2.02,1.0,1.82,0,0.84,0
2024-04-21,SP1,20:00,Real Madrid,Barcelona,H,D,2023/2024,60.0,-0.75,60.0,8,63.16,6,57.89,2.8,0.8,1.6,1.46,0.4,2.76,0,2.53,1
2024-05-04,SP1,17:30,Girona,Barcelona,H,A,2023/2024,60.0,0.25,80.0,7,63.16,7,68.42,3.2,1.4,1.6,1.47,1.0,2.75,0,2.79,1
2024-05-16,SP1,20:30,Almeria,Barcelona,A,A,2023/2024,60.0,1.5,80.0,3,63.16,7,68.42,0.8,1.4,2.0,1.35,2.4,3.25,0,1.16,0
2024-05-26,SP1,20:00,Sevilla,Barcelona,A,D,2023/2024,60.0,0.75,80.0,6,63.16,6,57.89,1.4,1.6,1.8,1.47,1.2,2.74,0,1.42,1
2024-08-17,SP1,20:30,Valencia,Barcelona,A,D,2024/2025,100.0,0.5,100.0,1,100.0,8,25.0,1.0,1.0,2.0,1.84,2.0,2.01,0,1.0,1
2024-08-27,SP1,20:30,Vallecano,Barcelona,A,H,2024/2025,100.0,0.75,100.0,4,100.0,5,50.0,1.0,1.0,2.0,1.84,2.0,2.02,0,1.5,1
2024-09-15,SP1,15:15,Girona,Barcelona,A,A,2024/2025,100.0,0.75,100.0,4,100.0,9,66.67,2.5,1.0,2.67,1.43,2.0,2.91,1,1.67,1
2024-09-22,SP1,17:30,Villarreal,Barcelona,A,A,2024/2025,100.0,0.5,100.0,4,100.0,10,100.0,2.33,1.0,3.25,1.41,3.33,3.03,0,2.5,1
2024-09-28,SP1,20:00,Osasuna,Barcelona,H,H,2024/2025,100.0,0.75,60.0,6,100.0,5,60.0,2.2,1.6,3.0,1.62,1.2,2.37,0,2.2,1
2022-08-20,SP1,18:30,Mallorca,Betis,A,A,2022/2023,100.0,0.25,100.0,7,47.37,3,21.05,1.0,1.0,2.0,2.2,2.0,1.71,0,1.16,1
2022-09-03,SP1,15:15,Real Madrid,Betis,H,D,2022/2023,100.0,-1.5,100.0,4,47.37,4,57.89,2.0,1.5,1.5,1.46,1.0,2.74,0,2.32,1
2022-10-02,SP1,15:15,Celta,Betis,H,H,2022/2023,66.67,-0.25,75.0,4,47.37,4,52.63,1.75,1.33,1.0,2.19,1.5,1.71,1,1.37,0
2022-10-09,SP1,13:00,Valladolid,Betis,D,D,2022/2023,50.0,0.25,25.0,3,47.37,1,47.37,0.25,1.0,0.75,1.84,1.0,2.03,1,1.11,0
2022-10-19,SP1,18:00,Cadiz,Betis,D,D,2022/2023,40.0,0.25,60.0,3,47.37,3,31.58,0.4,0.8,0.6,2.23,2.0,1.68,1,1.0,0
2022-10-30,SP1,20:00,Sociedad,Betis,A,D,2022/2023,20.0,-0.5,20.0,7,47.37,4,31.58,1.0,0.6,0.6,2.27,0.8,1.67,0,1.37,0
2022-11-10,SP1,19:00,Valencia,Betis,H,D,2022/2023,20.0,-0.25,80.0,7,47.37,1,47.37,1.8,0.8,0.4,2.09,1.0,1.79,1,1.42,1
2023-01-08,SP1,15:15,Vallecano,Betis,A,A,2022/2023,40.0,-0.25,60.0,3,47.37,3,63.16,1.8,0.8,0.8,2.28,1.0,1.67,0,1.47,1
2023-01-21,SP1,15:15,Espanol,Betis,H,H,2022/2023,40.0,0.0,40.0,2,47.37,4,63.16,1.2,1.0,0.8,2.48,1.0,1.58,0,1.42,0
2023-01-28,SP1,20:00,Getafe,Betis,A,D,2022/2023,40.0,0.0,40.0,1,47.37,2,42.11,1.0,1.0,1.0,3.05,1.0,1.39,0,1.11,0
2023-02-11,SP1,15:15,Almeria,Betis,A,A,2022/2023,60.0,0.0,40.0,9,47.37,7,57.89,1.4,1.4,1.2,2.06,1.4,1.84,0,1.53,1
2023-02-24,SP1,20:00,Elche,Betis,A,H,2022/2023,60.0,0.5,40.0,2,47.37,9,36.84,1.2,1.2,1.8,2.03,1.4,1.81,0,0.95,1
2023-03-12,SP1,17:30,Villarreal,Betis,D,A,2022/2023,40.0,-0.75,20.0,4,47.37,3,52.63,0.8,1.2,1.6,1.79,0.8,2.12,0,1.89,0
2023-04-02,SP1,20:00,Ath Madrid,Betis,H,D,2022/2023,40.0,-1.25,40.0,7,47.37,2,57.89,2.4,1.2,1.6,1.93,0.4,1.91,0,2.16,0
2023-04-22,SP1,13:00,Osasuna,Betis,H,H,2022/2023,60.0,-0.25,60.0,5,47.37,6,47.37,1.0,1.8,1.8,2.43,1.6,1.56,0,1.26,1
2023-04-29,SP1,20:00,Barcelona,Betis,H,H,2022/2023,60.0,-1.5,40.0,8,47.37,1,47.37,1.6,2.2,1.2,1.59,0.2,2.43,1,1.95,1
2023-05-04,SP1,21:00,Ath Bilbao,Betis,A,A,2022/2023,40.0,-0.75,0.0,6,47.37,2,31.58,0.4,1.8,0.8,2.07,0.6,1.87,0,1.16,0
2023-05-21,SP1,20:00,Sevilla,Betis,D,D,2022/2023,40.0,-0.25,60.0,4,47.37,0,52.63,1.4,1.6,0.6,1.92,1.4,1.9,1,1.26,0
2023-05-28,SP1,18:00,Girona,Betis,A,H,2022/2023,60.0,-0.5,80.0,3,47.37,7,63.16,2.0,1.6,1.0,1.97,1.4,1.91,0,1.84,1
2023-08-13,SP1,18:30,Villarreal,Betis,A,A,2023/2024,100.0,-0.75,100.0,5,42.11,5,73.68,1.0,1.0,2.0,1.73,2.0,2.16,0,1.89,1
2023-08-27,SP1,20:30,Ath Bilbao,Betis,H,H,2023/2024,100.0,-0.5,50.0,6,42.11,3,57.89,2.0,2.5,2.0,2.18,2.0,1.7,0,2.21,1
2023-09-16,SP1,20:00,Barcelona,Betis,H,H,2023/2024,100.0,-1.5,50.0,9,42.11,2,57.89,3.5,3.33,1.33,1.47,0.0,2.83,0,2.26,1
2023-09-28,SP1,18:00,Granada,Betis,D,D,2023/2024,75.0,0.0,50.0,7,42.11,3,47.37,1.5,2.75,1.25,1.94,2.25,1.92,0,1.26,0
2023-10-08,SP1,17:30,Alaves,Betis,D,D,2023/2024,60.0,0.0,20.0,5,42.11,2,26.32,1.2,2.4,1.2,2.22,1.6,1.68,1,1.21,0
2023-10-21,SP1,15:15,Getafe,Betis,D,D,2023/2024,40.0,-0.25,20.0,4,42.11,3,31.58,1.0,2.4,1.0,2.34,0.6,1.62,0,1.05,0
2023-11-12,SP1,17:30,Sevilla,Betis,D,D,2023/2024,20.0,-0.25,40.0,4,42.11,6,57.89,2.0,1.8,0.8,1.87,1.0,1.96,0,1.42,0
2023-12-03,SP1,15:15,Almeria,Betis,D,D,2023/2024,0.0,0.5,80.0,8,42.11,2,68.42,1.4,0.8,0.8,1.7,2.0,2.22,1,1.16,0
2023-12-17,SP1,15:15,Sociedad,Betis,D,D,2023/2024,0.0,-1.0,40.0,4,42.11,3,31.58,1.2,0.6,0.6,1.97,0.4,1.92,0,1.37,0
2024-01-03,SP1,18:15,Celta,Betis,H,D,2023/2024,20.0,-0.25,40.0,6,42.11,3,42.11,1.0,0.8,0.6,2.03,1.2,1.8,0,1.11,1
2024-01-27,SP1,20:00,Mallorca,Betis,A,A,2023/2024,20.0,-0.25,20.0,1,42.11,2,26.32,1.0,0.6,0.6,2.46,0.8,1.58,0,0.89,0
2024-02-09,SP1,20:00,Cadiz,Betis,A,A,2023/2024,20.0,0.0,20.0,5,42.11,5,26.32,0.4,0.4,0.8,2.62,1.4,1.51,0,0.84,0
2024-03-03,SP1,15:15,Ath Madrid,Betis,H,H,2023/2024,40.0,-1.0,60.0,12,42.11,6,78.95,2.4,0.8,1.0,1.8,0.4,2.05,0,2.21,1
2024-03-17,SP1,17:30,Vallecano,Betis,H,H,2023/2024,40.0,-0.25,20.0,4,42.11,1,36.84,1.0,1.2,1.0,2.4,1.2,1.6,0,0.95,0
2024-03-31,SP1,15:15,Girona,Betis,H,D,2023/2024,40.0,-0.75,60.0,5,42.11,4,68.42,2.6,1.4,1.2,1.65,0.6,2.28,0,2.79,1
2024-04-20,SP1,17:30,Valencia,Betis,A,A,2023/2024,60.0,0.0,40.0,5,42.11,6,36.84,0.8,1.6,1.4,2.56,0.8,1.57,0,1.05,1
2024-05-05,SP1,13:00,Osasuna,Betis,A,A,2023/2024,60.0,0.25,20.0,2,42.11,4,26.32,1.0,1.6,1.4,2.31,1.4,1.64,0,1.0,0
2024-05-16,SP1,18:30,Las Palmas,Betis,D,D,2023/2024,60.0,0.25,20.0,9,42.11,4,31.58,0.4,1.6,1.6,2.12,1.8,1.79,0,1.05,1
2024-05-25,SP1,20:00,Real Madrid,Betis,D,D,2023/2024,60.0,-2.0,60.0,5,42.11,3,57.89,2.6,1.2,1.6,1.32,0.4,3.52,0,2.53,0
2024-08-25,SP1,18:15,Alaves,Betis,D,D,2024/2025,0.0,-0.25,0.0,1,0.0,3,33.33,0.0,0.0,0.0,2.73,0.0,1.46,0,1.33,0
2024-09-01,SP1,20:30,Real Madrid,Betis,H,D,2024/2025,0.0,-1.75,50.0,8,0.0,2,75.0,2.5,1.0,0.0,1.53,0.0,2.49,0,3.0,0
2024-09-26,SP1,18:00,Las Palmas,Betis,D,D,2024/2025,0.0,0.25,50.0,2,0.0,5,50.0,1.5,1.0,0.33,2.01,1.75,1.86,0,1.5,0
2022-08-20,SP1,16:30,Osasuna,Cadiz,H,H,2022/2023,0.0,-0.5,50.0,3,26.32,2,47.37,2.0,2.0,0.0,2.46,0.5,1.56,1,1.26,0
2022-09-02,SP1,20:00,Celta,Cadiz,H,D,2022/2023,50.0,-0.75,100.0,5,26.32,0,52.63,2.0,2.5,0.0,2.36,2.0,1.6,0,1.37,1
2022-09-16,SP1,20:00,Valladolid,Cadiz,A,D,2022/2023,33.33,-0.5,33.33,6,26.32,1,47.37,0.33,1.67,0.33,2.22,1.33,1.71,0,1.11,0
2022-10-15,SP1,13:00,Girona,Cadiz,D,D,2022/2023,25.0,-0.5,60.0,6,26.32,2,63.16,1.8,1.5,0.5,2.43,1.8,1.6,0,1.84,0
2022-10-22,SP1,13:00,Vallecano,Cadiz,H,H,2022/2023,40.0,-0.75,60.0,11,26.32,0,63.16,1.8,2.2,0.6,2.34,1.0,1.66,2,1.47,1
2022-11-05,SP1,13:00,Getafe,Cadiz,D,D,2022/2023,40.0,-0.25,60.0,2,26.32,4,42.11,1.2,1.8,0.6,3.0,1.4,1.42,1,1.11,0
2022-11-10,SP1,20:30,Real Madrid,Cadiz,H,H,2022/2023,40.0,-2.0,60.0,5,26.32,5,57.89,2.0,1.6,0.8,1.49,1.0,2.66,0,2.32,1
2023-01-06,SP1,20:00,Valencia,Cadiz,A,A,2022/2023,40.0,-1.0,60.0,2,26.32,2,47.37,1.2,1.6,0.8,1.91,1.2,1.98,0,1.42,0
2023-01-21,SP1,20:00,Sevilla,Cadiz,H,D,2022/2023,40.0,-0.75,40.0,9,26.32,1,52.63,1.0,1.6,0.6,2.27,1.0,1.67,1,1.26,0
2023-02-03,SP1,20:00,Ath Bilbao,Cadiz,H,H,2022/2023,40.0,-1.25,40.0,9,26.32,3,31.58,1.6,1.4,0.6,2.07,0.6,1.78,0,1.16,1
2023-02-19,SP1,20:00,Barcelona,Cadiz,H,H,2022/2023,40.0,-1.75,20.0,5,26.32,4,47.37,1.8,1.8,0.6,1.6,0.2,2.45,0,1.95,0
2023-03-03,SP1,20:00,Sociedad,Cadiz,D,D,2022/2023,20.0,-1.0,20.0,3,26.32,2,31.58,1.2,1.4,0.4,2.41,0.6,1.61,0,1.37,0
2023-03-18,SP1,13:00,Almeria,Cadiz,D,D,2022/2023,20.0,-0.5,40.0,5,26.32,4,57.89,1.4,1.6,0.4,2.05,1.4,1.82,0,1.53,0
2023-04-09,SP1,15:15,Betis,Cadiz,A,D,2022/2023,20.0,-0.75,40.0,3,26.32,4,47.37,1.2,1.4,0.8,2.13,1.4,1.75,0,1.37,0
2023-04-21,SP1,20:00,Espanol,Cadiz,D,D,2022/2023,0.0,-0.25,80.0,5,26.32,2,63.16,1.2,0.6,0.6,2.44,1.8,1.58,0,1.42,0
2023-05-03,SP1,21:00,Ath Madrid,Cadiz,H,H,2022/2023,20.0,-1.5,80.0,8,26.32,1,57.89,2.8,1.2,0.8,1.64,0.6,2.37,0,2.16,1
2023-05-12,SP1,20:00,Mallorca,Cadiz,H,H,2022/2023,20.0,-0.25,20.0,3,26.32,4,21.05,1.2,1.4,0.8,2.86,0.6,1.41,0,1.16,0
2023-05-24,SP1,18:30,Villarreal,Cadiz,H,H,2022/2023,20.0,-1.0,80.0,7,26.32,8,52.63,3.0,1.6,0.6,1.56,1.2,2.51,0,1.89,0
2023-06-04,SP1,20:00,Elche,Cadiz,D,A,2022/2023,20.0,0.0,20.0,5,26.32,3,36.84,1.4,1.8,0.4,1.88,0.8,1.99,0,0.95,0
2023-08-20,SP1,18:30,Barcelona,Cadiz,H,D,2023/2024,0.0,-1.75,0.0,10,26.32,1,57.89,2.0,2.0,0.0,1.65,0.0,2.28,0,2.26,0
2023-09-16,SP1,13:00,Ath Bilbao,Cadiz,H,D,2023/2024,50.0,-1.0,66.67,9,26.32,4,57.89,2.33,2.5,0.0,2.16,1.33,1.76,0,2.21,1
2023-09-24,SP1,17:30,Betis,Cadiz,D,A,2023/2024,33.33,-0.75,0.0,7,26.32,1,36.84,0.67,2.0,0.33,2.15,0.33,1.76,0,1.42,0
2023-10-01,SP1,20:00,Ath Madrid,Cadiz,H,A,2023/2024,50.0,-1.5,100.0,9,26.32,4,78.95,3.0,2.25,0.75,1.78,1.33,2.09,0,2.21,1
2023-10-23,SP1,20:00,Valencia,Cadiz,H,H,2023/2024,40.0,-0.75,40.0,4,26.32,4,36.84,1.4,2.2,0.6,2.29,0.6,1.65,1,1.05,0
2023-11-06,SP1,20:00,Getafe,Cadiz,H,D,2023/2024,40.0,-0.5,20.0,3,26.32,2,31.58,1.2,2.0,0.6,2.7,0.6,1.48,0,1.05,0
2023-11-29,SP1,20:00,Mallorca,Cadiz,D,D,2023/2024,20.0,-0.5,20.0,3,26.32,3,26.32,0.8,1.6,0.8,2.56,0.8,1.54,0,0.89,0
2023-12-04,SP1,20:00,Celta,Cadiz,D,A,2023/2024,20.0,-1.0,40.0,7,26.32,1,42.11,1.0,1.6,0.8,1.92,1.6,1.99,1,1.11,0
2023-12-17,SP1,17:30,Las Palmas,Cadiz,D,H,2023/2024,0.0,-0.5,40.0,2,26.32,5,31.58,1.4,1.2,0.6,2.45,0.8,1.57,0,1.05,0
2024-01-03,SP1,16:00,Granada,Cadiz,H,H,2023/2024,0.0,-0.25,40.0,8,26.32,2,47.37,1.2,1.2,0.6,2.46,1.6,1.58,1,1.26,0
2024-01-19,SP1,20:00,Alaves,Cadiz,H,D,2023/2024,0.0,-0.75,20.0,3,26.32,1,26.32,1.0,1.2,0.6,2.57,0.6,1.53,0,1.21,0
2024-02-04,SP1,13:00,Villarreal,Cadiz,D,D,2023/2024,0.0,-1.0,60.0,4,26.32,2,73.68,1.4,1.0,0.4,1.81,1.4,2.08,0,1.89,0
2024-02-17,SP1,15:15,Osasuna,Cadiz,H,D,2023/2024,0.0,-0.5,40.0,4,26.32,1,26.32,1.4,1.2,0.2,2.61,1.0,1.52,0,1.0,0
2024-03-02,SP1,15:15,Vallecano,Cadiz,D,D,2023/2024,0.0,-0.75,20.0,5,26.32,5,36.84,0.6,1.2,0.2,2.43,1.4,1.58,0,0.95,0
2024-03-15,SP1,20:00,Sociedad,Cadiz,H,H,2023/2024,0.0,-1.25,20.0,6,26.32,2,31.58,0.8,1.2,0.2,2.36,1.0,1.62,0,1.37,0
2024-04-20,SP1,20:00,Girona,Cadiz,H,H,2023/2024,20.0,-1.25,60.0,5,26.32,5,68.42,2.4,1.8,0.4,1.69,0.6,2.24,0,2.79,1
2024-05-04,SP1,15:15,Real Madrid,Cadiz,H,D,2023/2024,40.0,-1.25,60.0,9,26.32,2,57.89,2.6,2.4,0.4,1.88,0.4,1.96,0,2.53,1
2024-05-15,SP1,18:30,Sevilla,Cadiz,A,D,2023/2024,40.0,-0.25,80.0,3,26.32,7,57.89,1.8,2.0,0.6,2.08,1.2,1.75,0,1.42,0
2024-05-25,SP1,17:30,Almeria,Cadiz,H,A,2023/2024,60.0,-0.25,80.0,12,26.32,4,68.42,1.6,3.0,0.6,1.68,2.2,2.21,0,1.16,1
2022-08-26,SP1,19:00,Girona,Celta,A,D,2022/2023,0.0,0.0,50.0,3,47.37,6,63.16,1.5,0.0,1.0,2.26,1.0,1.66,0,1.84,0
2022-09-10,SP1,20:00,Ath Madrid,Celta,H,H,2022/2023,50.0,-0.5,50.0,4,47.37,3,57.89,2.0,2.0,1.0,2.19,1.5,1.74,0,2.16,1
2022-09-17,SP1,17:30,Valencia,Celta,H,H,2022/2023,66.67,-0.25,50.0,7,47.37,2,47.37,2.25,2.33,0.67,2.29,0.5,1.65,1,1.42,1
2022-10-09,SP1,20:00,Barcelona,Celta,H,H,2022/2023,50.0,-1.5,50.0,5,47.37,3,47.37,2.0,2.0,0.5,1.49,0.0,2.7,0,1.95,0
2022-10-19,SP1,18:00,Valladolid,Celta,H,D,2022/2023,60.0,0.25,40.0,7,47.37,5,47.37,1.0,2.4,0.6,2.22,1.0,1.68,0,1.11,1
2022-10-29,SP1,13:00,Almeria,Celta,H,A,2022/2023,80.0,0.25,80.0,5,47.37,3,57.89,2.2,3.0,0.6,1.94,1.2,1.93,1,1.53,1
2022-11-10,SP1,18:00,Vallecano,Celta,D,D,2022/2023,60.0,-0.5,60.0,3,47.37,3,63.16,2.0,2.2,0.4,2.56,0.8,1.51,0,1.47,0
2023-01-06,SP1,17:30,Elche,Celta,A,A,2022/2023,40.0,0.5,40.0,5,47.37,7,36.84,0.4,1.6,0.6,2.44,1.6,1.61,0,0.95,0
2023-01-20,SP1,20:00,Mallorca,Celta,H,D,2022/2023,40.0,0.0,0.0,3,47.37,3,21.05,0.8,1.6,0.6,3.31,0.4,1.34,0,1.16,0
2023-02-04,SP1,20:00,Betis,Celta,A,D,2022/2023,40.0,-0.5,60.0,7,47.37,7,47.37,1.2,1.4,1.2,2.27,1.8,1.64,0,1.37,1
2023-02-18,SP1,13:00,Sociedad,Celta,D,H,2022/2023,20.0,-0.5,20.0,3,47.37,4,31.58,1.4,1.0,1.2,2.36,0.8,1.66,1,1.37,0
2023-03-06,SP1,20:00,Osasuna,Celta,D,D,2022/2023,20.0,0.0,20.0,5,47.37,0,47.37,0.4,1.0,1.2,2.37,1.0,1.62,0,1.26,0
2023-03-18,SP1,17:30,Espanol,Celta,A,A,2022/2023,40.0,0.0,60.0,3,47.37,4,63.16,1.4,1.2,1.6,2.5,1.6,1.58,0,1.42,1
2023-04-07,SP1,20:00,Sevilla,Celta,D,H,2022/2023,60.0,-0.25,80.0,2,47.37,4,52.63,2.2,1.4,2.0,2.21,1.2,1.68,0,1.26,1
2023-04-22,SP1,20:00,Real Madrid,Celta,H,H,2022/2023,40.0,-1.5,60.0,5,47.37,2,57.89,2.8,1.2,1.2,1.46,1.0,2.82,0,2.32,0
2023-04-30,SP1,15:15,Villarreal,Celta,H,H,2022/2023,60.0,-0.75,60.0,3,47.37,5,52.63,2.2,1.6,1.2,1.77,1.2,2.07,0,1.89,1
2023-05-03,SP1,21:00,Getafe,Celta,H,H,2022/2023,60.0,0.0,40.0,4,47.37,1,42.11,1.4,1.8,1.2,2.78,0.8,1.43,1,1.11,0
2023-05-20,SP1,15:15,Ath Bilbao,Celta,H,H,2022/2023,60.0,-0.75,20.0,3,47.37,3,31.58,0.8,2.0,0.8,2.05,0.6,1.88,0,1.16,1
2023-05-28,SP1,18:00,Cadiz,Celta,H,D,2022/2023,40.0,-0.25,20.0,3,47.37,4,31.58,1.0,1.8,0.4,2.49,0.8,1.53,0,1.0,0
2023-08-19,SP1,16:00,Sociedad,Celta,D,H,2023/2024,0.0,-0.75,0.0,2,68.42,6,31.58,1.0,1.0,1.0,2.49,1.0,1.56,0,1.37,0
2023-09-01,SP1,21:00,Almeria,Celta,A,A,2023/2024,50.0,0.0,66.67,5,68.42,8,68.42,1.0,1.5,2.0,1.99,2.67,1.9,0,1.16,1
2023-09-23,SP1,17:30,Barcelona,Celta,H,A,2023/2024,66.67,-1.75,66.67,6,68.42,7,57.89,3.33,2.0,2.0,1.44,0.67,2.83,0,2.26,1
2023-10-02,SP1,20:00,Las Palmas,Celta,H,D,2023/2024,75.0,0.0,25.0,5,68.42,3,31.58,1.0,2.0,1.75,2.32,0.5,1.64,0,1.05,1
2023-10-27,SP1,20:00,Girona,Celta,H,D,2023/2024,60.0,-0.75,60.0,2,68.42,2,68.42,2.4,1.8,1.4,1.65,1.6,2.29,0,2.79,0
2023-11-10,SP1,20:00,Ath Bilbao,Celta,H,D,2023/2024,80.0,-0.75,100.0,12,68.42,5,57.89,2.8,2.4,1.8,1.71,1.4,2.2,0,2.21,1
2023-11-25,SP1,15:15,Valencia,Celta,D,D,2023/2024,60.0,-0.25,20.0,0,68.42,1,36.84,1.2,2.0,1.2,2.13,0.2,1.76,0,1.05,0
2023-12-11,SP1,20:00,Vallecano,Celta,D,D,2023/2024,40.0,0.0,60.0,4,68.42,2,36.84,1.2,1.4,0.8,2.13,1.4,1.74,0,0.95,0
2023-12-20,SP1,20:30,Villarreal,Celta,H,H,2023/2024,40.0,-0.25,80.0,8,68.42,5,73.68,1.8,1.6,1.0,1.94,2.0,1.85,0,1.89,1
2024-01-13,SP1,15:15,Mallorca,Celta,D,D,2023/2024,40.0,-0.25,20.0,6,68.42,2,26.32,1.2,1.6,1.2,2.69,0.8,1.45,0,0.89,0
2024-02-04,SP1,15:15,Osasuna,Celta,A,A,2023/2024,40.0,-0.25,40.0,1,68.42,5,26.32,1.2,0.8,1.2,2.65,1.2,1.51,0,1.0,1
2024-02-11,SP1,13:00,Getafe,Celta,H,H,2023/2024,60.0,-0.25,20.0,4,68.42,4,31.58,1.2,1.4,1.6,2.75,1.2,1.47,0,1.05,1
2024-02-25,SP1,13:00,Cadiz,Celta,D,A,2023/2024,80.0,0.25,40.0,6,68.42,3,26.32,0.6,1.8,2.0,2.71,1.6,1.48,0,0.84,1
2024-03-10,SP1,17:30,Real Madrid,Celta,H,H,2023/2024,80.0,-1.5,60.0,13,68.42,1,57.89,2.6,2.0,1.6,1.55,0.6,2.52,0,2.53,1
2024-03-17,SP1,13:00,Sevilla,Celta,A,H,2023/2024,100.0,-0.5,60.0,4,68.42,5,57.89,1.6,2.0,1.8,1.92,1.6,1.95,0,1.42,1
2024-04-12,SP1,20:00,Betis,Celta,H,D,2023/2024,100.0,-0.5,60.0,3,68.42,5,36.84,1.6,2.4,1.4,2.04,1.2,1.85,0,1.42,1
2024-04-27,SP1,17:30,Alaves,Celta,H,D,2023/2024,100.0,0.0,20.0,8,68.42,0,26.32,1.4,2.4,1.0,2.34,0.4,1.65,0,1.21,1
2024-05-12,SP1,15:15,Ath Madrid,Celta,H,D,2023/2024,80.0,-1.25,80.0,8,68.42,2,78.95,1.8,2.2,0.6,1.57,1.2,2.46,0,2.21,0
2024-05-19,SP1,18:00,Granada,Celta,A,D,2023/2024,80.0,0.5,60.0,3,68.42,5,47.37,1.2,1.6,1.0,1.91,1.4,1.95,0,1.26,1
2024-08-26,SP1,20:30,Villarreal,Celta,H,A,2024/2025,100.0,-0.75,100.0,9,100.0,8,100.0,3.0,4.0,3.0,1.59,2.5,2.42,0,2.5,1
2024-09-01,SP1,16:00,Osasuna,Celta,H,H,2024/2025,100.0,-0.25,33.33,4,100.0,3,60.0,1.67,3.5,2.5,2.05,1.0,1.8,1,2.2,1
2024-09-22,SP1,15:15,Ath Bilbao,Celta,H,H,2024/2025,100.0,-0.75,25.0,7,100.0,4,20.0,1.25,3.33,2.0,1.89,0.75,1.98,0,1.2,1
2022-08-15,SP1,20:30,Betis,Elche,H,H,2022/2023,100.0,-1.0,100.0,8,57.89,2,47.37,3.0,3.0,0.0,1.99,0.0,1.85,1,1.37,1
2022-09-04,SP1,17:30,Villarreal,Elche,H,H,2022/2023,100.0,-1.25,100.0,10,57.89,0,52.63,4.0,3.5,0.0,1.67,0.0,2.3,0,1.89,1
2022-09-17,SP1,15:15,Barcelona,Elche,H,H,2022/2023,100.0,-2.75,66.67,9,57.89,1,47.37,2.33,3.33,0.0,1.24,0.0,3.45,1,1.95,1
2022-10-03,SP1,20:00,Vallecano,Elche,H,D,2022/2023,100.0,-1.0,66.67,6,57.89,2,63.16,1.33,3.0,0.25,1.92,1.33,1.96,0,1.47,1
2022-10-15,SP1,15:15,Valencia,Elche,D,H,2022/2023,100.0,-1.25,60.0,8,57.89,6,47.37,2.2,2.8,0.6,1.73,0.8,2.18,0,1.42,1
2022-10-23,SP1,13:00,Espanol,Elche,D,D,2022/2023,100.0,-0.75,80.0,5,57.89,4,63.16,1.6,2.6,1.0,1.99,2.0,1.89,0,1.42,1
2022-11-05,SP1,15:15,Valladolid,Elche,H,H,2022/2023,100.0,-0.5,40.0,11,57.89,2,47.37,1.4,2.2,1.2,1.98,0.6,1.88,0,1.11,1
2022-12-29,SP1,20:30,Ath Madrid,Elche,H,D,2022/2023,80.0,-1.5,40.0,4,57.89,1,57.89,1.4,2.0,1.2,1.62,1.0,2.4,2,2.16,0
2023-01-16,SP1,20:00,Cadiz,Elche,D,H,2022/2023,60.0,-0.5,40.0,3,57.89,5,31.58,1.4,1.8,1.2,2.33,1.2,1.64,0,1.0,0
2023-01-28,SP1,17:30,Sevilla,Elche,H,H,2022/2023,60.0,-1.0,60.0,8,57.89,1,52.63,1.4,2.0,0.8,2.08,0.8,1.75,1,1.26,1
2023-02-15,SP1,20:00,Real Madrid,Elche,H,H,2022/2023,60.0,-1.75,40.0,13,57.89,0,57.89,1.8,2.4,0.4,1.53,0.4,2.57,0,2.32,1
2023-03-04,SP1,17:30,Mallorca,Elche,A,D,2022/2023,40.0,-0.75,20.0,3,57.89,6,21.05,1.4,2.0,0.4,2.62,0.6,1.54,0,1.16,0
2023-03-19,SP1,15:15,Sociedad,Elche,H,D,2022/2023,40.0,-1.25,20.0,4,57.89,3,31.58,1.2,2.0,0.4,2.05,0.6,1.82,0,1.37,0
2023-04-08,SP1,13:00,Osasuna,Elche,H,A,2022/2023,60.0,-0.75,40.0,6,57.89,1,47.37,0.4,2.2,0.4,2.27,1.4,1.67,0,1.26,1
2023-04-16,SP1,13:00,Girona,Elche,H,H,2022/2023,40.0,-1.25,40.0,4,57.89,5,63.16,2.2,2.0,0.4,1.65,0.8,2.35,1,1.84,0
2023-04-26,SP1,21:00,Celta,Elche,H,D,2022/2023,20.0,-1.25,60.0,9,57.89,1,52.63,1.8,1.4,0.4,1.75,0.6,2.14,0,1.37,0
2023-05-02,SP1,18:30,Almeria,Elche,H,H,2022/2023,40.0,-0.75,60.0,4,57.89,1,57.89,1.2,1.8,0.4,1.63,1.4,2.3,0,1.53,1
2023-05-20,SP1,17:30,Getafe,Elche,D,D,2022/2023,40.0,-0.75,20.0,5,57.89,4,42.11,1.0,1.6,0.6,2.27,0.6,1.67,0,1.11,0
2023-05-28,SP1,18:00,Ath Bilbao,Elche,A,D,2022/2023,20.0,-1.25,20.0,8,57.89,2,31.58,0.8,1.2,0.6,1.67,0.8,2.2,0,1.16,0
2022-08-13,SP1,16:00,Celta,Espanol,D,H,2022/2023,100.0,-0.75,100.0,3,68.42,2,52.63,2.0,2.0,2.0,2.19,2.0,1.71,0,1.37,1
2022-09-04,SP1,15:15,Ath Bilbao,Espanol,A,D,2022/2023,50.0,-1.0,0.0,2,68.42,2,31.58,0.33,1.0,1.5,1.84,0.33,1.98,0,1.16,0
2022-09-18,SP1,17:30,Sociedad,Espanol,H,H,2022/2023,66.67,-0.75,66.67,6,68.42,4,31.58,1.33,1.33,1.33,2.03,2.0,1.83,0,1.37,1
2022-10-09,SP1,15:15,Cadiz,Espanol,D,H,2022/2023,75.0,0.0,60.0,3,68.42,6,31.58,0.4,1.5,1.5,2.46,2.2,1.53,0,1.0,1
2022-10-20,SP1,19:00,Osasuna,Espanol,H,D,2022/2023,60.0,-0.25,40.0,5,68.42,3,47.37,1.2,1.4,1.2,2.31,1.0,1.61,0,1.26,0
2022-10-28,SP1,20:00,Mallorca,Espanol,D,D,2022/2023,40.0,-0.25,0.0,5,68.42,2,21.05,0.6,1.2,1.0,2.65,0.8,1.51,0,1.16,0
2022-11-06,SP1,13:00,Ath Madrid,Espanol,D,D,2022/2023,40.0,-1.0,60.0,7,68.42,2,57.89,1.8,1.4,1.0,1.95,1.2,1.9,1,2.16,0
2022-12-31,SP1,13:00,Barcelona,Espanol,D,H,2022/2023,20.0,-2.0,40.0,6,68.42,1,47.37,2.2,1.2,1.0,1.45,0.2,2.99,1,1.95,0
2023-01-15,SP1,13:00,Getafe,Espanol,A,D,2022/2023,20.0,-0.25,40.0,2,68.42,4,42.11,1.0,1.0,1.0,2.93,1.0,1.41,0,1.11,1
2023-01-27,SP1,20:00,Almeria,Espanol,H,H,2022/2023,40.0,-0.25,40.0,7,68.42,3,57.89,1.6,1.4,1.2,2.15,1.0,1.75,0,1.53,1
2023-02-19,SP1,13:00,Elche,Espanol,A,D,2022/2023,40.0,0.0,40.0,5,68.42,4,36.84,1.0,1.2,1.2,2.53,1.2,1.55,0,0.95,0
2023-03-05,SP1,13:00,Valladolid,Espanol,H,H,2022/2023,60.0,-0.25,20.0,5,68.42,2,47.37,0.6,1.4,1.2,2.23,0.8,1.7,0,1.11,1
2023-03-11,SP1,13:00,Real Madrid,Espanol,H,H,2022/2023,80.0,-1.75,40.0,7,68.42,3,57.89,2.0,1.8,1.2,1.72,0.4,2.19,0,2.32,1
2023-04-01,SP1,13:00,Girona,Espanol,H,D,2022/2023,80.0,-0.5,40.0,4,68.42,1,63.16,1.8,2.0,1.0,2.11,1.0,1.75,1,1.84,1
2023-04-15,SP1,17:30,Betis,Espanol,H,H,2022/2023,80.0,-0.5,40.0,8,68.42,4,47.37,1.2,2.0,1.0,2.2,0.8,1.68,0,1.37,1
2023-04-27,SP1,18:30,Villarreal,Espanol,H,A,2022/2023,100.0,-1.0,60.0,13,68.42,4,52.63,2.0,2.8,1.2,1.73,1.2,2.22,1,1.89,1
2023-05-04,SP1,18:30,Sevilla,Espanol,H,A,2022/2023,100.0,-0.5,80.0,6,68.42,3,52.63,1.8,3.0,1.4,1.96,1.6,1.93,0,1.26,1
2023-05-21,SP1,13:00,Vallecano,Espanol,A,D,2022/2023,100.0,-0.5,100.0,5,68.42,6,63.16,1.6,2.6,1.6,1.97,1.4,1.81,0,1.47,1
2023-05-28,SP1,18:00,Valencia,Espanol,D,D,2022/2023,100.0,-0.5,40.0,4,68.42,5,47.37,1.2,2.6,1.8,2.0,1.2,1.85,0,1.42,1
2024-08-19,SP1,18:00,Valladolid,Espanol,H,H,2024/2025,0.0,-0.25,0.0,3,25.0,2,25.0,1.0,1.0,0.0,2.77,0.0,1.47,0,0.5,0
2024-08-28,SP1,20:30,Ath Madrid,Espanol,D,D,2024/2025,0.0,-1.5,50.0,7,25.0,1,50.0,1.5,0.5,0.0,1.84,0.0,1.97,0,1.75,0
2024-09-21,SP1,20:00,Real Madrid,Espanol,H,D,2024/2025,33.33,-2.25,66.67,14,25.0,2,75.0,3.0,1.67,0.33,1.34,0.33,3.31,0,3.0,1
2024-09-29,SP1,17:30,Betis,Espanol,H,D,2024/2025,25.0,-1.0,40.0,12,25.0,1,40.0,1.4,1.5,0.25,1.93,0.8,1.94,0,1.4,0
2022-08-22,SP1,21:00,Girona,Getafe,H,H,2022/2023,100.0,-0.25,100.0,6,31.58,3,63.16,3.0,3.0,1.0,2.89,1.0,1.44,1,1.84,1
2022-09-04,SP1,20:00,Valencia,Getafe,H,H,2022/2023,100.0,-0.5,33.33,9,31.58,4,47.37,2.0,4.0,1.0,2.56,0.67,1.53,1,1.42,1
2022-09-18,SP1,13:00,Osasuna,Getafe,A,A,2022/2023,66.67,-0.75,50.0,4,31.58,4,47.37,1.5,2.67,1.33,2.53,1.0,1.55,1,1.26,0
2022-10-14,SP1,20:00,Vallecano,Getafe,D,D,2022/2023,50.0,-0.5,50.0,3,31.58,3,63.16,1.0,2.0,1.0,2.54,1.0,1.56,0,1.47,0
2022-10-24,SP1,20:00,Celta,Getafe,D,A,2022/2023,40.0,-0.75,60.0,5,31.58,1,52.63,1.4,1.8,1.0,2.45,1.4,1.57,0,1.37,0
2022-10-31,SP1,20:00,Elche,Getafe,A,D,2022/2023,20.0,0.0,40.0,5,31.58,3,36.84,0.4,1.2,1.0,2.83,2.0,1.42,1,0.95,0
2022-11-09,SP1,18:00,Almeria,Getafe,H,H,2022/2023,0.0,-0.5,60.0,3,31.58,3,57.89,2.0,0.4,0.8,2.55,1.0,1.54,0,1.53,0
2023-01-08,SP1,17:30,Sevilla,Getafe,H,H,2022/2023,20.0,-0.5,40.0,5,31.58,2,52.63,1.0,0.8,0.6,2.67,1.2,1.5,0,1.26,1
2023-01-22,SP1,17:30,Barcelona,Getafe,H,H,2022/2023,20.0,-1.75,40.0,4,31.58,3,47.37,2.2,1.0,0.6,1.78,0.2,2.09,0,1.95,0
2023-02-04,SP1,17:30,Ath Madrid,Getafe,D,D,2022/2023,20.0,-1.0,20.0,4,31.58,1,57.89,1.4,1.0,0.6,2.42,0.6,1.59,0,2.16,0
2023-02-27,SP1,20:00,Villarreal,Getafe,H,D,2022/2023,40.0,-0.75,40.0,5,31.58,3,52.63,1.0,1.4,0.6,2.57,0.8,1.53,0,1.89,1
2023-03-10,SP1,20:00,Cadiz,Getafe,D,H,2022/2023,60.0,-0.25,20.0,4,31.58,10,31.58,1.6,1.6,1.0,3.2,0.6,1.36,1,1.0,1
2023-04-01,SP1,15:15,Ath Bilbao,Getafe,D,D,2022/2023,40.0,-0.75,40.0,3,31.58,1,31.58,1.2,1.2,0.8,2.56,1.4,1.54,0,1.16,0
2023-04-08,SP1,17:30,Sociedad,Getafe,H,H,2022/2023,40.0,-0.75,0.0,6,31.58,4,31.58,1.0,1.4,0.8,2.7,0.4,1.48,0,1.37,0
2023-04-23,SP1,17:30,Mallorca,Getafe,H,A,2022/2023,60.0,-0.25,40.0,4,31.58,1,21.05,1.6,1.8,0.8,3.88,1.0,1.25,0,1.16,1
2023-04-30,SP1,17:30,Espanol,Getafe,H,H,2022/2023,40.0,-0.25,60.0,8,31.58,2,63.16,1.0,1.6,0.6,2.67,1.2,1.47,0,1.42,0
2023-05-13,SP1,20:00,Real Madrid,Getafe,H,D,2022/2023,20.0,-1.0,60.0,3,31.58,2,57.89,3.0,1.4,0.2,2.03,1.0,1.9,0,2.32,0
2023-05-24,SP1,21:00,Betis,Getafe,A,D,2022/2023,20.0,-0.25,40.0,4,31.58,2,47.37,1.2,1.4,0.4,2.75,1.0,1.47,0,1.37,0
2023-06-04,SP1,20:00,Valladolid,Getafe,D,D,2022/2023,20.0,-0.5,60.0,0,31.58,1,47.37,1.2,1.0,0.4,2.39,1.8,1.64,0,1.11,0
2023-08-20,SP1,18:00,Girona,Getafe,H,H,2023/2024,100.0,-0.5,100.0,6,52.63,2,68.42,3.0,3.0,0.0,2.66,0.0,1.49,0,2.79,1
2023-09-02,SP1,15:15,Real Madrid,Getafe,H,A,2023/2024,100.0,-1.25,100.0,12,52.63,2,57.89,2.0,2.5,0.5,1.98,1.0,1.83,0,2.53,1
2023-09-24,SP1,13:00,Sociedad,Getafe,H,A,2023/2024,100.0,-0.75,50.0,6,52.63,7,31.58,2.75,3.0,1.33,2.84,2.0,1.44,0,1.37,1
2023-09-27,SP1,18:00,Ath Bilbao,Getafe,D,H,2023/2024,100.0,-0.75,75.0,4,52.63,5,57.89,2.25,2.75,1.5,2.21,1.5,1.74,0,2.21,1
2023-10-08,SP1,17:30,Celta,Getafe,D,D,2023/2024,100.0,-0.5,20.0,11,52.63,2,42.11,0.6,2.6,1.6,2.37,1.4,1.63,1,1.11,1
2023-10-28,SP1,17:30,Mallorca,Getafe,D,D,2023/2024,80.0,-0.25,20.0,4,52.63,0,26.32,0.6,2.0,1.6,2.88,0.8,1.4,0,0.89,0
2023-11-11,SP1,17:30,Granada,Getafe,D,D,2023/2024,60.0,-0.25,60.0,6,52.63,6,47.37,1.6,1.8,1.6,2.3,2.2,1.66,0,1.26,0
2023-12-01,SP1,20:00,Las Palmas,Getafe,H,H,2023/2024,40.0,-0.25,40.0,6,52.63,4,31.58,1.4,1.4,1.0,2.94,0.6,1.41,1,1.05,0
2023-12-16,SP1,17:30,Sevilla,Getafe,A,A,2023/2024,40.0,-0.75,40.0,4,52.63,7,57.89,1.0,1.0,1.2,2.37,1.6,1.59,0,1.42,1
2023-12-19,SP1,20:30,Ath Madrid,Getafe,D,H,2023/2024,40.0,-1.25,80.0,4,52.63,9,78.95,2.2,1.2,1.4,1.81,1.2,2.11,0,2.21,1
2024-01-21,SP1,13:00,Osasuna,Getafe,H,H,2023/2024,60.0,-0.25,20.0,7,52.63,7,26.32,1.4,1.8,1.8,2.9,0.8,1.39,0,1.0,1
2024-02-04,SP1,17:30,Betis,Getafe,D,D,2023/2024,60.0,-0.5,20.0,3,52.63,2,36.84,1.2,1.8,1.8,2.31,1.4,1.63,0,1.42,0
2024-02-16,SP1,20:00,Villarreal,Getafe,D,A,2023/2024,60.0,-0.5,40.0,7,52.63,2,73.68,1.0,1.6,2.0,1.89,1.4,2.01,0,1.89,0
2024-02-24,SP1,15:15,Barcelona,Getafe,H,H,2023/2024,60.0,-1.25,80.0,9,52.63,4,57.89,2.8,2.4,1.4,1.68,2.0,2.31,0,2.26,1
2024-03-09,SP1,13:00,Valencia,Getafe,H,H,2023/2024,40.0,-0.5,40.0,3,52.63,5,36.84,1.2,2.0,0.8,2.74,0.6,1.47,0,1.05,0
2024-04-13,SP1,15:15,Vallecano,Getafe,D,D,2023/2024,20.0,-0.25,20.0,2,52.63,0,36.84,1.0,1.4,0.4,2.66,0.8,1.49,0,0.95,0
2024-04-27,SP1,15:15,Almeria,Getafe,A,D,2023/2024,40.0,0.0,100.0,11,52.63,5,68.42,1.2,1.4,0.8,2.15,2.4,1.74,0,1.16,1
2024-05-12,SP1,13:00,Cadiz,Getafe,H,H,2023/2024,40.0,-0.25,0.0,6,52.63,4,26.32,1.0,1.4,0.6,2.47,0.4,1.55,0,0.84,0
2024-05-18,SP1,20:00,Alaves,Getafe,H,H,2023/2024,20.0,-0.5,40.0,2,52.63,4,26.32,1.6,0.8,0.6,2.23,0.6,1.68,1,1.21,0
2024-08-15,SP1,18:00,Ath Bilbao,Getafe,D,H,2024/2025,0.0,-1.0,0.0,4,25.0,2,20.0,1.0,1.0,1.0,2.51,1.0,1.54,0,1.2,0
2024-09-14,SP1,17:30,Sevilla,Getafe,H,H,2024/2025,0.0,-0.25,33.33,4,25.0,4,50.0,0.67,1.0,0.5,2.67,1.33,1.5,0,1.0,0
2024-09-18,SP1,18:00,Betis,Getafe,H,D,2024/2025,33.33,-0.5,33.33,8,25.0,5,40.0,1.67,1.33,0.67,2.75,0.67,1.45,0,1.4,1
2024-09-25,SP1,20:00,Barcelona,Getafe,H,H,2024/2025,25.0,-1.5,66.67,4,25.0,1,66.67,3.33,1.25,0.5,1.64,0.33,2.23,0,3.33,0
2022-08-14,SP1,18:30,Valencia,Girona,H,H,2022/2023,0.0,-0.5,0.0,2,52.63,1,47.37,1.0,1.0,0.0,2.01,0.0,1.86,0,1.42,0
2022-09-03,SP1,13:00,Mallorca,Girona,D,D,2022/2023,0.0,-0.25,50.0,4,52.63,4,21.05,1.0,1.0,0.5,2.47,1.5,1.54,0,1.16,0
2022-09-18,SP1,17:30,Betis,Girona,H,D,2022/2023,33.33,-0.75,50.0,3,52.63,3,47.37,1.75,1.33,0.67,2.01,0.25,1.85,0,1.37,1
2022-10-08,SP1,15:15,Ath Madrid,Girona,H,H,2022/2023,50.0,-1.25,75.0,7,52.63,4,57.89,1.75,1.5,0.75,1.9,1.5,1.97,0,2.16,1
2022-10-20,SP1,18:00,Almeria,Girona,H,H,2022/2023,60.0,0.0,80.0,7,52.63,5,57.89,1.8,1.8,1.0,1.98,1.4,1.9,0,1.53,1
2022-10-30,SP1,15:15,Real Madrid,Girona,D,D,2022/2023,60.0,-1.75,60.0,6,52.63,2,57.89,2.4,1.8,1.2,1.47,1.0,2.8,0,2.32,0
2022-11-08,SP1,18:00,Elche,Girona,A,D,2022/2023,80.0,0.25,60.0,2,52.63,3,36.84,0.6,1.8,1.4,2.11,2.2,1.8,0,0.95,1
2023-01-07,SP1,20:00,Espanol,Girona,D,A,2022/2023,80.0,0.0,60.0,6,52.63,5,63.16,1.4,1.8,1.6,2.16,1.4,1.69,0,1.42,1
2023-01-22,SP1,13:00,Villarreal,Girona,H,D,2022/2023,60.0,-0.75,60.0,9,52.63,1,52.63,1.4,1.6,1.4,1.68,1.0,2.28,1,1.89,0
2023-02-10,SP1,20:00,Cadiz,Girona,H,H,2022/2023,40.0,0.25,20.0,3,52.63,1,31.58,1.8,1.4,1.0,2.49,0.8,1.56,0,1.0,0
2023-02-26,SP1,13:00,Ath Bilbao,Girona,A,A,2022/2023,60.0,-0.75,60.0,3,52.63,4,31.58,1.8,1.6,1.4,2.04,1.2,1.85,0,1.16,1
2023-03-04,SP1,13:00,Getafe,Girona,H,H,2022/2023,60.0,0.0,40.0,6,52.63,7,42.11,1.2,2.0,1.4,2.62,1.2,1.52,0,1.11,1
2023-03-18,SP1,15:15,Vallecano,Girona,D,H,2022/2023,60.0,-0.5,20.0,3,52.63,4,63.16,1.0,2.0,1.4,2.21,1.0,1.69,0,1.47,1
2023-04-10,SP1,20:00,Barcelona,Girona,D,D,2022/2023,60.0,-1.5,40.0,3,52.63,0,47.37,1.6,1.8,1.4,1.54,0.2,2.51,0,1.95,0
2023-04-22,SP1,17:30,Valladolid,Girona,H,H,2022/2023,60.0,0.0,60.0,6,52.63,6,47.37,1.4,1.6,1.4,1.96,1.4,1.85,0,1.11,0
2023-05-01,SP1,20:00,Sevilla,Girona,A,A,2022/2023,40.0,-0.5,80.0,5,52.63,3,52.63,1.6,1.2,1.2,2.0,1.8,1.86,0,1.26,0
2023-05-13,SP1,13:00,Sociedad,Girona,D,D,2022/2023,40.0,-1.0,40.0,6,52.63,6,31.58,2.0,1.0,1.2,2.16,0.6,1.75,1,1.37,1
2023-05-23,SP1,18:30,Celta,Girona,D,H,2022/2023,20.0,-0.25,40.0,7,52.63,4,52.63,1.0,0.8,1.0,2.04,1.2,1.85,0,1.37,0
2023-06-04,SP1,17:30,Osasuna,Girona,H,D,2022/2023,40.0,-0.25,60.0,7,52.63,6,47.37,2.0,1.2,1.2,1.75,1.2,2.09,0,1.26,1
2023-08-12,SP1,16:00,Sociedad,Girona,D,H,2023/2024,0.0,-0.75,0.0,2,57.89,1,31.58,1.0,1.0,1.0,2.15,1.0,1.74,0,1.37,0
2023-08-26,SP1,20:30,Sevilla,Girona,A,D,2023/2024,50.0,-0.5,100.0,4,57.89,3,57.89,1.0,1.0,1.5,1.98,2.0,1.88,0,1.42,1
2023-09-18,SP1,20:00,Granada,Girona,A,A,2023/2024,66.67,0.25,66.67,5,57.89,7,47.37,1.67,1.33,2.33,1.68,2.67,2.29,0,1.26,1
2023-09-27,SP1,18:00,Villarreal,Girona,A,D,2023/2024,75.0,-0.25,100.0,3,57.89,5,73.68,1.75,1.25,2.25,1.6,2.25,2.36,0,1.89,1
2023-10-07,SP1,13:00,Cadiz,Girona,A,D,2023/2024,60.0,0.25,20.0,2,57.89,5,26.32,1.0,1.0,2.0,1.99,0.6,1.86,0,0.84,0
2023-11-04,SP1,13:00,Osasuna,Girona,A,D,2023/2024,80.0,0.25,40.0,3,57.89,4,26.32,1.0,1.2,2.6,1.99,1.6,1.8,0,1.0,1
2023-11-11,SP1,13:00,Vallecano,Girona,A,D,2023/2024,80.0,0.25,60.0,9,57.89,7,36.84,1.6,1.2,2.6,1.88,1.4,1.99,0,0.95,1
2023-12-10,SP1,20:00,Barcelona,Girona,A,A,2023/2024,80.0,-1.25,60.0,11,57.89,7,57.89,1.4,1.2,2.6,1.37,1.4,3.25,0,2.26,1
2023-12-21,SP1,18:00,Betis,Girona,D,A,2023/2024,60.0,0.0,20.0,4,57.89,4,36.84,1.4,1.2,2.4,1.72,0.6,2.13,0,1.42,0
2024-01-14,SP1,13:00,Almeria,Girona,D,D,2023/2024,60.0,0.5,40.0,3,57.89,1,68.42,0.4,1.2,2.2,1.62,1.0,2.37,1,1.16,0
2024-01-28,SP1,13:00,Celta,Girona,A,A,2023/2024,40.0,0.0,20.0,5,57.89,6,42.11,0.8,0.8,1.6,1.7,0.8,2.23,0,1.11,0
2024-02-10,SP1,17:30,Real Madrid,Girona,H,H,2023/2024,40.0,-1.25,60.0,6,57.89,0,57.89,2.6,1.4,1.2,1.34,0.8,3.48,0,2.53,1
2024-02-19,SP1,20:00,Ath Bilbao,Girona,H,H,2023/2024,40.0,-0.5,60.0,7,57.89,6,57.89,2.4,1.6,0.8,1.86,0.6,1.97,0,2.21,1
2024-03-03,SP1,17:30,Mallorca,Girona,H,H,2023/2024,40.0,0.25,40.0,2,57.89,4,26.32,1.0,1.6,0.6,2.14,1.0,1.73,0,0.89,0
2024-03-16,SP1,17:30,Getafe,Girona,H,H,2023/2024,40.0,0.25,40.0,3,57.89,3,31.58,1.8,1.8,0.6,2.02,1.4,1.87,0,1.05,0
2024-04-13,SP1,13:00,Ath Madrid,Girona,H,H,2023/2024,60.0,-0.5,100.0,4,57.89,5,78.95,2.4,2.4,0.6,1.66,1.2,2.29,0,2.21,1
2024-04-27,SP1,13:00,Las Palmas,Girona,A,A,2023/2024,40.0,0.75,0.0,5,57.89,3,31.58,0.2,1.6,1.0,1.69,1.6,2.21,0,1.05,0
2024-05-10,SP1,20:00,Alaves,Girona,D,A,2023/2024,40.0,0.25,40.0,8,57.89,5,26.32,1.6,1.4,1.0,1.74,0.6,2.17,0,1.21,1
2024-05-19,SP1,18:00,Valencia,Girona,A,A,2023/2024,60.0,0.5,40.0,6,57.89,5,36.84,0.4,1.4,1.6,1.72,1.2,2.17,0,1.05,1
2024-08-15,SP1,20:30,Betis,Girona,D,H,2024/2025,0.0,-0.25,0.0,4,20.0,2,40.0,1.0,1.0,1.0,1.94,1.0,1.96,0,1.4,0
2024-08-25,SP1,20:30,Ath Madrid,Girona,H,H,2024/2025,50.0,-1.25,100.0,6,20.0,5,50.0,3.0,2.0,0.5,1.58,0.0,2.37,0,1.75,1
2024-09-01,SP1,18:00,Sevilla,Girona,A,A,2024/2025,33.33,0.25,50.0,5,20.0,4,50.0,0.5,1.33,1.0,1.72,2.0,2.17,0,1.0,0
2024-09-21,SP1,17:30,Valencia,Girona,H,D,2024/2025,25.0,0.0,33.33,2,20.0,3,25.0,1.33,1.5,0.75,2.24,1.0,1.67,0,1.0,0
2024-09-29,SP1,13:00,Celta,Girona,D,A,2024/2025,20.0,0.0,60.0,2,20.0,4,60.0,1.8,1.4,0.8,1.79,1.0,2.04,0,1.8,0
2023-08-14,SP1,20:30,Ath Madrid,Granada,H,H,2023/2024,100.0,-1.5,100.0,6,47.37,4,78.95,3.0,3.0,1.0,1.64,1.0,2.35,0,2.21,1
2023-09-02,SP1,13:00,Sociedad,Granada,H,H,2023/2024,100.0,-1.25,33.33,6,47.37,5,31.58,2.33,4.0,2.0,1.9,1.67,1.94,0,1.37,1
2023-09-24,SP1,17:30,Las Palmas,Granada,H,D,2023/2024,66.67,-0.5,0.0,3,47.37,1,31.58,0.67,3.0,1.33,1.9,0.33,1.97,0,1.05,0
2023-10-01,SP1,13:00,Almeria,Granada,D,H,2023/2024,75.0,-0.5,80.0,5,47.37,4,68.42,1.6,3.0,1.75,1.71,2.6,2.17,0,1.16,1
2023-10-20,SP1,20:00,Osasuna,Granada,H,H,2023/2024,60.0,-0.75,20.0,6,47.37,3,26.32,0.6,2.8,1.4,1.92,1.2,1.82,1,1.0,0
2023-11-05,SP1,15:15,Valencia,Granada,H,H,2023/2024,40.0,-1.0,40.0,2,47.37,1,36.84,1.4,2.4,1.2,1.81,0.6,2.06,0,1.05,0
2023-11-24,SP1,20:00,Alaves,Granada,H,H,2023/2024,40.0,-0.75,20.0,5,47.37,4,26.32,1.0,2.0,0.8,2.23,1.2,1.66,0,1.21,1
2023-12-02,SP1,17:30,Real Madrid,Granada,H,H,2023/2024,40.0,-2.25,40.0,4,47.37,0,57.89,2.6,2.2,0.8,1.35,0.2,3.32,0,2.53,0
2023-12-16,SP1,13:00,Celta,Granada,H,H,2023/2024,20.0,-0.75,40.0,4,47.37,2,42.11,1.0,1.8,0.2,1.95,1.4,1.89,0,1.11,0
2024-01-13,SP1,20:00,Betis,Granada,H,D,2023/2024,20.0,-0.75,0.0,6,47.37,2,36.84,1.2,1.6,0.2,1.93,0.4,1.94,0,1.42,0
2024-01-29,SP1,20:00,Getafe,Granada,H,H,2023/2024,20.0,-0.5,20.0,4,47.37,3,31.58,1.2,1.8,0.2,2.31,0.6,1.62,0,1.05,0
2024-02-11,SP1,20:00,Barcelona,Granada,D,D,2023/2024,20.0,-2.0,80.0,6,47.37,5,57.89,2.4,1.8,0.6,1.38,2.8,3.08,0,2.26,1
2024-03-03,SP1,13:00,Villarreal,Granada,H,H,2023/2024,40.0,-0.75,40.0,10,47.37,3,73.68,2.0,2.4,0.8,1.67,1.0,2.27,0,1.89,1
2024-03-16,SP1,13:00,Mallorca,Granada,H,D,2023/2024,40.0,-0.5,40.0,8,47.37,3,26.32,1.0,2.4,0.8,2.53,0.8,1.55,0,0.89,0
2024-03-29,SP1,20:00,Cadiz,Granada,H,D,2023/2024,40.0,-0.5,20.0,5,47.37,2,26.32,1.0,2.4,0.8,2.64,0.8,1.52,0,0.84,0
2024-04-19,SP1,20:00,Ath Bilbao,Granada,D,D,2023/2024,40.0,-1.5,20.0,6,47.37,0,57.89,1.4,2.2,1.0,1.7,0.8,2.27,0,2.21,0
2024-05-05,SP1,20:00,Sevilla,Granada,H,H,2023/2024,40.0,-0.75,80.0,5,47.37,3,57.89,2.0,2.2,0.4,1.89,1.0,1.95,0,1.42,1
2024-05-15,SP1,18:30,Vallecano,Granada,H,H,2023/2024,40.0,-1.0,40.0,9,47.37,1,36.84,1.2,1.6,0.4,1.99,0.6,1.87,0,0.95,1
2024-05-24,SP1,20:00,Girona,Granada,H,H,2023/2024,60.0,-2.0,80.0,9,47.37,2,68.42,3.6,2.8,0.4,1.29,1.2,3.3,1,2.79,1
2023-08-18,SP1,20:30,Valencia,Las Palmas,H,D,2023/2024,0.0,-1.0,0.0,4,26.32,1,36.84,1.0,1.0,0.0,2.15,0.0,1.75,0,1.05,0
2023-09-03,SP1,13:00,Girona,Las Palmas,H,D,2023/2024,0.0,-0.75,50.0,6,26.32,5,68.42,2.0,1.0,0.0,1.92,0.0,1.95,0,2.79,0
2023-09-17,SP1,17:30,Sevilla,Las Palmas,H,D,2023/2024,0.0,-1.0,66.67,9,26.32,2,57.89,1.0,1.0,0.0,1.87,1.33,2.01,0,1.42,0
2023-09-27,SP1,18:00,Real Madrid,Las Palmas,H,H,2023/2024,0.0,-2.0,66.67,9,26.32,2,57.89,2.0,1.25,0.0,1.45,0.67,2.75,0,2.53,0
2023-10-08,SP1,13:00,Villarreal,Las Palmas,A,A,2023/2024,20.0,-1.0,100.0,4,26.32,5,73.68,1.6,1.2,0.4,1.78,2.2,2.09,0,1.89,1
2023-10-28,SP1,13:00,Almeria,Las Palmas,A,A,2023/2024,40.0,-0.25,100.0,4,26.32,3,68.42,1.8,1.2,0.8,2.14,2.6,1.74,0,1.16,1
2023-11-11,SP1,17:30,Osasuna,Las Palmas,D,D,2023/2024,40.0,-0.5,20.0,3,26.32,1,26.32,1.0,1.2,1.0,2.39,1.4,1.62,0,1.0,0
2023-11-26,SP1,20:00,Betis,Las Palmas,H,H,2023/2024,40.0,-0.75,40.0,6,26.32,4,36.84,1.8,1.2,1.0,2.13,0.4,1.74,0,1.42,0
2023-12-09,SP1,13:00,Alaves,Las Palmas,A,A,2023/2024,40.0,-0.5,20.0,5,26.32,2,26.32,1.0,0.8,1.2,2.53,1.0,1.54,0,1.21,0
2023-12-20,SP1,20:30,Ath Bilbao,Las Palmas,H,D,2023/2024,20.0,-1.25,60.0,10,26.32,1,57.89,2.6,0.8,0.8,1.72,1.0,2.19,0,2.21,0
2024-01-20,SP1,13:00,Vallecano,Las Palmas,A,A,2023/2024,0.0,-0.75,20.0,3,26.32,5,36.84,0.4,0.6,0.8,2.14,1.2,1.76,0,0.95,0
2024-02-03,SP1,15:15,Granada,Las Palmas,D,H,2023/2024,0.0,-0.25,20.0,1,26.32,6,47.37,0.8,0.6,0.8,2.16,1.2,1.74,1,1.26,0
2024-02-17,SP1,13:00,Ath Madrid,Las Palmas,H,H,2023/2024,20.0,-1.0,60.0,7,26.32,2,78.95,2.6,1.4,0.8,1.94,0.8,1.88,0,2.21,1
2024-03-02,SP1,17:30,Getafe,Las Palmas,D,H,2023/2024,40.0,-0.5,40.0,5,26.32,5,31.58,1.6,2.0,1.2,2.36,1.8,1.63,0,1.05,1
2024-03-30,SP1,20:00,Barcelona,Las Palmas,H,D,2023/2024,40.0,-1.75,40.0,2,26.32,0,57.89,2.0,2.0,1.2,1.43,0.6,2.92,1,2.26,0
2024-04-20,SP1,13:00,Celta,Las Palmas,H,H,2023/2024,60.0,-0.75,40.0,13,26.32,4,42.11,1.2,2.8,1.0,1.92,0.8,1.95,0,1.11,1
2024-05-04,SP1,13:00,Sociedad,Las Palmas,H,H,2023/2024,60.0,-1.5,40.0,4,26.32,1,31.58,1.4,3.0,0.8,1.89,1.2,1.93,0,1.37,0
2024-05-11,SP1,13:00,Mallorca,Las Palmas,H,H,2023/2024,40.0,-0.75,0.0,2,26.32,1,26.32,0.6,2.2,0.8,2.49,0.4,1.56,0,0.89,0
2024-05-19,SP1,18:00,Cadiz,Las Palmas,D,D,2023/2024,20.0,-0.5,0.0,3,26.32,1,26.32,0.6,1.6,0.2,2.33,0.4,1.63,0,0.84,0
2024-08-25,SP1,18:00,Leganes,Las Palmas,H,D,2024/2025,100.0,-0.25,100.0,5,75.0,5,33.33,2.0,2.0,1.0,2.67,1.0,1.5,0,0.67,1
2024-09-01,SP1,16:00,Alaves,Las Palmas,H,H,2024/2025,50.0,-0.75,0.0,5,75.0,7,33.33,1.0,2.0,0.5,2.28,0.0,1.66,0,1.33,0
2024-09-21,SP1,15:15,Osasuna,Las Palmas,H,D,2024/2025,66.67,-0.5,50.0,2,75.0,4,60.0,1.75,2.0,0.67,2.06,1.0,1.84,0,2.2,1
2024-09-30,SP1,20:00,Villarreal,Las Palmas,H,H,2024/2025,75.0,-1.0,100.0,7,75.0,3,100.0,2.5,2.25,0.75,1.49,2.75,2.68,0,2.5,1
2024-08-17,SP1,18:00,Osasuna,Leganes,D,A,2024/2025,0.0,-0.5,0.0,5,0.0,4,60.0,1.0,1.0,1.0,2.69,1.0,1.47,0,2.2,0
2024-08-28,SP1,18:00,Valladolid,Leganes,D,D,2024/2025,0.0,-0.25,0.0,2,0.0,1,25.0,0.5,0.5,0.5,2.72,0.0,1.48,0,0.5,0
2024-09-13,SP1,20:00,Betis,Leganes,H,D,2024/2025,0.0,-0.75,0.0,5,0.0,0,40.0,1.5,1.0,0.33,2.44,0.5,1.57,0,1.4,0
2024-09-22,SP1,13:00,Getafe,Leganes,D,D,2024/2025,0.0,-0.5,0.0,3,0.0,3,0.0,0.33,1.0,0.5,3.73,0.33,1.27,0,0.75,0
2024-09-28,SP1,15:15,Vallecano,Leganes,D,H,2024/2025,0.0,-0.5,50.0,6,0.0,3,50.0,1.5,1.0,0.6,2.89,1.25,1.44,0,1.5,0
2022-08-15,SP1,16:30,Ath Bilbao,Mallorca,D,D,2022/2023,0.0,-1.0,0.0,6,42.11,2,31.58,0.0,0.0,0.0,2.16,0.0,1.72,0,1.16,0
2022-08-27,SP1,18:30,Vallecano,Mallorca,A,A,2022/2023,0.0,-0.5,0.0,0,42.11,4,63.16,0.0,0.0,1.0,2.31,2.0,1.67,0,1.47,0
2022-09-11,SP1,13:00,Real Madrid,Mallorca,H,D,2022/2023,33.33,-1.5,100.0,7,42.11,2,57.89,3.0,1.33,1.0,1.64,1.0,2.29,0,2.32,1
2022-10-10,SP1,20:00,Elche,Mallorca,D,H,2022/2023,25.0,0.0,25.0,2,42.11,4,36.84,0.75,1.25,1.0,2.52,1.75,1.55,1,0.95,0
2022-10-19,SP1,19:00,Sociedad,Mallorca,H,H,2022/2023,20.0,-1.0,40.0,7,42.11,3,31.58,1.2,1.2,0.8,2.42,1.2,1.58,0,1.37,0
2022-10-22,SP1,17:30,Valencia,Mallorca,A,D,2022/2023,40.0,-0.75,80.0,3,42.11,5,47.37,2.2,1.4,1.2,2.22,1.2,1.67,0,1.42,1
2022-11-06,SP1,17:30,Villarreal,Mallorca,A,A,2022/2023,40.0,-0.75,40.0,2,42.11,5,52.63,1.8,1.4,1.2,2.26,0.8,1.68,0,1.89,0
2022-12-30,SP1,16:00,Getafe,Mallorca,H,D,2022/2023,20.0,0.0,40.0,6,42.11,0,42.11,1.2,1.0,1.0,3.53,1.2,1.31,0,1.11,0
2023-01-14,SP1,17:30,Osasuna,Mallorca,H,D,2022/2023,20.0,-0.25,40.0,4,42.11,2,47.37,1.2,1.0,0.8,2.9,0.8,1.41,0,1.26,0
2023-01-28,SP1,13:00,Cadiz,Mallorca,H,H,2022/2023,20.0,0.0,20.0,4,42.11,2,31.58,1.4,1.2,0.8,3.35,0.8,1.35,0,1.0,0
2023-02-11,SP1,17:30,Sevilla,Mallorca,H,H,2022/2023,0.0,-0.5,60.0,6,42.11,0,52.63,1.8,1.4,0.4,2.83,0.6,1.4,0,1.26,0
2023-02-25,SP1,13:00,Espanol,Mallorca,H,D,2022/2023,20.0,-0.25,60.0,3,42.11,4,63.16,1.6,1.8,0.2,3.1,1.4,1.38,0,1.42,1
2023-03-19,SP1,13:00,Betis,Mallorca,H,D,2022/2023,20.0,-0.5,60.0,3,42.11,1,47.37,1.4,1.6,0.2,2.62,1.4,1.51,0,1.37,0
2023-04-09,SP1,13:00,Valladolid,Mallorca,D,H,2022/2023,40.0,-0.25,60.0,6,42.11,6,47.37,1.4,2.0,0.8,2.76,1.4,1.46,0,1.11,1
2023-04-17,SP1,20:00,Celta,Mallorca,A,A,2022/2023,40.0,-0.75,60.0,3,42.11,2,52.63,1.6,1.6,1.0,2.67,0.8,1.49,0,1.37,0
2023-04-26,SP1,18:30,Ath Madrid,Mallorca,H,D,2022/2023,60.0,-1.25,80.0,9,42.11,2,57.89,3.0,1.8,1.2,2.13,0.6,1.76,0,2.16,1
2023-05-04,SP1,18:30,Girona,Mallorca,H,H,2022/2023,60.0,-0.5,60.0,7,42.11,2,63.16,2.0,1.8,1.2,2.45,1.0,1.58,0,1.84,1
2023-05-20,SP1,17:30,Almeria,Mallorca,H,H,2022/2023,80.0,-0.25,80.0,3,42.11,3,57.89,1.8,2.2,1.2,2.12,1.0,1.75,0,1.53,1
2023-05-28,SP1,18:00,Barcelona,Mallorca,H,H,2022/2023,80.0,-1.75,60.0,9,42.11,1,47.37,2.0,2.2,0.6,1.57,0.4,2.4,1,1.95,1
2023-08-12,SP1,18:30,Las Palmas,Mallorca,D,H,2023/2024,0.0,-0.25,0.0,2,31.58,2,31.58,1.0,1.0,1.0,2.99,1.0,1.41,0,1.05,0
2023-08-26,SP1,18:30,Granada,Mallorca,H,D,2023/2024,50.0,0.0,50.0,4,31.58,5,47.37,1.5,2.0,1.5,2.74,2.0,1.47,0,1.26,1
2023-09-16,SP1,17:30,Celta,Mallorca,A,D,2023/2024,33.33,-0.5,0.0,4,31.58,4,42.11,0.0,1.33,1.33,2.63,1.33,1.51,0,1.11,0
2023-09-23,SP1,13:00,Girona,Mallorca,H,H,2023/2024,50.0,-0.5,66.67,10,31.58,5,68.42,3.0,2.25,1.75,2.41,1.0,1.58,0,2.79,1
2023-09-30,SP1,15:15,Vallecano,Mallorca,D,D,2023/2024,60.0,-0.5,50.0,5,31.58,4,36.84,1.25,2.2,1.8,2.51,2.5,1.54,0,0.95,1
2023-10-21,SP1,13:00,Sociedad,Mallorca,H,D,2023/2024,60.0,-0.75,60.0,6,31.58,7,31.58,2.8,2.2,1.6,2.55,1.4,1.53,0,1.37,0
2023-11-04,SP1,15:15,Betis,Mallorca,H,H,2023/2024,40.0,-0.5,40.0,3,31.58,1,36.84,1.8,2.0,1.2,2.32,0.4,1.66,1,1.42,0
2023-11-25,SP1,20:00,Ath Madrid,Mallorca,H,D,2023/2024,40.0,-1.5,80.0,3,31.58,1,78.95,2.2,2.2,1.0,1.85,1.0,2.01,0,2.21,0
2023-12-17,SP1,13:00,Almeria,Mallorca,D,D,2023/2024,20.0,-0.25,60.0,1,31.58,2,68.42,1.0,1.2,0.4,2.37,1.6,1.58,0,1.16,0
2024-01-03,SP1,18:15,Real Madrid,Mallorca,H,D,2023/2024,0.0,-1.75,40.0,5,31.58,0,57.89,2.4,1.0,0.0,1.63,0.4,2.39,0,2.53,0
2024-01-20,SP1,15:15,Villarreal,Mallorca,D,H,2023/2024,0.0,-0.25,80.0,5,31.58,2,73.68,1.8,1.0,0.2,2.12,2.0,1.77,0,1.89,0
2024-02-02,SP1,20:00,Ath Bilbao,Mallorca,H,H,2023/2024,20.0,-1.0,60.0,6,31.58,2,57.89,2.6,1.4,0.2,2.39,0.2,1.56,0,2.21,1
2024-02-24,SP1,17:30,Alaves,Mallorca,D,D,2023/2024,20.0,-0.5,20.0,1,31.58,8,26.32,0.8,1.4,0.4,3.01,1.2,1.38,0,1.21,0
2024-03-08,SP1,20:00,Barcelona,Mallorca,H,D,2023/2024,20.0,-1.25,60.0,6,31.58,3,57.89,2.4,1.6,0.4,1.84,1.6,2.02,0,2.26,0
2024-03-30,SP1,17:30,Valencia,Mallorca,D,D,2023/2024,20.0,-0.25,40.0,5,31.58,3,36.84,1.0,1.4,0.4,2.9,0.6,1.43,0,1.05,0
2024-04-22,SP1,20:00,Sevilla,Mallorca,H,D,2023/2024,40.0,-0.25,60.0,4,31.58,6,57.89,1.6,1.6,0.4,2.49,1.2,1.56,0,1.42,1
2024-04-28,SP1,13:00,Cadiz,Mallorca,D,A,2023/2024,20.0,0.0,20.0,2,31.58,2,26.32,1.2,1.0,0.6,3.35,0.8,1.33,0,0.84,0
2024-05-14,SP1,18:30,Osasuna,Mallorca,D,H,2023/2024,20.0,0.0,20.0,4,31.58,4,26.32,0.8,1.0,0.6,2.99,1.6,1.4,0,1.0,0
2024-05-26,SP1,13:00,Getafe,Mallorca,A,D,2023/2024,40.0,-0.25,40.0,6,31.58,4,31.58,0.4,1.0,1.0,2.43,1.8,1.54,0,1.05,1
2024-08-24,SP1,16:00,Osasuna,Mallorca,H,D,2024/2025,0.0,-0.25,0.0,5,50.0,2,60.0,1.0,1.0,0.0,2.53,0.5,1.5,0,2.2,0
2024-08-31,SP1,20:30,Leganes,Mallorca,A,A,2024/2025,0.0,0.0,50.0,2,50.0,3,33.33,1.0,0.5,0.5,3.35,1.0,1.33,0,0.67,0
2024-09-23,SP1,20:00,Betis,Mallorca,A,D,2024/2025,33.33,-0.5,50.0,6,50.0,6,40.0,1.5,0.67,1.0,2.71,1.0,1.47,0,1.4,1
2024-09-27,SP1,20:00,Valladolid,Mallorca,A,D,2024/2025,50.0,0.25,25.0,1,50.0,6,25.0,0.5,0.75,1.25,2.93,0.5,1.41,0,0.5,1
2022-08-26,SP1,21:00,Betis,Osasuna,H,H,2022/2023,0.0,-0.5,50.0,1,26.32,2,47.37,2.0,1.0,0.0,1.98,0.0,1.88,0,1.37,0
2022-09-12,SP1,20:00,Almeria,Osasuna,A,A,2022/2023,0.0,0.0,66.67,2,26.32,4,57.89,1.0,0.5,0.5,2.19,1.33,1.75,0,1.53,0
2022-10-02,SP1,20:00,Real Madrid,Osasuna,D,H,2022/2023,0.0,-1.5,66.67,4,26.32,2,57.89,2.33,0.67,0.67,1.61,1.0,2.42,1,2.32,0
2022-10-17,SP1,20:00,Villarreal,Osasuna,H,H,2022/2023,0.0,-0.75,33.33,9,26.32,3,52.63,2.33,1.0,0.5,2.04,0.33,1.83,0,1.89,0
2022-10-23,SP1,17:30,Girona,Osasuna,D,D,2022/2023,0.0,-0.25,40.0,1,26.32,2,63.16,1.4,1.0,0.6,2.19,1.8,1.74,0,1.84,0
2022-11-05,SP1,17:30,Celta,Osasuna,A,A,2022/2023,20.0,-0.25,60.0,5,26.32,4,52.63,1.4,1.0,1.0,2.23,1.0,1.73,0,1.37,1
2022-12-31,SP1,15:15,Sociedad,Osasuna,H,H,2022/2023,20.0,-0.5,0.0,2,26.32,3,31.58,1.0,1.4,0.8,2.42,0.6,1.58,0,1.37,0
2023-01-09,SP1,20:00,Ath Bilbao,Osasuna,D,D,2022/2023,20.0,-1.0,40.0,3,26.32,1,31.58,1.6,1.2,0.6,2.0,0.2,1.85,0,1.16,0
2023-01-22,SP1,15:15,Elche,Osasuna,D,A,2022/2023,20.0,0.0,40.0,4,26.32,4,36.84,0.4,1.0,0.8,2.44,1.6,1.6,0,0.95,0
2023-02-04,SP1,13:00,Espanol,Osasuna,D,A,2022/2023,20.0,0.0,40.0,4,26.32,3,63.16,1.2,1.0,0.8,2.55,1.2,1.54,1,1.42,0
2023-02-12,SP1,17:30,Valladolid,Osasuna,D,D,2022/2023,0.0,-0.25,20.0,5,26.32,4,47.37,0.6,0.8,0.4,2.34,0.8,1.58,0,1.11,0
2023-02-26,SP1,20:00,Sevilla,Osasuna,A,A,2022/2023,20.0,-0.75,60.0,8,26.32,4,52.63,2.0,0.8,1.0,2.29,0.8,1.66,0,1.26,1
2023-03-11,SP1,20:00,Valencia,Osasuna,H,D,2022/2023,20.0,-0.5,40.0,4,26.32,0,47.37,1.0,1.0,1.0,2.51,1.0,1.57,0,1.42,0
2023-03-31,SP1,20:00,Mallorca,Osasuna,D,D,2022/2023,20.0,-0.25,20.0,1,26.32,2,21.05,1.2,0.8,0.8,3.39,0.8,1.33,0,1.16,0
2023-04-14,SP1,20:00,Vallecano,Osasuna,H,H,2022/2023,40.0,-0.5,60.0,3,26.32,4,63.16,1.2,1.0,0.8,2.45,1.2,1.55,0,1.47,1
2023-04-25,SP1,18:30,Cadiz,Osasuna,A,D,2022/2023,40.0,-0.25,20.0,4,26.32,4,31.58,0.6,1.0,1.0,2.51,1.4,1.54,1,1.0,0
2023-05-02,SP1,18:30,Barcelona,Osasuna,H,D,2022/2023,20.0,-2.25,40.0,4,26.32,2,47.37,1.6,0.8,0.4,1.43,0.2,2.9,1,1.95,0
2023-05-21,SP1,15:15,Ath Madrid,Osasuna,H,H,2022/2023,40.0,-1.25,80.0,5,26.32,2,57.89,2.8,1.2,0.4,1.66,0.6,2.34,0,2.16,1
2023-05-28,SP1,18:00,Getafe,Osasuna,H,D,2022/2023,60.0,-0.25,40.0,6,26.32,2,42.11,1.0,1.6,0.6,3.22,0.8,1.39,0,1.11,1
2023-08-13,SP1,16:00,Celta,Osasuna,A,A,2023/2024,0.0,-0.25,0.0,1,57.89,5,42.11,0.0,0.0,2.0,2.42,2.0,1.6,0,1.11,0
2023-08-27,SP1,18:30,Valencia,Osasuna,A,A,2023/2024,50.0,-0.75,50.0,4,57.89,2,36.84,1.0,0.5,2.0,2.58,1.0,1.53,0,1.05,1
2023-09-17,SP1,13:00,Getafe,Osasuna,H,D,2023/2024,66.67,0.0,33.33,6,57.89,3,31.58,1.33,1.33,2.0,3.08,0.67,1.41,0,1.05,1
2023-10-01,SP1,15:15,Alaves,Osasuna,A,A,2023/2024,50.0,-0.25,25.0,3,57.89,3,26.32,1.25,1.0,2.0,2.68,1.75,1.45,0,1.21,0
2023-10-07,SP1,15:15,Real Madrid,Osasuna,H,H,2023/2024,60.0,-1.75,75.0,9,57.89,1,57.89,2.5,1.6,1.6,1.55,0.5,2.51,0,2.53,1
2023-10-29,SP1,13:00,Betis,Osasuna,H,H,2023/2024,80.0,-0.5,40.0,2,57.89,1,36.84,1.4,2.0,1.4,2.16,0.4,1.75,0,1.42,1
2023-11-26,SP1,13:00,Villarreal,Osasuna,H,D,2023/2024,80.0,-0.25,80.0,3,57.89,7,73.68,1.6,2.4,1.2,1.95,1.8,1.9,0,1.89,1
2023-12-10,SP1,17:30,Cadiz,Osasuna,D,H,2023/2024,60.0,0.0,40.0,5,57.89,5,26.32,0.6,2.0,1.0,2.51,1.4,1.55,0,0.84,0
2023-12-21,SP1,20:30,Mallorca,Osasuna,H,D,2023/2024,80.0,-0.25,20.0,8,57.89,7,26.32,1.0,2.6,1.0,3.03,0.6,1.38,0,0.89,1
2024-01-28,SP1,17:30,Sevilla,Osasuna,D,H,2023/2024,60.0,-0.25,40.0,5,57.89,4,57.89,0.8,2.0,1.2,2.4,2.0,1.58,0,1.42,0
2024-01-31,SP1,18:00,Barcelona,Osasuna,H,D,2023/2024,40.0,-1.5,60.0,4,57.89,1,57.89,2.0,1.8,1.0,1.5,2.2,2.65,1,2.26,0
2024-02-10,SP1,15:15,Sociedad,Osasuna,A,D,2023/2024,20.0,-0.75,20.0,3,57.89,2,31.58,0.6,1.2,1.0,2.79,0.6,1.45,0,1.37,0
2024-02-25,SP1,17:30,Las Palmas,Osasuna,D,D,2023/2024,20.0,-0.25,60.0,3,57.89,2,31.58,1.6,1.2,1.0,2.49,1.0,1.56,0,1.05,0
2024-03-09,SP1,20:00,Girona,Osasuna,H,H,2023/2024,0.0,-1.0,60.0,6,57.89,1,68.42,2.8,1.0,0.6,1.7,0.8,2.13,0,2.79,0
2024-03-30,SP1,15:15,Almeria,Osasuna,A,A,2023/2024,20.0,0.0,80.0,5,57.89,4,68.42,0.8,0.8,1.0,2.05,2.0,1.8,0,1.16,1
2024-04-20,SP1,15:15,Vallecano,Osasuna,H,A,2023/2024,40.0,-0.25,20.0,6,57.89,2,36.84,1.2,1.0,1.2,2.74,0.6,1.47,0,0.95,1
2024-04-28,SP1,15:15,Granada,Osasuna,H,H,2023/2024,60.0,-0.25,40.0,4,57.89,2,47.37,1.6,1.6,1.0,2.4,1.0,1.59,0,1.26,1
2024-05-11,SP1,20:00,Ath Bilbao,Osasuna,D,A,2023/2024,80.0,-1.25,20.0,6,57.89,3,57.89,1.2,1.8,1.2,1.92,0.8,1.9,0,2.21,1
2024-05-19,SP1,18:00,Ath Madrid,Osasuna,A,A,2023/2024,100.0,-1.5,80.0,2,57.89,6,78.95,1.6,1.6,2.0,1.69,1.8,2.23,0,2.21,1
2024-08-29,SP1,18:00,Girona,Osasuna,H,H,2024/2025,100.0,-0.75,100.0,5,66.67,0,66.67,4.0,4.0,0.0,1.84,0.0,2.03,0,1.67,1
2024-09-16,SP1,20:00,Vallecano,Osasuna,H,A,2024/2025,100.0,-0.25,100.0,6,66.67,2,50.0,2.0,3.5,0.5,2.54,1.5,1.52,0,1.5,1
2024-09-24,SP1,18:00,Valencia,Osasuna,D,D,2024/2025,66.67,-0.5,25.0,2,66.67,2,25.0,1.0,2.33,0.33,2.68,0.75,1.5,0,1.0,0
2022-08-14,SP1,21:00,Almeria,Real Madrid,A,H,2022/2023,100.0,1.25,100.0,6,52.63,15,57.89,1.0,1.0,2.0,1.54,2.0,2.57,0,1.53,1
2022-08-20,SP1,21:00,Celta,Real Madrid,A,A,2022/2023,100.0,0.75,100.0,2,52.63,7,52.63,1.5,1.0,3.0,1.71,3.0,2.19,0,1.37,1
2022-08-28,SP1,21:00,Espanol,Real Madrid,A,D,2022/2023,100.0,1.25,50.0,4,52.63,6,63.16,0.5,1.0,3.0,1.64,2.5,2.28,0,1.42,1
2022-09-18,SP1,20:00,Ath Madrid,Real Madrid,A,A,2022/2023,100.0,0.25,66.67,5,52.63,3,57.89,1.67,1.0,2.75,2.22,1.67,1.71,0,2.16,1
2022-10-08,SP1,20:00,Getafe,Real Madrid,A,A,2022/2023,80.0,1.25,60.0,2,52.63,4,42.11,0.8,0.8,2.4,1.83,1.6,2.06,0,1.11,0
2022-10-19,SP1,20:00,Elche,Real Madrid,A,A,2022/2023,80.0,1.75,40.0,3,52.63,7,36.84,0.6,0.6,2.6,1.49,2.0,2.69,0,0.95,1
2022-11-07,SP1,20:00,Vallecano,Real Madrid,H,D,2022/2023,80.0,0.75,80.0,7,52.63,2,63.16,2.4,1.0,2.2,1.87,1.0,1.97,0,1.47,1
2022-12-30,SP1,20:30,Valladolid,Real Madrid,A,D,2022/2023,60.0,1.25,40.0,4,52.63,8,47.37,1.4,0.8,2.0,1.54,0.8,2.55,0,1.11,0
2023-01-07,SP1,15:15,Villarreal,Real Madrid,H,D,2022/2023,60.0,0.5,60.0,5,52.63,3,52.63,1.6,1.0,1.8,1.75,1.0,2.18,0,1.89,1
2023-01-22,SP1,20:00,Ath Bilbao,Real Madrid,A,A,2022/2023,60.0,0.25,20.0,3,52.63,4,31.58,0.8,1.0,2.0,1.94,0.6,1.93,0,1.16,0
2023-02-05,SP1,13:00,Mallorca,Real Madrid,H,H,2022/2023,40.0,0.75,0.0,1,52.63,1,21.05,1.0,1.2,1.4,2.31,0.2,1.7,0,1.16,0
2023-02-18,SP1,20:00,Osasuna,Real Madrid,A,D,2022/2023,20.0,0.75,20.0,4,52.63,6,47.37,0.8,0.6,1.4,2.01,1.0,1.83,0,1.26,0
2023-03-05,SP1,20:00,Betis,Real Madrid,D,D,2022/2023,20.0,0.75,60.0,4,52.63,5,47.37,1.2,0.6,1.0,1.73,1.4,2.11,0,1.37,0
2023-03-19,SP1,20:00,Barcelona,Real Madrid,H,D,2022/2023,20.0,-0.25,40.0,7,52.63,3,47.37,1.8,0.6,1.0,1.98,0.2,1.9,0,1.95,1
2023-04-15,SP1,20:00,Cadiz,Real Madrid,A,D,2022/2023,20.0,1.0,20.0,3,52.63,11,31.58,1.0,0.6,1.0,1.81,1.2,2.09,0,1.0,0
2023-04-25,SP1,18:30,Girona,Real Madrid,H,H,2022/2023,40.0,1.0,60.0,5,52.63,3,63.16,2.8,1.2,1.4,1.56,1.2,2.46,0,1.84,1
2023-05-02,SP1,21:00,Sociedad,Real Madrid,H,D,2022/2023,40.0,-0.25,20.0,4,52.63,5,31.58,1.6,1.6,1.0,2.24,0.2,1.69,1,1.37,0
2023-05-21,SP1,17:30,Valencia,Real Madrid,H,H,2022/2023,40.0,0.25,20.0,6,52.63,5,47.37,1.0,1.8,1.0,1.71,1.0,2.22,1,1.42,0
2023-05-27,SP1,18:00,Sevilla,Real Madrid,A,D,2022/2023,40.0,0.25,60.0,1,52.63,3,52.63,1.2,1.6,1.2,1.77,1.4,2.12,0,1.26,1
2023-08-12,SP1,20:30,Ath Bilbao,Real Madrid,A,A,2023/2024,0.0,0.25,0.0,1,52.63,8,57.89,0.0,0.0,2.0,1.94,2.0,1.95,0,2.21,0
2023-08-19,SP1,18:30,Almeria,Real Madrid,A,D,2023/2024,50.0,1.25,50.0,8,52.63,9,68.42,0.5,0.5,2.5,1.43,2.5,2.95,0,1.16,1
2023-08-25,SP1,20:30,Celta,Real Madrid,A,D,2023/2024,33.33,0.75,0.0,4,52.63,3,42.11,0.0,0.33,2.0,1.76,1.5,2.11,0,1.11,0
2023-09-24,SP1,20:00,Ath Madrid,Real Madrid,H,H,2023/2024,50.0,0.0,100.0,4,52.63,5,78.95,3.0,1.0,1.75,1.99,1.0,1.92,0,2.21,1
2023-09-30,SP1,17:30,Girona,Real Madrid,A,A,2023/2024,60.0,0.5,75.0,3,52.63,7,68.42,2.25,0.8,2.0,1.57,1.5,2.42,1,2.79,1
2023-10-21,SP1,17:30,Sevilla,Real Madrid,D,D,2023/2024,60.0,0.75,60.0,7,52.63,5,57.89,2.0,1.0,1.8,1.6,1.2,2.42,0,1.42,0
2023-10-28,SP1,15:15,Barcelona,Real Madrid,A,H,2023/2024,60.0,0.0,60.0,3,52.63,4,57.89,2.2,1.0,1.6,1.7,0.8,2.13,0,2.26,1
2023-11-26,SP1,17:30,Cadiz,Real Madrid,A,A,2023/2024,80.0,1.25,60.0,4,52.63,5,26.32,1.0,1.0,2.0,1.8,1.4,2.1,0,0.84,1
2023-12-09,SP1,15:15,Betis,Real Madrid,D,D,2023/2024,60.0,0.75,40.0,6,52.63,2,36.84,1.8,0.6,2.0,1.68,0.4,2.28,0,1.42,0
2023-12-21,SP1,20:30,Alaves,Real Madrid,A,D,2023/2024,40.0,1.0,20.0,2,52.63,4,26.32,1.0,0.6,1.6,1.83,0.8,2.02,1,1.21,0
2024-01-27,SP1,15:15,Las Palmas,Real Madrid,A,D,2023/2024,60.0,1.25,60.0,2,52.63,5,31.58,1.6,0.6,1.8,1.63,1.0,2.38,0,1.05,1
2024-02-01,SP1,20:00,Getafe,Real Madrid,A,A,2023/2024,40.0,1.0,20.0,2,52.63,9,31.58,1.0,0.4,1.8,2.0,1.0,1.81,0,1.05,0
2024-02-18,SP1,13:00,Vallecano,Real Madrid,D,D,2023/2024,20.0,0.75,20.0,3,52.63,4,36.84,0.4,0.6,1.4,1.77,1.2,2.09,1,0.95,0
2024-03-02,SP1,20:00,Valencia,Real Madrid,D,H,2023/2024,40.0,0.75,60.0,5,52.63,5,36.84,1.6,0.8,1.6,1.93,0.8,1.93,1,1.05,1
2024-03-16,SP1,15:15,Osasuna,Real Madrid,A,A,2023/2024,60.0,1.0,60.0,4,52.63,9,26.32,1.6,1.2,2.2,1.79,1.8,2.03,0,1.0,1
2024-04-13,SP1,17:30,Mallorca,Real Madrid,A,D,2023/2024,40.0,0.75,40.0,2,52.63,9,26.32,1.0,1.0,2.0,2.16,0.8,1.71,0,0.89,0
2024-04-26,SP1,20:00,Sociedad,Real Madrid,A,A,2023/2024,40.0,-0.25,40.0,3,52.63,3,31.58,1.0,1.0,1.8,2.32,1.4,1.6,0,1.37,0
2024-05-11,SP1,17:30,Granada,Real Madrid,A,A,2023/2024,60.0,1.0,60.0,1,52.63,7,47.37,1.4,0.8,2.4,1.63,1.6,2.34,0,1.26,1
2024-05-19,SP1,18:00,Villarreal,Real Madrid,D,A,2023/2024,60.0,0.25,80.0,7,52.63,6,73.68,2.4,1.2,2.8,1.41,1.6,2.99,0,1.89,1
2024-08-18,SP1,20:30,Mallorca,Real Madrid,D,A,2024/2025,0.0,1.25,0.0,5,0.0,4,25.0,1.0,1.0,1.0,1.76,1.0,2.07,1,0.75,0
2024-08-29,SP1,20:30,Las Palmas,Real Madrid,D,H,2024/2025,0.0,1.5,50.0,3,0.0,8,50.0,1.5,1.0,1.0,1.56,1.5,2.41,0,1.5,0
2024-09-14,SP1,20:00,Sociedad,Real Madrid,A,D,2024/2025,0.0,0.75,66.67,2,0.0,7,75.0,0.67,0.67,1.33,1.99,2.0,1.88,0,1.25,0
2024-09-29,SP1,20:00,Ath Madrid,Real Madrid,D,D,2024/2025,0.0,0.0,50.0,4,0.0,4,50.0,1.75,0.75,1.25,2.0,0.25,1.84,0,1.75,0
2022-08-12,SP1,20:00,Osasuna,Sevilla,H,D,2022/2023,100.0,0.25,100.0,5,47.37,3,47.37,2.0,2.0,1.0,2.55,1.0,1.54,0,1.26,1
2022-08-27,SP1,21:00,Almeria,Sevilla,H,D,2022/2023,100.0,0.25,100.0,5,47.37,5,57.89,1.5,2.0,1.0,2.1,1.5,1.81,0,1.53,1
2022-09-10,SP1,15:15,Espanol,Sevilla,A,A,2022/2023,100.0,0.0,66.67,5,47.37,7,63.16,1.0,2.0,1.67,2.18,2.67,1.74,1,1.42,1
2022-09-18,SP1,15:15,Villarreal,Sevilla,D,A,2022/2023,75.0,-0.75,50.0,7,47.37,1,52.63,2.5,1.75,1.5,1.99,0.5,1.88,0,1.89,0
2022-10-15,SP1,17:30,Mallorca,Sevilla,A,D,2022/2023,60.0,0.25,20.0,5,47.37,1,21.05,0.6,1.4,1.4,2.59,1.0,1.52,0,1.16,0
2022-10-22,SP1,20:00,Real Madrid,Sevilla,H,H,2022/2023,60.0,-1.25,80.0,6,47.37,2,57.89,2.6,1.6,1.4,1.59,1.0,2.43,0,2.32,1
2022-11-06,SP1,20:00,Betis,Sevilla,D,H,2022/2023,40.0,-0.25,60.0,4,47.37,6,47.37,1.6,1.4,1.4,2.19,1.0,1.73,1,1.37,0
2022-12-30,SP1,18:15,Celta,Sevilla,D,H,2022/2023,20.0,-0.25,40.0,5,47.37,5,52.63,1.0,1.2,1.0,2.38,1.2,1.61,1,1.37,0
2023-01-14,SP1,15:15,Girona,Sevilla,H,A,2022/2023,40.0,-0.25,60.0,7,47.37,2,63.16,1.6,1.4,1.0,2.21,1.2,1.67,0,1.84,1
2023-02-05,SP1,20:00,Barcelona,Sevilla,H,D,2022/2023,60.0,-1.5,40.0,7,47.37,1,47.37,2.2,2.0,0.8,1.73,0.2,2.2,0,1.95,1
2023-02-19,SP1,15:15,Vallecano,Sevilla,D,A,2022/2023,40.0,-0.25,20.0,5,47.37,2,63.16,0.8,1.6,0.8,2.44,1.0,1.57,0,1.47,0
2023-03-04,SP1,20:00,Ath Madrid,Sevilla,H,H,2022/2023,60.0,-0.75,40.0,8,47.37,1,57.89,2.2,2.6,0.8,2.22,0.6,1.71,1,2.16,1
2023-03-19,SP1,17:30,Getafe,Sevilla,H,D,2022/2023,60.0,0.0,20.0,4,47.37,4,42.11,1.4,2.8,0.6,2.86,0.8,1.41,0,1.11,0
2023-04-01,SP1,17:30,Cadiz,Sevilla,A,D,2022/2023,40.0,0.25,20.0,3,47.37,5,31.58,1.4,2.4,0.8,2.44,0.8,1.58,0,1.0,0
2023-04-16,SP1,20:00,Valencia,Sevilla,A,D,2022/2023,20.0,-0.25,20.0,3,47.37,3,47.37,0.8,1.8,1.2,2.23,1.0,1.7,0,1.42,0
2023-04-27,SP1,21:00,Ath Bilbao,Sevilla,A,D,2022/2023,20.0,-0.75,20.0,2,47.37,1,31.58,0.8,1.6,1.2,2.09,1.0,1.8,0,1.16,0
2023-05-14,SP1,17:30,Valladolid,Sevilla,A,D,2022/2023,20.0,0.0,80.0,6,47.37,5,47.37,1.4,0.4,1.6,2.0,2.8,1.84,0,1.11,1
2023-05-24,SP1,18:30,Elche,Sevilla,D,D,2022/2023,20.0,0.25,40.0,7,47.37,3,36.84,1.2,0.2,1.8,1.92,1.4,1.91,1,0.95,0
2023-06-04,SP1,17:30,Sociedad,Sevilla,H,H,2022/2023,40.0,-1.0,60.0,6,47.37,4,31.58,1.8,0.6,1.6,1.85,0.8,2.04,0,1.37,1
2023-08-21,SP1,18:00,Alaves,Sevilla,H,D,2023/2024,100.0,0.25,100.0,7,42.11,2,26.32,4.0,4.0,3.0,2.58,3.0,1.52,0,1.21,1
2023-09-23,SP1,15:15,Osasuna,Sevilla,D,D,2023/2024,50.0,-0.25,33.33,2,42.11,3,26.32,0.33,2.0,1.5,2.24,1.33,1.66,0,1.0,0
2023-09-29,SP1,20:00,Barcelona,Sevilla,H,D,2023/2024,33.33,-1.5,50.0,5,42.11,3,57.89,2.75,1.67,1.0,1.43,0.5,2.97,0,2.26,0
2023-10-28,SP1,20:00,Cadiz,Sevilla,D,H,2023/2024,50.0,0.5,40.0,5,42.11,10,26.32,1.2,1.75,1.25,2.17,1.0,1.75,0,0.84,1
2023-11-04,SP1,17:30,Celta,Sevilla,D,H,2023/2024,40.0,-0.25,40.0,3,42.11,5,42.11,0.8,1.6,1.2,1.98,1.6,1.86,0,1.11,0
2023-11-26,SP1,15:15,Sociedad,Sevilla,H,H,2023/2024,40.0,-0.75,60.0,8,42.11,2,31.58,2.0,1.2,0.8,2.07,1.0,1.81,2,1.37,1
2023-12-09,SP1,20:00,Mallorca,Sevilla,H,H,2023/2024,40.0,0.0,0.0,3,42.11,5,26.32,0.6,1.4,0.8,2.63,0.4,1.54,0,0.89,0
2023-12-19,SP1,20:30,Granada,Sevilla,A,A,2023/2024,60.0,0.25,60.0,3,42.11,5,47.37,1.2,1.2,1.4,2.21,2.0,1.67,0,1.26,1
2023-12-23,SP1,15:15,Ath Madrid,Sevilla,H,D,2023/2024,40.0,-1.0,60.0,4,42.11,2,78.95,2.0,1.0,1.0,1.77,1.0,2.08,0,2.21,0
2024-01-21,SP1,20:00,Girona,Sevilla,H,H,2023/2024,60.0,-0.75,80.0,8,42.11,3,68.42,3.0,1.8,1.0,1.66,1.2,2.32,0,2.79,1
2024-02-05,SP1,20:00,Vallecano,Sevilla,A,A,2023/2024,60.0,-0.25,20.0,5,42.11,6,36.84,0.4,1.6,1.2,2.31,1.2,1.63,0,0.95,1
2024-02-17,SP1,20:00,Valencia,Sevilla,D,D,2023/2024,60.0,-0.25,40.0,4,42.11,1,36.84,1.4,1.4,1.2,2.44,0.6,1.58,0,1.05,0
2024-02-25,SP1,20:00,Real Madrid,Sevilla,H,D,2023/2024,40.0,-1.75,40.0,6,42.11,1,57.89,2.0,1.6,0.6,1.48,0.6,2.69,0,2.53,0
2024-03-11,SP1,20:00,Almeria,Sevilla,D,H,2023/2024,60.0,0.25,60.0,4,42.11,6,68.42,0.8,1.8,1.0,2.0,1.4,1.87,0,1.16,1
2024-03-30,SP1,13:00,Getafe,Sevilla,A,A,2023/2024,40.0,0.0,40.0,5,42.11,3,31.58,1.4,0.8,1.0,2.43,1.6,1.57,0,1.05,0
2024-04-14,SP1,13:00,Las Palmas,Sevilla,A,A,2023/2024,20.0,0.0,0.0,2,42.11,3,31.58,0.6,0.6,1.0,2.03,1.2,1.83,0,1.05,0
2024-04-28,SP1,20:00,Betis,Sevilla,D,H,2023/2024,20.0,-0.5,60.0,5,42.11,1,36.84,1.6,0.8,1.2,2.11,1.2,1.78,0,1.42,0
2024-05-11,SP1,15:15,Villarreal,Sevilla,H,A,2023/2024,40.0,-0.5,80.0,7,42.11,4,73.68,2.6,1.2,1.6,1.61,1.0,2.37,0,1.89,1
2024-05-19,SP1,18:00,Ath Bilbao,Sevilla,H,H,2023/2024,20.0,-1.0,20.0,6,42.11,4,57.89,1.6,1.2,1.2,1.73,0.8,2.18,0,2.21,0
2024-08-16,SP1,20:30,Las Palmas,Sevilla,D,D,2024/2025,100.0,0.0,100.0,5,50.0,5,50.0,2.0,2.0,2.0,2.14,2.0,1.76,0,1.5,1
2024-08-27,SP1,18:00,Mallorca,Sevilla,D,D,2024/2025,50.0,-0.25,0.0,4,50.0,7,25.0,0.5,1.0,1.0,2.32,0.5,1.67,1,0.75,0
2024-09-20,SP1,20:00,Alaves,Sevilla,H,H,2024/2025,66.67,-0.25,33.33,4,50.0,2,33.33,1.33,1.33,1.0,2.33,0.33,1.66,0,1.33,1
2024-09-29,SP1,15:15,Ath Bilbao,Sevilla,D,H,2024/2025,50.0,-0.75,20.0,3,50.0,4,20.0,1.2,1.25,1.0,2.06,0.8,1.79,0,1.2,0
2022-08-14,SP1,16:30,Cadiz,Sociedad,A,A,2022/2023,0.0,0.25,0.0,2,36.84,7,31.58,0.0,0.0,1.0,2.61,1.0,1.51,0,1.0,0
2022-08-27,SP1,16:30,Elche,Sociedad,A,A,2022/2023,0.0,0.5,0.0,5,36.84,5,36.84,0.5,0.0,1.0,2.22,1.0,1.71,0,0.95,0
2022-09-11,SP1,17:30,Getafe,Sociedad,H,H,2022/2023,33.33,0.5,66.67,3,36.84,6,42.11,0.67,0.67,1.0,2.69,1.33,1.5,0,1.11,1
2022-10-02,SP1,17:30,Girona,Sociedad,A,D,2022/2023,50.0,0.25,75.0,8,36.84,5,63.16,2.0,1.25,2.0,2.28,2.0,1.64,0,1.84,1
2022-10-16,SP1,13:00,Celta,Sociedad,A,D,2022/2023,60.0,-0.25,80.0,3,36.84,6,52.63,1.6,1.2,2.0,2.44,1.6,1.59,0,1.37,1
2022-10-22,SP1,15:15,Valladolid,Sociedad,H,H,2022/2023,60.0,0.5,20.0,2,36.84,2,47.37,1.2,1.4,1.8,2.17,0.4,1.74,0,1.11,0
2022-11-09,SP1,18:00,Sevilla,Sociedad,A,A,2022/2023,80.0,-0.25,20.0,3,36.84,9,52.63,0.6,1.6,2.0,2.16,1.4,1.72,0,1.26,1
2023-01-08,SP1,13:00,Almeria,Sociedad,A,D,2022/2023,60.0,0.5,60.0,1,36.84,6,57.89,2.0,1.2,2.2,2.11,1.2,1.76,0,1.53,0
2023-01-21,SP1,13:00,Vallecano,Sociedad,A,A,2022/2023,40.0,0.0,60.0,2,36.84,7,63.16,1.8,0.6,1.6,2.61,1.4,1.52,0,1.47,0
2023-01-29,SP1,20:00,Real Madrid,Sociedad,D,D,2022/2023,20.0,-0.75,60.0,7,36.84,3,57.89,1.8,0.4,1.2,1.9,0.8,1.92,0,2.32,0
2023-02-13,SP1,20:00,Espanol,Sociedad,A,A,2022/2023,40.0,0.25,40.0,6,36.84,5,63.16,1.2,0.6,1.8,2.67,1.4,1.5,0,1.42,1
2023-02-25,SP1,20:00,Valencia,Sociedad,H,H,2022/2023,20.0,0.25,60.0,3,36.84,3,47.37,1.4,0.6,1.4,2.49,1.0,1.55,0,1.42,0
2023-03-12,SP1,13:00,Mallorca,Sociedad,D,A,2022/2023,20.0,0.25,20.0,2,36.84,2,21.05,1.4,0.8,1.2,3.54,0.8,1.32,1,1.16,0
2023-04-02,SP1,17:30,Villarreal,Sociedad,H,D,2022/2023,20.0,0.0,20.0,4,36.84,3,52.63,1.0,1.2,0.8,2.32,0.8,1.64,0,1.89,0
2023-04-15,SP1,15:15,Ath Bilbao,Sociedad,H,H,2022/2023,20.0,-0.25,40.0,5,36.84,4,31.58,1.6,1.6,0.8,2.73,1.0,1.48,0,1.16,0
2023-04-25,SP1,21:00,Betis,Sociedad,D,D,2022/2023,0.0,0.0,20.0,1,36.84,3,47.37,0.8,1.2,0.2,2.46,0.6,1.54,0,1.37,0
2023-04-28,SP1,20:00,Osasuna,Sociedad,A,A,2022/2023,0.0,0.25,60.0,1,36.84,8,47.37,1.0,1.0,0.6,2.82,1.6,1.46,0,1.26,0
2023-05-20,SP1,20:00,Barcelona,Sociedad,A,A,2022/2023,20.0,-0.75,40.0,4,36.84,6,47.37,1.4,1.0,0.8,1.9,0.4,1.88,0,1.95,1
2023-05-28,SP1,18:00,Ath Madrid,Sociedad,H,H,2022/2023,40.0,-0.25,100.0,5,36.84,5,57.89,3.0,1.0,1.0,2.27,0.8,1.6,0,2.16,1
2023-08-25,SP1,18:30,Las Palmas,Sociedad,D,D,2023/2024,0.0,0.5,0.0,5,47.37,1,31.58,0.5,0.0,0.0,2.49,0.5,1.57,0,1.05,0
2023-09-17,SP1,20:00,Real Madrid,Sociedad,H,A,2023/2024,50.0,-0.75,100.0,8,47.37,5,57.89,2.0,1.0,0.5,1.92,1.0,1.97,0,2.53,1
2023-09-27,SP1,20:30,Valencia,Sociedad,A,A,2023/2024,33.33,-0.25,50.0,2,47.37,1,36.84,1.25,0.67,0.67,2.65,0.75,1.49,0,1.05,0
2023-10-08,SP1,15:15,Ath Madrid,Sociedad,H,H,2023/2024,50.0,-0.5,100.0,5,47.37,4,78.95,2.75,1.0,0.75,2.18,1.25,1.74,0,2.21,1
2023-10-29,SP1,15:15,Vallecano,Sociedad,D,D,2023/2024,60.0,0.25,60.0,7,47.37,3,36.84,1.4,1.2,1.0,2.4,2.4,1.59,0,0.95,1
2023-11-11,SP1,15:15,Almeria,Sociedad,A,D,2023/2024,80.0,0.75,100.0,2,47.37,6,68.42,1.8,1.4,1.6,1.85,2.6,2.04,0,1.16,1
2023-12-02,SP1,20:00,Osasuna,Sociedad,D,D,2023/2024,60.0,0.25,20.0,3,47.37,5,26.32,1.2,1.2,1.6,2.53,1.6,1.53,0,1.0,0
2023-12-09,SP1,17:30,Villarreal,Sociedad,A,A,2023/2024,80.0,0.25,80.0,4,47.37,5,73.68,1.4,1.2,2.0,2.0,2.0,1.87,0,1.89,1
2023-12-21,SP1,18:00,Cadiz,Sociedad,D,D,2023/2024,60.0,0.75,40.0,2,47.37,1,26.32,0.6,0.8,1.8,2.42,1.4,1.59,0,0.84,0
2024-01-13,SP1,17:30,Ath Bilbao,Sociedad,H,H,2023/2024,60.0,-0.25,60.0,3,47.37,1,57.89,2.6,0.8,1.6,2.54,0.8,1.56,0,2.21,1
2024-01-20,SP1,20:00,Celta,Sociedad,A,A,2023/2024,40.0,-0.25,20.0,2,47.37,2,42.11,1.0,0.6,1.2,2.78,0.8,1.46,0,1.11,0
2024-02-03,SP1,20:00,Girona,Sociedad,D,D,2023/2024,40.0,-0.5,80.0,3,47.37,2,68.42,2.8,0.4,1.0,1.99,1.0,1.88,0,2.79,0
2024-02-18,SP1,17:30,Mallorca,Sociedad,A,D,2023/2024,40.0,0.25,60.0,1,47.37,5,26.32,1.4,0.6,0.8,3.58,1.4,1.31,0,0.89,1
2024-03-02,SP1,13:00,Sevilla,Sociedad,H,H,2023/2024,60.0,0.0,40.0,5,47.37,4,57.89,1.4,1.2,1.2,2.89,1.6,1.43,0,1.42,1
2024-03-09,SP1,17:30,Granada,Sociedad,A,H,2023/2024,60.0,0.5,20.0,6,47.37,8,47.37,1.2,1.2,1.6,2.51,1.2,1.55,0,1.26,1
2024-03-31,SP1,17:30,Alaves,Sociedad,A,D,2023/2024,60.0,0.25,20.0,0,47.37,3,26.32,0.8,1.2,1.6,2.76,1.2,1.46,0,1.21,0
2024-04-21,SP1,13:00,Getafe,Sociedad,D,D,2023/2024,60.0,0.25,40.0,4,47.37,3,31.58,1.6,1.4,1.8,2.72,1.4,1.47,0,1.05,0
2024-05-13,SP1,20:00,Barcelona,Sociedad,H,H,2023/2024,40.0,-0.75,40.0,5,47.37,3,57.89,2.4,1.6,1.4,1.77,0.4,2.07,0,2.26,0
2024-05-19,SP1,18:00,Betis,Sociedad,A,A,2023/2024,20.0,0.25,60.0,9,47.37,2,36.84,1.6,1.0,1.4,2.6,1.8,1.54,0,1.42,0
2024-08-24,SP1,20:30,Espanol,Sociedad,A,D,2024/2025,0.0,0.25,0.0,3,0.0,4,75.0,0.0,0.0,1.0,2.66,1.0,1.49,0,1.5,0
2024-09-01,SP1,18:15,Getafe,Sociedad,D,D,2024/2025,0.0,0.0,0.0,1,0.0,0,0.0,0.0,0.0,0.5,3.37,0.0,1.32,0,0.75,0
2024-09-17,SP1,18:00,Mallorca,Sociedad,H,H,2024/2025,0.0,0.0,25.0,4,0.0,4,25.0,0.75,0.33,0.33,3.52,0.75,1.3,0,0.75,0
2024-09-21,SP1,13:00,Valladolid,Sociedad,D,D,2024/2025,0.0,0.25,0.0,2,0.0,4,25.0,0.33,0.25,0.25,2.63,0.0,1.5,0,0.5,0
2022-08-21,SP1,16:30,Ath Bilbao,Valencia,H,H,2022/2023,0.0,-0.75,0.0,2,42.11,0,31.58,0.5,1.0,0.0,2.12,0.0,1.76,0,1.16,0
2022-09-10,SP1,13:00,Vallecano,Valencia,H,H,2022/2023,50.0,0.0,50.0,6,42.11,4,63.16,1.0,1.5,0.5,2.33,1.5,1.61,0,1.47,1
2022-10-02,SP1,13:00,Espanol,Valencia,D,D,2022/2023,66.67,0.0,75.0,5,42.11,5,63.16,1.25,1.67,1.0,2.11,2.5,1.78,1,1.42,1
2022-10-07,SP1,20:00,Osasuna,Valencia,A,A,2022/2023,75.0,0.0,60.0,2,42.11,7,47.37,1.4,1.5,1.25,2.19,1.2,1.71,1,1.26,1
2022-10-18,SP1,18:00,Sevilla,Valencia,D,A,2022/2023,60.0,-0.25,20.0,5,42.11,5,52.63,0.6,1.4,1.2,2.06,1.6,1.85,0,1.26,0
2022-11-06,SP1,15:15,Sociedad,Valencia,D,D,2022/2023,60.0,-0.5,20.0,4,42.11,3,31.58,1.0,1.4,1.4,2.26,0.8,1.67,0,1.37,0
2022-12-31,SP1,15:15,Villarreal,Valencia,H,D,2022/2023,60.0,-0.5,40.0,8,42.11,4,52.63,1.4,1.4,1.4,1.92,1.0,1.95,0,1.89,1
2023-01-29,SP1,13:00,Valladolid,Valencia,H,D,2022/2023,40.0,0.25,20.0,6,42.11,2,47.37,0.8,1.2,1.0,2.13,0.8,1.77,0,1.11,0
2023-02-02,SP1,20:00,Real Madrid,Valencia,H,D,2022/2023,20.0,-1.25,40.0,7,42.11,0,57.89,1.6,1.4,0.6,1.65,0.6,2.32,1,2.32,0
2023-02-05,SP1,15:15,Girona,Valencia,H,D,2022/2023,20.0,-0.25,60.0,8,42.11,4,63.16,1.4,1.4,0.4,2.08,1.0,1.78,0,1.84,0
2023-02-20,SP1,20:00,Getafe,Valencia,H,D,2022/2023,20.0,0.25,20.0,6,42.11,3,42.11,1.0,1.4,0.2,3.07,0.8,1.4,0,1.11,0
2023-03-05,SP1,15:15,Barcelona,Valencia,H,H,2022/2023,0.0,-1.5,20.0,4,42.11,1,47.37,1.6,1.2,0.0,1.82,0.2,2.03,0,1.95,0
2023-03-18,SP1,20:00,Ath Madrid,Valencia,H,H,2022/2023,20.0,-1.0,60.0,6,42.11,1,57.89,2.8,1.6,0.0,2.21,0.4,1.69,0,2.16,1
2023-04-09,SP1,17:30,Almeria,Valencia,H,D,2022/2023,40.0,0.25,40.0,4,42.11,4,57.89,1.2,1.6,0.2,1.91,1.4,1.93,0,1.53,1
2023-04-23,SP1,13:00,Elche,Valencia,A,A,2022/2023,40.0,0.5,40.0,1,42.11,3,36.84,0.6,1.4,0.6,2.09,2.2,1.76,0,0.95,0
2023-04-30,SP1,13:00,Cadiz,Valencia,H,H,2022/2023,60.0,0.0,40.0,4,42.11,4,31.58,0.8,1.6,0.8,2.63,1.6,1.49,0,1.0,1
2023-05-14,SP1,13:00,Celta,Valencia,A,A,2022/2023,80.0,-0.25,60.0,6,42.11,5,52.63,1.4,1.6,1.2,2.11,1.0,1.78,1,1.37,1
2023-05-25,SP1,18:30,Mallorca,Valencia,H,D,2022/2023,60.0,0.0,20.0,3,42.11,5,21.05,1.2,1.2,1.2,2.62,0.4,1.49,0,1.16,0
2023-06-04,SP1,20:00,Betis,Valencia,D,H,2022/2023,40.0,0.0,40.0,3,42.11,3,47.37,1.4,1.0,1.2,2.15,0.8,1.7,1,1.37,0
2023-08-11,SP1,21:00,Sevilla,Valencia,A,D,2023/2024,100.0,-0.5,100.0,3,47.37,3,57.89,1.0,1.0,2.0,2.34,2.0,1.65,0,1.42,1
2023-09-02,SP1,17:30,Alaves,Valencia,H,H,2023/2024,50.0,0.25,50.0,1,47.37,4,26.32,2.5,1.0,1.0,2.77,1.5,1.46,0,1.21,0
2023-09-23,SP1,20:00,Almeria,Valencia,D,A,2023/2024,66.67,0.0,75.0,10,47.37,5,68.42,1.25,1.33,1.33,2.03,2.5,1.78,0,1.16,1
2023-10-01,SP1,20:00,Betis,Valencia,H,H,2023/2024,75.0,-0.25,25.0,7,47.37,2,36.84,1.25,1.75,1.0,2.29,0.25,1.65,0,1.42,1
2023-10-07,SP1,17:30,Mallorca,Valencia,D,D,2023/2024,60.0,-0.25,25.0,5,47.37,3,26.32,0.75,1.6,1.0,2.64,1.0,1.48,0,0.89,0
2023-10-29,SP1,17:30,Ath Bilbao,Valencia,D,H,2023/2024,60.0,-1.0,100.0,7,47.37,5,57.89,2.8,1.8,1.0,2.04,1.2,1.81,0,2.21,1
2023-11-11,SP1,20:00,Real Madrid,Valencia,H,H,2023/2024,80.0,-1.5,60.0,7,47.37,4,57.89,2.6,2.6,1.2,1.62,0.4,2.44,0,2.53,1
2023-12-02,SP1,13:00,Girona,Valencia,H,D,2023/2024,80.0,-0.75,60.0,5,47.37,3,68.42,1.8,2.6,1.0,1.86,1.4,2.0,0,2.79,1
2023-12-08,SP1,20:00,Getafe,Valencia,H,D,2023/2024,60.0,0.0,20.0,6,47.37,0,31.58,1.0,2.2,1.0,2.82,0.4,1.44,2,1.05,0
2023-12-19,SP1,18:00,Vallecano,Valencia,A,D,2023/2024,60.0,-0.25,40.0,1,47.37,3,36.84,0.8,2.0,1.0,2.33,1.2,1.65,1,0.95,0
2024-01-14,SP1,15:15,Cadiz,Valencia,A,D,2023/2024,60.0,0.0,60.0,2,47.37,5,26.32,0.8,1.8,1.4,2.84,2.0,1.42,0,0.84,1
2024-01-28,SP1,20:00,Ath Madrid,Valencia,H,H,2023/2024,40.0,-1.0,40.0,8,47.37,3,78.95,1.8,1.2,1.2,1.95,0.8,1.89,0,2.21,0
2024-02-10,SP1,20:00,Las Palmas,Valencia,H,D,2023/2024,20.0,-0.25,60.0,3,47.37,1,31.58,1.6,1.2,1.0,2.62,1.0,1.52,0,1.05,0
2024-03-17,SP1,15:15,Villarreal,Valencia,H,D,2023/2024,20.0,-0.25,20.0,7,47.37,7,73.68,1.6,1.2,1.0,1.98,0.6,1.86,0,1.89,0
2024-04-04,SP1,19:00,Granada,Valencia,A,D,2023/2024,20.0,0.25,20.0,3,47.37,2,47.37,0.8,1.2,1.0,2.25,1.4,1.69,0,1.26,0
2024-04-15,SP1,20:00,Osasuna,Valencia,A,A,2023/2024,0.0,-0.25,40.0,2,47.37,3,26.32,1.0,1.0,0.4,2.65,1.6,1.49,0,1.0,0
2024-04-29,SP1,20:00,Barcelona,Valencia,H,A,2023/2024,20.0,-1.5,60.0,13,47.37,3,57.89,2.6,1.4,0.8,1.47,1.0,2.84,1,2.26,1
2024-05-16,SP1,21:00,Sociedad,Valencia,H,H,2023/2024,20.0,-1.0,20.0,5,47.37,3,31.58,1.4,1.2,0.8,2.2,0.6,1.69,0,1.37,0
2024-05-26,SP1,15:15,Celta,Valencia,D,A,2023/2024,40.0,-0.5,80.0,4,47.37,1,42.11,2.2,1.4,1.2,1.79,1.2,2.1,0,1.11,1
2024-08-23,SP1,18:00,Celta,Valencia,H,H,2024/2025,100.0,-0.25,100.0,5,75.0,5,60.0,2.5,3.0,1.0,2.08,1.0,1.83,0,1.8,1
2024-08-28,SP1,18:00,Ath Bilbao,Valencia,H,H,2024/2025,50.0,-0.75,0.0,4,75.0,0,20.0,1.0,2.0,0.5,2.15,0.5,1.75,0,1.2,0
2024-09-15,SP1,20:00,Ath Madrid,Valencia,H,H,2024/2025,66.67,-1.25,66.67,5,75.0,1,50.0,2.0,2.33,0.33,1.87,0.0,1.95,0,1.75,1
2024-09-28,SP1,17:30,Sociedad,Valencia,H,H,2024/2025,75.0,-0.5,75.0,6,75.0,4,75.0,1.25,2.5,0.25,2.75,1.5,1.48,0,1.25,1
2022-08-19,SP1,21:00,Sevilla,Valladolid,D,D,2022/2023,0.0,-1.0,0.0,2,57.89,3,52.63,1.0,1.0,1.0,1.95,1.0,1.84,1,1.26,0
2022-08-28,SP1,18:30,Barcelona,Valladolid,H,H,2022/2023,50.0,-2.25,50.0,9,57.89,3,47.37,2.0,2.5,0.5,1.31,0.0,3.47,0,1.95,1
2022-09-09,SP1,20:00,Girona,Valladolid,H,D,2022/2023,66.67,-0.25,66.67,5,57.89,4,63.16,1.67,2.33,0.67,2.22,1.0,1.71,0,1.84,1
2022-10-01,SP1,15:15,Getafe,Valladolid,A,D,2022/2023,75.0,-0.25,75.0,6,57.89,7,42.11,1.0,2.25,1.25,2.46,1.75,1.58,0,1.11,1
2022-10-16,SP1,17:30,Espanol,Valladolid,H,D,2022/2023,60.0,-0.5,60.0,3,57.89,2,63.16,1.2,2.0,1.0,2.0,2.0,1.85,0,1.42,0
2022-10-30,SP1,13:00,Osasuna,Valladolid,H,H,2022/2023,60.0,-0.5,40.0,10,57.89,2,47.37,1.2,2.2,0.8,1.97,1.0,1.92,0,1.26,0
2022-11-08,SP1,19:00,Ath Bilbao,Valladolid,H,H,2022/2023,60.0,-1.25,60.0,6,57.89,0,31.58,2.2,2.0,0.8,1.72,0.6,2.17,0,1.16,1
2023-01-07,SP1,17:30,Mallorca,Valladolid,H,D,2022/2023,40.0,-0.5,0.0,4,57.89,1,21.05,0.6,1.8,0.6,2.66,0.6,1.5,0,1.16,0
2023-01-21,SP1,17:30,Ath Madrid,Valladolid,H,H,2022/2023,40.0,-1.5,20.0,8,57.89,1,57.89,1.4,2.0,0.0,1.8,0.6,2.09,0,2.16,1
2023-02-05,SP1,17:30,Sociedad,Valladolid,A,D,2022/2023,40.0,-1.0,20.0,4,57.89,2,31.58,1.2,1.8,0.2,2.0,1.0,1.89,0,1.37,0
2023-02-18,SP1,15:15,Betis,Valladolid,H,H,2022/2023,60.0,-0.75,60.0,10,57.89,3,47.37,1.4,1.8,0.4,1.88,1.6,2.0,0,1.37,1
2023-02-26,SP1,15:15,Celta,Valladolid,H,H,2022/2023,60.0,-0.75,20.0,4,57.89,3,52.63,1.2,1.8,0.4,1.93,0.6,2.01,1,1.37,1
2023-03-11,SP1,15:15,Elche,Valladolid,D,A,2022/2023,60.0,0.0,40.0,10,57.89,1,36.84,1.4,1.8,0.6,2.16,1.4,1.72,2,0.95,0
2023-04-02,SP1,15:15,Real Madrid,Valladolid,H,H,2022/2023,60.0,-2.25,60.0,17,57.89,2,57.89,3.2,2.4,0.6,1.35,0.4,3.33,0,2.32,1
2023-04-15,SP1,13:00,Villarreal,Valladolid,A,A,2022/2023,80.0,-1.25,40.0,7,57.89,7,52.63,1.2,2.6,0.8,1.62,1.0,2.39,0,1.89,1
2023-04-27,SP1,18:30,Valencia,Valladolid,H,A,2022/2023,80.0,-0.75,20.0,5,57.89,2,47.37,1.0,2.6,0.8,1.93,0.8,1.91,0,1.42,1
2023-05-04,SP1,21:00,Vallecano,Valladolid,H,D,2022/2023,80.0,-0.5,100.0,6,57.89,4,63.16,1.8,2.4,1.0,1.99,1.4,1.94,0,1.47,1
2023-05-19,SP1,20:00,Cadiz,Valladolid,H,D,2022/2023,80.0,-0.25,20.0,4,57.89,2,31.58,0.8,2.6,0.8,1.98,1.2,1.89,1,1.0,0
2023-05-28,SP1,18:00,Almeria,Valladolid,D,D,2022/2023,60.0,-0.25,80.0,7,57.89,2,57.89,1.6,1.4,0.8,1.78,0.8,2.05,0,1.53,0
2024-08-25,SP1,16:00,Real Madrid,Valladolid,H,D,2024/2025,100.0,-2.25,100.0,9,100.0,2,75.0,3.0,3.0,0.0,1.37,0.0,3.19,0,3.0,1
2024-08-31,SP1,16:00,Barcelona,Valladolid,H,H,2024/2025,100.0,-2.0,100.0,10,100.0,2,66.67,4.5,5.0,0.0,1.39,0.5,3.19,0,3.33,1
2024-09-15,SP1,13:00,Celta,Valladolid,H,H,2024/2025,100.0,-0.75,100.0,7,100.0,1,60.0,2.67,4.33,0.33,1.8,1.0,2.08,1,1.8,1
2024-09-24,SP1,18:00,Sevilla,Valladolid,H,H,2024/2025,100.0,-1.0,50.0,5,100.0,2,50.0,1.0,3.75,0.5,2.02,1.25,1.88,0,1.0,1
2022-08-13,SP1,20:00,Barcelona,Vallecano,D,D,2022/2023,0.0,-1.75,0.0,6,52.63,2,47.37,0.0,0.0,0.0,1.5,0.0,2.68,0,1.95,0
2022-08-19,SP1,19:00,Espanol,Vallecano,A,A,2022/2023,0.0,0.0,0.0,1,52.63,3,63.16,0.0,0.0,1.0,2.54,2.0,1.54,1,1.42,0
2022-09-04,SP1,13:00,Osasuna,Vallecano,H,D,2022/2023,33.33,-0.25,66.67,6,52.63,3,47.37,2.0,0.67,1.0,2.41,0.67,1.6,0,1.26,1
2022-09-17,SP1,20:00,Ath Bilbao,Vallecano,H,H,2022/2023,50.0,-1.0,25.0,7,52.63,2,31.58,1.0,1.25,1.25,2.06,0.75,1.81,0,1.16,1
2022-10-08,SP1,13:00,Almeria,Vallecano,H,H,2022/2023,60.0,0.25,75.0,4,52.63,4,57.89,1.5,1.6,1.2,2.2,1.25,1.73,0,1.53,1
2022-10-18,SP1,20:00,Ath Madrid,Vallecano,D,H,2022/2023,60.0,-1.0,60.0,4,52.63,4,57.89,1.6,1.8,1.4,2.21,1.4,1.72,0,2.16,0
2022-10-29,SP1,17:30,Sevilla,Vallecano,A,D,2022/2023,60.0,-0.5,20.0,4,52.63,5,52.63,0.4,1.8,1.2,2.15,1.6,1.75,0,1.26,0
2022-12-29,SP1,16:00,Girona,Vallecano,D,D,2022/2023,60.0,-0.25,60.0,7,52.63,4,63.16,1.8,1.8,1.4,2.02,2.0,1.8,0,1.84,1
2023-01-14,SP1,13:00,Valladolid,Vallecano,A,D,2022/2023,40.0,0.0,40.0,2,52.63,6,47.37,1.4,1.2,1.2,2.29,1.0,1.67,0,1.11,0
2023-01-30,SP1,20:00,Villarreal,Vallecano,A,D,2022/2023,20.0,-0.75,40.0,3,52.63,3,52.63,1.0,0.6,1.2,1.93,1.0,1.89,0,1.89,0
2023-02-12,SP1,13:00,Getafe,Vallecano,D,A,2022/2023,20.0,0.0,20.0,4,52.63,4,42.11,0.8,0.6,1.2,2.96,0.8,1.43,0,1.11,0
2023-02-25,SP1,15:15,Cadiz,Vallecano,H,D,2022/2023,20.0,0.0,0.0,3,52.63,2,31.58,1.4,0.8,1.0,2.6,0.4,1.53,1,1.0,0
2023-03-11,SP1,17:30,Celta,Vallecano,H,D,2022/2023,20.0,-0.5,40.0,6,52.63,3,52.63,1.6,1.0,0.6,2.24,0.4,1.66,0,1.37,1
2023-04-03,SP1,20:00,Valencia,Vallecano,D,A,2022/2023,20.0,-0.5,40.0,4,52.63,2,47.37,1.2,1.2,0.6,2.3,1.0,1.65,0,1.42,0
2023-04-22,SP1,17:30,Sociedad,Vallecano,H,D,2022/2023,40.0,-0.75,20.0,1,52.63,2,31.58,1.4,1.6,0.6,2.26,0.4,1.68,0,1.37,1
2023-04-29,SP1,15:15,Elche,Vallecano,H,H,2022/2023,60.0,0.5,60.0,9,52.63,3,36.84,1.4,2.2,0.4,2.19,2.0,1.74,1,0.95,1
2023-05-15,SP1,20:00,Betis,Vallecano,H,H,2022/2023,80.0,-0.25,40.0,5,52.63,4,47.37,1.4,2.6,0.6,2.03,0.8,1.82,1,1.37,1
2023-05-24,SP1,18:30,Real Madrid,Vallecano,H,H,2022/2023,80.0,-1.5,60.0,3,52.63,6,57.89,2.2,2.4,0.8,1.5,1.2,2.61,0,2.32,1
2023-06-04,SP1,17:30,Mallorca,Vallecano,H,D,2022/2023,100.0,0.25,40.0,4,52.63,4,21.05,1.8,2.8,0.6,2.35,0.4,1.59,0,1.16,1
2023-08-11,SP1,18:30,Almeria,Vallecano,A,A,2023/2024,0.0,0.0,0.0,5,36.84,4,68.42,0.0,0.0,2.0,2.27,2.0,1.67,0,1.16,0
2023-08-21,SP1,20:30,Granada,Vallecano,A,D,2023/2024,0.0,0.0,0.0,7,36.84,9,47.37,0.0,0.0,2.0,2.38,2.0,1.61,0,1.26,0
2023-09-02,SP1,20:00,Betis,Vallecano,H,D,2023/2024,0.0,-0.5,0.0,5,36.84,6,36.84,0.5,0.33,1.33,2.24,0.0,1.65,0,1.42,0
2023-09-27,SP1,20:30,Cadiz,Vallecano,D,D,2023/2024,0.0,0.0,25.0,2,36.84,4,26.32,1.25,0.25,1.0,2.37,0.5,1.63,1,0.84,0
2023-10-07,SP1,20:00,Sevilla,Vallecano,D,A,2023/2024,20.0,-0.75,80.0,6,36.84,4,57.89,2.0,0.6,1.2,1.97,1.4,1.89,0,1.42,1
2023-10-22,SP1,13:00,Las Palmas,Vallecano,A,D,2023/2024,20.0,0.0,20.0,6,36.84,4,31.58,0.8,0.6,1.0,2.53,0.6,1.53,1,1.05,0
2023-11-05,SP1,20:00,Real Madrid,Vallecano,D,D,2023/2024,20.0,-1.75,60.0,5,36.84,0,57.89,2.0,0.6,0.6,1.49,0.4,2.63,0,2.53,0
2023-12-02,SP1,15:15,Ath Bilbao,Vallecano,H,H,2023/2024,40.0,-1.25,100.0,4,36.84,3,57.89,3.0,1.2,0.6,1.68,1.4,2.25,0,2.21,1
2023-12-15,SP1,20:00,Osasuna,Vallecano,H,D,2023/2024,40.0,-0.25,20.0,4,36.84,3,26.32,1.4,1.4,0.6,2.39,1.2,1.58,0,1.0,0
2024-01-02,SP1,16:00,Getafe,Vallecano,A,A,2023/2024,20.0,-0.25,20.0,0,36.84,8,31.58,1.0,1.0,0.6,2.69,0.8,1.46,0,1.05,0
2024-01-27,SP1,13:00,Sociedad,Vallecano,D,D,2023/2024,20.0,-0.75,20.0,3,36.84,0,31.58,0.6,1.0,0.4,2.74,0.6,1.47,0,1.37,0
2024-01-31,SP1,20:00,Ath Madrid,Vallecano,H,D,2023/2024,40.0,-0.75,60.0,3,36.84,2,78.95,2.0,1.4,0.6,2.0,1.0,1.88,0,2.21,1
2024-02-11,SP1,15:15,Mallorca,Vallecano,H,D,2023/2024,40.0,-0.25,40.0,5,36.84,4,26.32,1.4,1.0,0.8,3.32,1.0,1.34,0,0.89,1
2024-02-26,SP1,20:00,Girona,Vallecano,H,D,2023/2024,60.0,-0.75,80.0,8,36.84,1,68.42,3.0,1.4,0.8,1.76,0.8,2.11,1,2.79,1
2024-03-10,SP1,13:00,Alaves,Vallecano,H,H,2023/2024,60.0,-0.5,20.0,4,36.84,3,26.32,1.0,1.6,0.4,2.6,1.0,1.52,0,1.21,0
2024-03-31,SP1,13:00,Celta,Vallecano,D,D,2023/2024,60.0,-0.5,20.0,0,36.84,2,42.11,0.4,1.6,0.4,2.03,0.8,1.9,0,1.11,0
2024-04-28,SP1,17:30,Villarreal,Vallecano,H,H,2023/2024,60.0,-0.75,60.0,7,36.84,4,73.68,2.2,1.8,0.2,1.92,0.8,1.89,0,1.89,1
2024-05-12,SP1,17:30,Valencia,Vallecano,D,D,2023/2024,40.0,-0.25,20.0,5,36.84,1,36.84,0.4,1.4,0.0,2.57,0.6,1.53,0,1.05,0
2024-05-19,SP1,18:00,Barcelona,Vallecano,H,H,2023/2024,40.0,-1.5,40.0,6,36.84,4,57.89,2.2,1.4,0.0,1.48,0.4,2.83,0,2.26,1
2024-08-18,SP1,18:00,Sociedad,Vallecano,A,D,2024/2025,100.0,-0.75,100.0,5,50.0,5,75.0,1.0,1.0,2.0,2.58,2.0,1.48,0,1.25,1
2024-08-24,SP1,20:30,Getafe,Vallecano,D,D,2024/2025,50.0,-0.25,0.0,0,50.0,1,0.0,0.0,0.5,1.0,3.19,0.0,1.33,0,0.75,0
2024-08-31,SP1,18:15,Espanol,Vallecano,H,D,2024/2025,66.67,0.0,50.0,5,50.0,5,75.0,1.0,1.0,1.0,2.8,1.0,1.44,0,1.5,1
2024-09-25,SP1,18:00,Girona,Vallecano,D,D,2024/2025,50.0,-0.75,66.67,0,50.0,0,66.67,1.67,0.75,0.75,1.95,1.33,1.89,0,1.67,0
2022-08-13,SP1,18:00,Valladolid,Villarreal,A,D,2022/2023,100.0,0.25,100.0,6,47.37,4,47.37,0.0,0.0,3.0,2.05,3.0,1.81,0,1.11,1
2022-08-21,SP1,18:30,Ath Madrid,Villarreal,A,D,2022/2023,50.0,-0.5,0.0,5,47.37,5,57.89,0.0,0.0,2.5,2.05,2.0,1.79,0,2.16,0
2022-08-28,SP1,16:30,Getafe,Villarreal,D,D,2022/2023,33.33,0.75,50.0,2,47.37,6,42.11,0.0,0.0,1.67,2.09,1.5,1.78,0,1.11,0
2022-09-11,SP1,20:00,Betis,Villarreal,H,D,2022/2023,25.0,0.25,33.33,5,47.37,3,47.37,1.67,0.25,1.25,1.92,0.0,1.92,0,1.37,0
2022-10-01,SP1,13:00,Cadiz,Villarreal,D,D,2022/2023,20.0,0.75,50.0,2,47.37,6,31.58,0.0,0.2,1.0,2.04,2.25,1.79,0,1.0,0
2022-10-09,SP1,17:30,Sociedad,Villarreal,H,H,2022/2023,0.0,0.0,50.0,5,47.37,1,31.58,1.25,0.4,0.4,2.04,1.5,1.84,0,1.37,0
2022-10-20,SP1,20:00,Barcelona,Villarreal,H,H,2022/2023,20.0,-1.25,60.0,5,47.37,1,47.37,2.2,1.0,0.0,1.53,0.0,2.58,0,1.95,1
2022-10-30,SP1,17:30,Ath Bilbao,Villarreal,H,D,2022/2023,20.0,-0.25,40.0,7,47.37,3,31.58,1.6,1.2,0.0,1.95,0.8,1.89,0,1.16,0
2022-11-09,SP1,19:00,Espanol,Villarreal,A,D,2022/2023,20.0,0.0,60.0,6,47.37,3,63.16,1.4,1.0,0.2,1.97,1.6,1.98,0,1.42,0
2023-01-13,SP1,20:00,Celta,Villarreal,D,A,2022/2023,20.0,0.0,40.0,8,47.37,1,52.63,1.0,1.2,0.4,2.06,1.4,1.81,0,1.37,0
2023-02-04,SP1,15:15,Elche,Villarreal,H,H,2022/2023,40.0,0.75,40.0,7,47.37,2,36.84,1.0,1.6,0.6,1.93,1.2,1.91,0,0.95,1
2023-02-18,SP1,17:30,Mallorca,Villarreal,H,H,2022/2023,40.0,0.0,20.0,5,47.37,4,21.05,1.6,1.8,1.0,2.83,0.4,1.44,1,1.16,1
2023-03-04,SP1,15:15,Almeria,Villarreal,A,D,2022/2023,40.0,0.25,40.0,0,47.37,6,57.89,1.4,1.6,1.4,1.82,1.4,2.08,0,1.53,0
2023-03-19,SP1,15:15,Osasuna,Villarreal,A,A,2022/2023,60.0,0.25,20.0,2,47.37,6,47.37,0.2,1.6,1.8,2.28,1.2,1.65,0,1.26,1
2023-04-08,SP1,20:00,Real Madrid,Villarreal,A,D,2022/2023,80.0,-1.25,80.0,4,47.37,8,57.89,3.2,1.8,2.2,1.51,1.0,2.67,0,2.32,1
2023-04-23,SP1,20:00,Sevilla,Villarreal,H,H,2022/2023,80.0,0.0,80.0,4,47.37,5,52.63,2.0,1.6,2.2,1.97,1.4,1.9,0,1.26,1
2023-05-03,SP1,18:30,Valencia,Villarreal,D,D,2022/2023,60.0,0.0,20.0,1,47.37,4,47.37,1.0,1.0,2.0,1.92,1.0,1.96,0,1.42,0
2023-05-20,SP1,13:00,Girona,Villarreal,A,D,2022/2023,80.0,0.0,80.0,3,47.37,5,63.16,2.2,1.2,2.0,1.51,1.2,2.61,0,1.84,1
2023-05-28,SP1,18:00,Vallecano,Villarreal,H,D,2022/2023,80.0,0.25,100.0,4,47.37,2,63.16,1.8,1.6,1.6,1.63,1.2,2.37,0,1.47,1
2023-08-18,SP1,18:30,Mallorca,Villarreal,A,D,2023/2024,0.0,0.0,0.0,1,57.89,3,26.32,0.0,0.0,1.0,2.16,1.0,1.68,0,0.89,0
2023-09-01,SP1,18:30,Cadiz,Villarreal,H,H,2023/2024,50.0,0.25,33.33,4,57.89,3,26.32,1.67,1.5,1.0,1.82,0.67,2.13,1,0.84,1
2023-09-24,SP1,15:15,Vallecano,Villarreal,D,D,2023/2024,33.33,0.0,33.33,6,57.89,6,36.84,1.0,1.33,1.0,1.81,2.67,2.07,1,0.95,0
2023-09-30,SP1,13:00,Getafe,Villarreal,D,D,2023/2024,25.0,0.0,25.0,9,57.89,0,31.58,1.0,1.0,0.75,2.28,0.5,1.65,1,1.05,0
2023-10-30,SP1,20:00,Granada,Villarreal,A,A,2023/2024,40.0,0.25,80.0,8,57.89,5,47.37,2.0,1.2,1.2,1.67,2.4,2.33,0,1.26,1
2023-11-12,SP1,20:00,Ath Madrid,Villarreal,H,D,2023/2024,60.0,-1.5,100.0,10,57.89,7,78.95,2.6,1.8,1.2,1.45,1.2,2.89,0,2.21,1
2023-12-03,SP1,17:30,Sevilla,Villarreal,D,D,2023/2024,40.0,-0.5,40.0,4,57.89,4,57.89,2.0,1.4,1.2,1.68,1.2,2.28,0,1.42,0
2023-12-17,SP1,20:00,Real Madrid,Villarreal,H,H,2023/2024,60.0,-2.0,60.0,9,57.89,1,57.89,3.0,2.0,1.2,1.35,0.4,3.37,0,2.53,1
2024-01-02,SP1,20:30,Valencia,Villarreal,H,H,2023/2024,80.0,-0.25,20.0,8,57.89,4,36.84,1.4,2.6,1.4,1.99,0.4,1.87,0,1.05,1
2024-01-13,SP1,13:00,Las Palmas,Villarreal,H,H,2023/2024,80.0,0.0,60.0,3,57.89,3,31.58,1.8,2.8,0.8,1.81,0.8,2.1,0,1.05,1
2024-01-27,SP1,17:30,Barcelona,Villarreal,A,A,2023/2024,80.0,-1.5,80.0,10,57.89,6,57.89,2.2,2.8,1.6,1.33,2.4,3.42,0,2.26,1
2024-02-10,SP1,13:00,Alaves,Villarreal,D,D,2023/2024,80.0,-0.25,20.0,4,57.89,4,26.32,0.6,2.8,1.6,1.99,1.2,1.91,0,1.21,0
2024-02-23,SP1,20:00,Sociedad,Villarreal,A,A,2023/2024,80.0,-0.75,20.0,8,57.89,4,31.58,0.4,2.2,2.0,1.85,1.0,2.02,0,1.37,1
2024-03-10,SP1,20:00,Betis,Villarreal,A,H,2023/2024,80.0,-0.25,60.0,4,57.89,4,36.84,1.6,2.0,2.4,1.79,1.8,2.09,1,1.42,1
2024-04-14,SP1,17:30,Ath Bilbao,Villarreal,D,D,2023/2024,60.0,-1.0,40.0,6,57.89,2,57.89,2.0,1.6,2.6,1.66,0.6,2.25,1,2.21,0
2024-04-21,SP1,15:15,Almeria,Villarreal,A,D,2023/2024,60.0,0.5,80.0,5,57.89,3,68.42,1.0,1.2,2.0,1.45,1.8,2.78,0,1.16,1
2024-05-05,SP1,15:15,Celta,Villarreal,H,H,2023/2024,80.0,0.0,60.0,7,57.89,3,42.11,1.8,1.6,2.2,1.62,1.0,2.36,1,1.11,1
2024-05-14,SP1,21:00,Girona,Villarreal,A,D,2023/2024,60.0,-0.75,60.0,5,57.89,3,68.42,2.6,1.4,1.8,1.34,1.2,3.26,1,2.79,0
2024-05-25,SP1,13:00,Osasuna,Villarreal,D,H,2023/2024,40.0,0.0,20.0,6,57.89,3,26.32,0.8,1.2,1.4,1.51,1.8,2.68,0,1.0,0
2024-08-23,SP1,20:30,Sevilla,Villarreal,A,D,2024/2025,100.0,-0.25,100.0,9,75.0,5,50.0,1.0,1.0,2.0,1.74,2.0,2.15,0,1.0,1
2024-08-31,SP1,20:30,Valencia,Villarreal,D,D,2024/2025,50.0,0.0,50.0,6,75.0,3,25.0,1.0,1.0,1.5,2.04,1.5,1.73,1,1.0,0
2024-09-14,SP1,13:00,Mallorca,Villarreal,A,A,2024/2025,66.67,-0.25,33.33,5,75.0,4,25.0,0.67,1.0,1.67,2.17,1.0,1.73,0,0.75,1
2024-09-26,SP1,18:00,Espanol,Villarreal,A,D,2024/2025,75.0,0.25,75.0,2,75.0,4,75.0,1.5,1.0,1.75,1.8,1.5,2.07,0,1.5,1
